------------------------------------------------------------------------------------------------------------
TIMING run=7499   total 60.6s (1.0 min)
   Call 1 extraction             60.3s  99.6%  #######################################
   PDF parse (no AI)              0.3s   0.4%  
   (other / overlap)              0.0s
------------------------------------------------------------------------------------------------------------

============================================================================================================
RUN d168  started 2026-08-26 16:47:36  |  contract=tmp2joi63l7.pdf template_fields=87
============================================================================================================
16:47:36 | run=d168 | CALL2    | ATTEMPT   | 55 clause(s) in ONE call | est answer ~18,205 of 45,875 tok budget (40%)
16:48:22 | run=d168 | CALL2    | SPOTCHECK | re-asked 8 of 31 rejected clause(s) | longest first — length is what dilutes attention
16:48:22 | run=d168 | CALL2    | DILUTED   | clause(s) [26, 25] rule-bearing in a batch of 8 | the single call marked them not_rule_bearing — rules would have been lost
16:48:22 | run=d168 | CALL2    | SIZING    | 23 clause(s) -> batch size 12 | answer ~7,232 tok of 45,875 budget; fits 145, capped at _CALL2_SINGLE_MAX=12
16:48:22 | run=d168 | CALL2    | FALLBACK  | 23 item(s) -> 2 batch(es) of 12 | DILUTED; re-asking only still-rejected clauses — 32 of 55 already trusted (accepted, or re-checked by the spot-check)
16:48:33 | run=d168 | CACHE    | HIT       | generic_bind 574c90146b0c | answer reused — this model call did NOT happen
16:48:33 | run=d168 | CALL3    | SKIPPED   | library bind for 49 rule(s) served from cache | answer depends only on (library rows, template fields) — no contract input, so it is reused rather than re-bought
16:48:33 | run=d168 | CALL3    | ATTEMPT   | contract: 32 intent(s) in ONE call
16:49:45 | run=d168 | CALL3    | OK        | contract: all 32 answered in ONE call | 10 DECLINED (no matching column) — a valid verdict, NOT a reason to re-batch; they go to relaxed retry / review
16:50:37 | run=d168 | CACHE    | HIT       | formula_infer 2531480a553a | answer reused — this model call did NOT happen
16:50:37 | run=d168 | CACHE    | HIT       | var_topup a6469d527fe9 | answer reused — this model call did NOT happen
------------------------------------------------------------------------------------------------------------
TIMING run=d168   total 185.1s (3.1 min)
   Call 3 mapping               123.9s  66.9%  ##########################
   Call 2 intents                57.5s  31.1%  ############
   Verify + compile (no AI)       1.0s   0.5%  
   Formula inference              0.0s   0.0%  
   (other / overlap)              2.6s
------------------------------------------------------------------------------------------------------------
17:20:46 | run=2c82 | CALL2    | SIZING    | 23 clause(s) -> batch size 23 | tokens allow 326; attention cap 27 (single call diluted at 55; bisecting to 27)
17:20:46 | run=2c82 | CALL2    | SIZING    | 23 clause(s) -> batch size 12 | tokens allow 326; attention cap 12 (no observed failure to bisect; using measured-safe 12)
17:20:46 | run=2c82 | CALL2    | SIZING    | 80 clause(s) -> batch size 75 | tokens allow 326; attention cap 75 (single call diluted at 150; bisecting to 75)
17:23:13 | run=8fb3 | CALL2    | SIZING    | 23 clause(s) -> batch size 23 | tokens allow 326; attention cap 27 (single call diluted at 55; bisecting to 27)
17:23:13 | run=8fb3 | CALL2    | SIZING    | 23 clause(s) -> batch size 23 | tokens allow 113; attention cap 27 (single call diluted at 55; bisecting to 27)
17:23:13 | run=8fb3 | CALL2    | SIZING    | 23 clause(s) -> batch size 23 | tokens allow 47; attention cap 27 (single call diluted at 55; bisecting to 27)
17:23:13 | run=8fb3 | CALL2    | SIZING    | 23 clause(s) -> batch size 18 | tokens allow 18; attention cap 27 (single call diluted at 55; bisecting to 27)
17:23:13 | run=8fb3 | CALL2    | SIZING    | 23 clause(s) -> batch size 6 | tokens allow 6; attention cap 27 (single call diluted at 55; bisecting to 27)
17:23:13 | run=8fb3 | CALL2    | SIZING    | 23 clause(s) -> batch size 1 | tokens allow 1; attention cap 27 (single call diluted at 55; bisecting to 27)

============================================================================================================
RUN 296e  started 2026-08-27 08:46:53  |  contract=tmpjw7jtqwa.pdf template_fields=87
============================================================================================================
------------------------------------------------------------------------------------------------------------
TIMING run=296e   total 92.4s (1.5 min)
   Call 1 extraction             92.1s  99.7%  #######################################
   PDF parse (no AI)              0.2s   0.3%  
   (other / overlap)              0.0s
------------------------------------------------------------------------------------------------------------

============================================================================================================
RUN 8bd2  started 2026-08-27 08:50:02  |  contract=tmp232864__.pdf template_fields=87
============================================================================================================
08:50:02 | run=8bd2 | CALL2    | ATTEMPT   | 46 clause(s) in ONE call | est answer ~17,390 of 45,875 tok budget (38%)
08:50:44 | run=8bd2 | CALL2    | SPOTCHECK | re-asked 8 of 22 rejected clause(s) | longest first — length is what dilutes attention
08:50:44 | run=8bd2 | CALL2    | DILUTED   | clause(s) [24, 23] rule-bearing in a batch of 8 | the single call marked them not_rule_bearing — rules would have been lost
08:50:44 | run=8bd2 | CALL2    | SIZING    | 14 clause(s) -> batch size 14 | tokens allow 148; attention cap 23 (single call diluted at 46; bisecting to 23)
08:50:44 | run=8bd2 | CALL2    | FALLBACK  | 14 item(s) -> 1 batch(es) of 14 | round 1/2; 32 of 46 already trusted (accepted, or re-checked by the spot-check)
08:50:57 | run=8bd2 | CALL2    | SPOTCHECK | re-asked 8 of 14 rejected clause(s) | longest first — length is what dilutes attention
08:50:57 | run=8bd2 | CALL2    | OK        | single call accepted for all 14 clause(s) | spot-check found no false negatives
08:50:57 | run=8bd2 | CACHE    | HIT       | generic_bind 574c90146b0c | answer reused — this model call did NOT happen
08:50:57 | run=8bd2 | CALL3    | SKIPPED   | library bind for 49 rule(s) served from cache | answer depends only on (library rows, template fields) — no contract input, so it is reused rather than re-bought
08:50:57 | run=8bd2 | CALL3    | ATTEMPT   | contract: 32 intent(s) in ONE call
08:53:32 | run=8bd2 | CALL3    | OK        | contract: all 32 answered in ONE call | 9 DECLINED (no matching column) — a valid verdict, NOT a reason to re-batch; they go to relaxed retry / review
08:54:17 | run=8bd2 | CACHE    | HIT       | formula_infer 2531480a553a | answer reused — this model call did NOT happen
08:54:17 | run=8bd2 | CACHE    | MISS      | var_topup 8859cf58cd39 | no stored answer for this exact input — model call required
------------------------------------------------------------------------------------------------------------
TIMING run=8bd2   total 263.0s (4.4 min)
   Call 3 mapping               200.1s  76.1%  ##############################
   Call 2 intents                55.0s  20.9%  ########
   Verify + compile (no AI)       5.2s   2.0%  
   Formula inference              0.0s   0.0%  
   (other / overlap)              2.7s
------------------------------------------------------------------------------------------------------------

============================================================================================================
RUN 0294  started 2026-09-02 15:16:24  |  contract=tmpo9k4cg9_.pdf template_fields=134
============================================================================================================

============================================================================================================
RUN 3697  started 2026-09-03 10:33:56  |  contract=tmph_2kdivf.pdf template_fields=29
============================================================================================================
------------------------------------------------------------------------------------------------------------
TIMING run=3697   total 112.0s (1.9 min)
   Call 1 extraction            111.7s  99.8%  #######################################
   PDF parse (no AI)              0.2s   0.2%  
   (other / overlap)              0.0s
------------------------------------------------------------------------------------------------------------

============================================================================================================
RUN c74f  started 2026-09-03 14:27:57  |  contract=tmpg2b_l1vp.pdf template_fields=87
============================================================================================================
------------------------------------------------------------------------------------------------------------
TIMING run=c74f   total 54.0s (0.9 min)
   Call 1 extraction             53.5s  99.1%  #######################################
   PDF parse (no AI)              0.5s   0.9%  
   (other / overlap)              0.0s
------------------------------------------------------------------------------------------------------------

============================================================================================================
RUN 442e  started 2026-09-03 14:28:58  |  contract=tmp55jcu_cv.pdf template_fields=87
============================================================================================================
14:28:58 | run=442e | CALL2    | ATTEMPT   | 55 clause(s) in ONE call | est answer ~18,205 of 45,875 tok budget (40%)
14:29:49 | run=442e | CALL2    | SPOTCHECK | re-asked 8 of 31 rejected clause(s) | longest first — length is what dilutes attention
14:29:49 | run=442e | CALL2    | DILUTED   | clause(s) [26, 25] rule-bearing in a batch of 8 | the single call marked them not_rule_bearing — rules would have been lost
14:29:49 | run=442e | CALL2    | SIZING    | 23 clause(s) -> batch size 23 | tokens allow 145; attention cap 27 (single call diluted at 55; bisecting to 27)
14:29:49 | run=442e | CALL2    | FALLBACK  | 23 item(s) -> 1 batch(es) of 23 | round 1/2; 32 of 55 already trusted (accepted, or re-checked by the spot-check)
14:30:06 | run=442e | CALL2    | SPOTCHECK | re-asked 8 of 22 rejected clause(s) | longest first — length is what dilutes attention
14:30:06 | run=442e | CALL2    | DILUTED   | clause(s) [13] rule-bearing in a batch of 8 | the single call marked them not_rule_bearing — rules would have been lost
14:30:06 | run=442e | CALL2    | SIZING    | 14 clause(s) -> batch size 12 | tokens allow 161; attention cap 12 (single call diluted at 23; bisecting to 12)
14:30:06 | run=442e | CALL2    | FALLBACK  | 14 item(s) -> 2 batch(es) of 12 | round 2/2; 41 of 55 already trusted (accepted, or re-checked by the spot-check)
14:30:15 | run=442e | CACHE    | MISS      | generic_bind 574c90146b0c | no stored answer for this exact input — model call required
14:30:15 | run=442e | CALL3    | ATTEMPT   | contract: 33 intent(s) in ONE call
14:31:40 | run=442e | CALL3    | OK        | contract: all 33 answered in ONE call | 13 DECLINED (no matching column) — a valid verdict, NOT a reason to re-batch; they go to relaxed retry / review
14:31:40 | run=442e | CALL3    | ATTEMPT   | library: 49 intent(s) in ONE call
14:33:30 | run=442e | CALL3    | OK        | library: all 49 answered in ONE call | 24 DECLINED (no matching column) — a valid verdict, NOT a reason to re-batch; they go to relaxed retry / review
14:34:45 | run=442e | CACHE    | MISS      | formula_infer 2531480a553a | no stored answer for this exact input — model call required
14:35:06 | run=442e | CACHE    | MISS      | var_topup ceffd0b9da4d | no stored answer for this exact input — model call required
------------------------------------------------------------------------------------------------------------
TIMING run=442e   total 376.8s (6.3 min)
   Call 3 mapping               270.0s  71.7%  ############################
   Call 2 intents                76.6s  20.3%  ########
   Formula inference             20.5s   5.4%  ##
   Verify + compile (no AI)       6.9s   1.8%  
   (other / overlap)              2.8s
------------------------------------------------------------------------------------------------------------

============================================================================================================
RUN 257c  started 2026-09-03 16:09:44  |  contract=tmp7bgl443v.pdf template_fields=87
============================================================================================================
------------------------------------------------------------------------------------------------------------
TIMING run=257c   total 99.2s (1.7 min)
   Call 1 extraction             98.9s  99.7%  #######################################
   PDF parse (no AI)              0.2s   0.3%  
   (other / overlap)              0.0s
------------------------------------------------------------------------------------------------------------

============================================================================================================
RUN daee  started 2026-09-03 16:11:27  |  contract=tmp69rzgdds.pdf template_fields=87
============================================================================================================
16:11:27 | run=daee | CALL2    | ATTEMPT   | 46 clause(s) in ONE call | est answer ~17,447 of 45,875 tok budget (38%)
16:12:10 | run=daee | CALL2    | SPOTCHECK | re-asked 8 of 22 rejected clause(s) | longest first — length is what dilutes attention
16:12:10 | run=daee | CALL2    | DILUTED   | clause(s) [24, 23] rule-bearing in a batch of 8 | the single call marked them not_rule_bearing — rules would have been lost
16:12:10 | run=daee | CALL2    | SIZING    | 14 clause(s) -> batch size 14 | tokens allow 148; attention cap 23 (single call diluted at 46; bisecting to 23)
16:12:10 | run=daee | CALL2    | FALLBACK  | 14 item(s) -> 1 batch(es) of 14 | round 1/2; 32 of 46 already trusted (accepted, or re-checked by the spot-check)
16:12:22 | run=daee | CALL2    | SPOTCHECK | re-asked 8 of 14 rejected clause(s) | longest first — length is what dilutes attention
16:12:22 | run=daee | CALL2    | OK        | single call accepted for all 14 clause(s) | spot-check found no false negatives
16:12:22 | run=daee | CACHE    | MISS      | generic_bind 16b819576e61 | no stored answer for this exact input — model call required
16:12:22 | run=daee | CALL3    | ATTEMPT   | contract: 32 intent(s) in ONE call
16:13:44 | run=daee | CALL3    | OK        | contract: all 32 answered in ONE call | 10 DECLINED (no matching column) — a valid verdict, NOT a reason to re-batch; they go to relaxed retry / review
16:13:44 | run=daee | CALL3    | ATTEMPT   | library: 49 intent(s) in ONE call
16:15:23 | run=daee | CALL3    | OK        | library: all 49 answered in ONE call | 28 DECLINED (no matching column) — a valid verdict, NOT a reason to re-batch; they go to relaxed retry / review
16:16:21 | run=daee | CACHE    | MISS      | formula_infer 4affc9393d12 | no stored answer for this exact input — model call required
16:16:38 | run=daee | CACHE    | MISS      | var_topup 4d8bae4807ea | no stored answer for this exact input — model call required
------------------------------------------------------------------------------------------------------------
TIMING run=daee   total 319.9s (5.3 min)
   Call 3 mapping               238.6s  74.6%  #############################
   Call 2 intents                55.6s  17.4%  ######
   Formula inference             16.7s   5.2%  ##
   Verify + compile (no AI)       6.6s   2.1%  
   (other / overlap)              2.5s
------------------------------------------------------------------------------------------------------------
16:16:47 | run=daee | REGEN    | CARRY     | prior contract 1 matched at L1 | 38 identical kept, 6 new + 6 changed -> review, 4 not regenerated (carried)

============================================================================================================
RUN 2b6d  started 2026-09-09 11:37:32  |  contract=tmpvxa5cnz2.pdf template_fields=0
============================================================================================================
------------------------------------------------------------------------------------------------------------
TIMING run=2b6d   total 86.3s (1.4 min)
   Call 1 extraction             86.1s  99.7%  #######################################
   PDF parse (no AI)              0.2s   0.2%  
   (other / overlap)              0.0s
------------------------------------------------------------------------------------------------------------

============================================================================================================
RUN 1f5b  started 2026-09-09 11:39:09  |  contract=tmp0tyrpy72.pdf template_fields=0
============================================================================================================
11:39:09 | run=1f5b | CALL2    | ATTEMPT   | 41 clause(s) in ONE call | est answer ~16,337 of 45,875 tok budget (36%)
11:39:53 | run=1f5b | CALL2    | SPOTCHECK | re-asked 8 of 17 rejected clause(s) | longest first — length is what dilutes attention
11:39:53 | run=1f5b | CALL2    | OK        | single call accepted for all 41 clause(s) | spot-check found no false negatives
------------------------------------------------------------------------------------------------------------
TIMING run=1f5b   total 45.4s (0.8 min)
   Call 2 intents                43.6s  95.9%  ######################################
   (other / overlap)              1.9s
------------------------------------------------------------------------------------------------------------

============================================================================================================
RUN 6d06  started 2026-09-10 09:52:57  |  contract=tmporw6vgj4.pdf template_fields=0
============================================================================================================
------------------------------------------------------------------------------------------------------------
TIMING run=6d06   total 95.3s (1.6 min)
   Call 1 extraction             95.1s  99.8%  #######################################
   PDF parse (no AI)              0.2s   0.2%  
   (other / overlap)              0.0s
------------------------------------------------------------------------------------------------------------

============================================================================================================
RUN d95d  started 2026-09-10 09:57:18  |  contract=tmp4hi9d37i.pdf template_fields=0
============================================================================================================
------------------------------------------------------------------------------------------------------------
TIMING run=d95d   total 51.5s (0.9 min)
   Call 1 extraction             51.3s  99.6%  #######################################
   PDF parse (no AI)              0.2s   0.4%  
   (other / overlap)              0.0s
------------------------------------------------------------------------------------------------------------

============================================================================================================
RUN 1134  started 2026-09-10 10:01:51  |  contract=tmp8dsf5uoe.pdf template_fields=0
============================================================================================================
10:01:51 | run=1134 | CALL2    | ATTEMPT   | 55 clause(s) in ONE call | est answer ~18,205 of 45,875 tok budget (40%)
10:02:39 | run=1134 | CALL2    | SPOTCHECK | re-asked 8 of 31 rejected clause(s) | longest first — length is what dilutes attention
10:02:39 | run=1134 | CALL2    | DILUTED   | clause(s) [26, 25] rule-bearing in a batch of 8 | the single call marked them not_rule_bearing — rules would have been lost
10:02:39 | run=1134 | CALL2    | SIZING    | 23 clause(s) -> batch size 23 | tokens allow 145; attention cap 27 (single call diluted at 55; bisecting to 27)
10:02:39 | run=1134 | CALL2    | FALLBACK  | 23 item(s) -> 1 batch(es) of 23 | round 1/2; 32 of 55 already trusted (accepted, or re-checked by the spot-check)
10:02:55 | run=1134 | CALL2    | SPOTCHECK | re-asked 8 of 22 rejected clause(s) | longest first — length is what dilutes attention
10:02:55 | run=1134 | CALL2    | DILUTED   | clause(s) [13] rule-bearing in a batch of 8 | the single call marked them not_rule_bearing — rules would have been lost
10:02:55 | run=1134 | CALL2    | SIZING    | 14 clause(s) -> batch size 12 | tokens allow 161; attention cap 12 (single call diluted at 23; bisecting to 12)
10:02:55 | run=1134 | CALL2    | FALLBACK  | 14 item(s) -> 2 batch(es) of 12 | round 2/2; 41 of 55 already trusted (accepted, or re-checked by the spot-check)
------------------------------------------------------------------------------------------------------------
TIMING run=1134   total 74.1s (1.2 min)
   Call 2 intents                72.3s  97.6%  #######################################
   (other / overlap)              1.8s
------------------------------------------------------------------------------------------------------------
17:26:31 | run=83f9 | CACHE    | MISS      | rule_intents f647bc4cb317 | no stored answer for this exact input — model call required
17:26:31 | run=83f9 | CACHE    | HIT       | rule_intents f647bc4cb317 | answer reused — this model call did NOT happen

============================================================================================================
RUN 30d1  started 2026-09-10 17:41:40  |  contract=tmpfaq70uez.pdf template_fields=0
============================================================================================================

============================================================================================================
RUN 0e87  started 2026-09-10 17:42:25  |  contract=tmpmc_6en0g.pdf template_fields=0
============================================================================================================
------------------------------------------------------------------------------------------------------------
TIMING run=0e87   total 83.9s (1.4 min)
   Call 1 extraction             83.7s  99.7%  #######################################
   PDF parse (no AI)              0.2s   0.3%  
   (other / overlap)              0.0s
------------------------------------------------------------------------------------------------------------

============================================================================================================
RUN 5052  started 2026-09-10 17:43:53  |  contract=tmp14kmtuby.pdf template_fields=0
============================================================================================================
17:43:53 | run=5052 | CACHE    | MISS      | rule_intents db89647f3fb5 | no stored answer for this exact input — model call required
17:43:53 | run=5052 | CALL2    | ATTEMPT   | 41 clause(s) in ONE call | est answer ~16,337 of 45,875 tok budget (36%)
17:44:36 | run=5052 | CALL2    | SPOTCHECK | re-asked 8 of 17 rejected clause(s) | longest first — length is what dilutes attention
17:44:36 | run=5052 | CALL2    | OK        | single call accepted for all 41 clause(s) | spot-check found no false negatives
------------------------------------------------------------------------------------------------------------
TIMING run=5052   total 45.4s (0.8 min)
   Call 2 intents                42.9s  94.4%  #####################################
   (other / overlap)              2.5s
------------------------------------------------------------------------------------------------------------
17:48:36 | run=5052 | CACHE    | MISS      | rule_intents 4e241f6c38ac | no stored answer for this exact input — model call required
17:48:36 | run=5052 | CALL2    | ATTEMPT   | 41 clause(s) in ONE call | est answer ~12,572 of 45,875 tok budget (27%)
17:49:17 | run=5052 | CALL2    | SPOTCHECK | re-asked 8 of 19 rejected clause(s) | longest first — length is what dilutes attention
17:49:17 | run=5052 | CALL2    | OK        | single call accepted for all 41 clause(s) | spot-check found no false negatives
17:49:17 | run=5052 | CACHE    | HIT       | generic_bind 92320a5413e2 | answer reused — this model call did NOT happen
17:49:17 | run=5052 | CALL3    | SKIPPED   | library bind for 49 rule(s) served from cache | answer depends only on (library rows, template fields) — no contract input, so it is reused rather than re-bought
17:49:17 | run=5052 | CALL3    | ATTEMPT   | contract: 29 intent(s) in ONE call
17:50:32 | run=5052 | CALL3    | OK        | contract: all 29 answered in ONE call | 5 DECLINED (no matching column) — a valid verdict, NOT a reason to re-batch; they go to relaxed retry / review
17:50:52 | run=5052 | CACHE    | HIT       | formula_infer 2d6b1eade264 | answer reused — this model call did NOT happen
17:50:52 | run=5052 | CACHE    | MISS      | var_topup 194086860666 | no stored answer for this exact input — model call required

============================================================================================================
RUN 0a7e  started 2026-09-11 12:12:59  |  contract=tmpwefj0hkz.pdf template_fields=0
============================================================================================================
------------------------------------------------------------------------------------------------------------
TIMING run=0a7e   total 82.8s (1.4 min)
   Call 1 extraction             82.6s  99.8%  #######################################
   PDF parse (no AI)              0.2s   0.2%  
   (other / overlap)              0.0s
------------------------------------------------------------------------------------------------------------

============================================================================================================
RUN ce2e  started 2026-09-11 12:15:01  |  contract=tmpap5sk_vd.pdf template_fields=0
============================================================================================================
12:15:01 | run=ce2e | CACHE    | HIT       | rule_intents db89647f3fb5 | answer reused — this model call did NOT happen
12:15:01 | run=ce2e | CALL2    | SKIPPED   | intents for 41 clause(s) served from cache | answer depends only on the clause texts, which have not changed — the template arriving later cannot alter it

============================================================================================================
RUN 2bc7  started 2026-09-11 12:22:16  |  contract=tmp1zxaqgjh.pdf template_fields=0
============================================================================================================
------------------------------------------------------------------------------------------------------------
TIMING run=2bc7   total 89.4s (1.5 min)
   Call 1 extraction             89.2s  99.7%  #######################################
   PDF parse (no AI)              0.3s   0.3%  
   (other / overlap)              0.0s
------------------------------------------------------------------------------------------------------------

============================================================================================================
RUN c31b  started 2026-09-11 12:24:27  |  contract=tmpo8sas4ls.pdf template_fields=0
============================================================================================================
12:25:35 | run=c31b | CACHE    | MISS      | rule_intents 6d1a7b85b8cb | no stored answer for this exact input — model call required
12:25:35 | run=c31b | CALL2    | ATTEMPT   | 44 clause(s) in ONE call | est answer ~19,300 of 45,875 tok budget (42%)
12:26:28 | run=c31b | CALL2    | SPOTCHECK | re-asked 8 of 23 rejected clause(s) | longest first — length is what dilutes attention
12:26:28 | run=c31b | CALL2    | DILUTED   | clause(s) [24] rule-bearing in a batch of 8 | the single call marked them not_rule_bearing — rules would have been lost
12:26:28 | run=c31b | CALL2    | SIZING    | 15 clause(s) -> batch size 15 | tokens allow 149; attention cap 200 (no observed failure to bisect; using measured-safe 200)
12:26:28 | run=c31b | CALL2    | FALLBACK  | 15 item(s) -> 1 batch(es) of 15 | round 1/2; 29 of 44 already trusted (accepted, or re-checked by the spot-check)
------------------------------------------------------------------------------------------------------------
TIMING run=c31b   total 130.0s (2.2 min)
   Call 1 extraction             68.1s  52.4%  ####################
   Call 2 intents                59.8s  46.0%  ##################
   PDF parse (no AI)              0.2s   0.2%  
   (other / overlap)              1.8s
------------------------------------------------------------------------------------------------------------
14:44:49 | run=c31b | CACHE    | MISS      | rule_intents f1a397f7e1a2 | no stored answer for this exact input — model call required
14:44:49 | run=c31b | CALL2    | ATTEMPT   | 9 clause(s) in ONE call | est answer ~2,835 of 45,875 tok budget (6%)
14:45:09 | run=c31b | CALL2    | SPOTCHECK | re-asked 1 of 1 rejected clause(s) | longest first — length is what dilutes attention
14:45:09 | run=c31b | CALL2    | OK        | single call accepted for all 9 clause(s) | spot-check found no false negatives
14:45:09 | run=c31b | CACHE    | MISS      | generic_bind eb914a707f68 | no stored answer for this exact input — model call required
14:45:09 | run=c31b | CALL3    | ATTEMPT   | contract: 19 intent(s) in ONE call
14:45:54 | run=c31b | CALL3    | OK        | contract: all 19 answered in ONE call | 1 DECLINED (no matching column) — a valid verdict, NOT a reason to re-batch; they go to relaxed retry / review
14:45:54 | run=c31b | CALL3    | ATTEMPT   | library: 49 intent(s) in ONE call
14:47:36 | run=c31b | CALL3    | OK        | library: all 49 answered in ONE call | 29 DECLINED (no matching column) — a valid verdict, NOT a reason to re-batch; they go to relaxed retry / review
14:47:36 | run=c31b | CALL3    | RETRY     | relaxed retry for 1 unmapped intent(s) | the strict pass left these unbound — re-asking with the reconsider prompt before they are routed to review
14:47:47 | run=c31b | CALL3    | RECOVERED | 1 of 1 rescued by the relaxed retry | nothing left unbound
14:47:47 | run=c31b | CACHE    | MISS      | formula_infer 666035ee7841 | no stored answer for this exact input — model call required
14:48:39 | run=c31b | CACHE    | MISS      | var_topup 17ba45a62967 | no stored answer for this exact input — model call required

============================================================================================================
RUN e553  started 2026-09-11 15:51:45  |  contract=tmplm13cxa4.pdf template_fields=0
============================================================================================================
15:52:43 | run=e553 | CACHE    | MISS      | rule_intents ae844ad8a54c | no stored answer for this exact input — model call required
15:52:43 | run=e553 | CALL2    | ATTEMPT   | 35 clause(s) in ONE call | est answer ~13,327 of 45,875 tok budget (29%)
15:53:17 | run=e553 | CALL2    | SPOTCHECK | re-asked 8 of 17 rejected clause(s) | longest first — length is what dilutes attention
15:53:17 | run=e553 | CALL2    | DILUTED   | clause(s) [33, 19] rule-bearing in a batch of 8 | the single call marked them not_rule_bearing — rules would have been lost
15:53:17 | run=e553 | CALL2    | SIZING    | 9 clause(s) -> batch size 9 | tokens allow 148; attention cap 200 (no observed failure to bisect; using measured-safe 200)
15:53:17 | run=e553 | CALL2    | FALLBACK  | 9 item(s) -> 1 batch(es) of 9 | round 1/2; 26 of 35 already trusted (accepted, or re-checked by the spot-check)
------------------------------------------------------------------------------------------------------------
TIMING run=e553   total 98.5s (1.6 min)
   Call 1 extraction             57.9s  58.7%  #######################
   Call 2 intents                39.2s  39.7%  ###############
   PDF parse (no AI)              0.2s   0.2%  
   (other / overlap)              1.3s
------------------------------------------------------------------------------------------------------------

============================================================================================================
RUN 7da7  started 2026-09-14 23:45:15  |  contract=tmp327pgpxl.pdf template_fields=0
============================================================================================================
------------------------------------------------------------------------------------------------------------
TIMING run=7da7   total 107.2s (1.8 min)
   Call 1 extraction            107.0s  99.8%  #######################################
   PDF parse (no AI)              0.2s   0.2%  
   (other / overlap)              0.0s
------------------------------------------------------------------------------------------------------------

============================================================================================================
RUN 7c1b  started 2026-09-14 23:47:41  |  contract=tmp7rc0svpe.pdf template_fields=0
============================================================================================================
23:47:41 | run=7c1b | CACHE    | MISS      | rule_intents 946a535583cc | no stored answer for this exact input — model call required
23:47:41 | run=7c1b | CALL2    | ATTEMPT   | 59 clause(s) in ONE call | est answer ~19,542 of 45,875 tok budget (43%)
23:48:22 | run=7c1b | CALL2    | SPOTCHECK | re-asked 8 of 37 rejected clause(s) | longest first — length is what dilutes attention
23:48:22 | run=7c1b | CALL2    | OK        | single call accepted for all 59 clause(s) | spot-check found no false negatives
------------------------------------------------------------------------------------------------------------
TIMING run=7c1b   total 42.8s (0.7 min)
   Call 2 intents                41.4s  96.8%  ######################################
   (other / overlap)              1.4s
------------------------------------------------------------------------------------------------------------
00:00:18 | run=7c1b | CACHE    | MISS      | rule_intents c3f194e82271 | no stored answer for this exact input — model call required
00:00:18 | run=7c1b | CALL2    | ATTEMPT   | 59 clause(s) in ONE call | est answer ~14,157 of 45,875 tok budget (31%)
00:01:01 | run=7c1b | CALL2    | SPOTCHECK | re-asked 8 of 38 rejected clause(s) | longest first — length is what dilutes attention
00:01:01 | run=7c1b | CALL2    | OK        | single call accepted for all 59 clause(s) | spot-check found no false negatives
00:01:02 | run=7c1b | CACHE    | HIT       | generic_bind 92320a5413e2 | answer reused — this model call did NOT happen
00:01:02 | run=7c1b | CALL3    | SKIPPED   | library bind for 49 rule(s) served from cache | answer depends only on (library rows, template fields) — no contract input, so it is reused rather than re-bought
00:01:02 | run=7c1b | CALL3    | ATTEMPT   | contract: 26 intent(s) in ONE call
00:02:07 | run=7c1b | CALL3    | OK        | contract: all 26 answered in ONE call | 8 DECLINED (no matching column) — a valid verdict, NOT a reason to re-batch; they go to relaxed retry / review
00:02:07 | run=7c1b | CALL3    | RETRY     | relaxed retry for 8 unmapped intent(s) | the strict pass left these unbound — re-asking with the reconsider prompt before they are routed to review
00:02:51 | run=7c1b | CALL3    | RECOVERED | 3 of 8 rescued by the relaxed retry | 5 intent(s) still unbound — these become 'awaiting a column' clauses on the setup screen
00:02:51 | run=7c1b | CACHE    | HIT       | formula_infer 2d6b1eade264 | answer reused — this model call did NOT happen
00:02:51 | run=7c1b | CACHE    | MISS      | var_topup 9b8cc88dc70b | no stored answer for this exact input — model call required
00:03:00 | run=7c1b | MAPPING  | ATTEMPT   | sheet 'Sheet 2': 87 field(s), none needed AI
00:03:00 | run=7c1b | MAPPING  | AUTO      | 'AccountID' <- AccountID | candidates: AccountID [EXACT, name -, AI -] | name - | AI - | the file uses the same column name
00:03:00 | run=7c1b | MAPPING  | AUTO      | 'Invoice #' <- Invoice # | candidates: Invoice # [EXACT, name -, AI -] | name - | AI - | the file uses the same column name
00:03:00 | run=7c1b | MAPPING  | AUTO      | 'Policy No' <- Policy No | candidates: Policy No [EXACT, name -, AI -] | name - | AI - | the file uses the same column name
00:03:00 | run=7c1b | MAPPING  | AUTO      | 'Insured' <- Insured | candidates: Insured [EXACT, name -, AI -] | name - | AI - | the file uses the same column name
00:03:00 | run=7c1b | MAPPING  | AUTO      | 'Insured Street' <- Insured Street | candidates: Insured Street [EXACT, name -, AI -] | name - | AI - | the file uses the same column name
00:03:00 | run=7c1b | MAPPING  | AUTO      | 'Insured City' <- Insured City | candidates: Insured City [EXACT, name -, AI -] | name - | AI - | the file uses the same column name
00:03:00 | run=7c1b | MAPPING  | AUTO      | 'Insured State' <- Insured State | candidates: Insured State [EXACT, name -, AI -] | name - | AI - | the file uses the same column name
00:03:00 | run=7c1b | MAPPING  | AUTO      | 'Insured Zip Code' <- Insured Zip Code | candidates: Insured Zip Code [EXACT, name -, AI -] | name - | AI - | the file uses the same column name
00:03:00 | run=7c1b | MAPPING  | AUTO      | 'Insured County' <- Insured County | candidates: Insured County [EXACT, name -, AI -] | name - | AI - | the file uses the same column name
00:03:00 | run=7c1b | MAPPING  | AUTO      | 'PolicyInception' <- PolicyInception | candidates: PolicyInception [EXACT, name -, AI -] | name - | AI - | the file uses the same column name
00:03:00 | run=7c1b | MAPPING  | AUTO      | 'PolicyExpiration' <- PolicyExpiration | candidates: PolicyExpiration [EXACT, name -, AI -] | name - | AI - | the file uses the same column name
00:03:00 | run=7c1b | MAPPING  | AUTO      | 'New/Renewal' <- New/Renewal | candidates: New/Renewal [EXACT, name -, AI -] | name - | AI - | the file uses the same column name
00:03:00 | run=7c1b | MAPPING  | AUTO      | 'ExpiringPolicyNumber' <- ExpiringPolicyNumber | candidates: ExpiringPolicyNumber [EXACT, name -, AI -] | name - | AI - | the file uses the same column name
00:03:00 | run=7c1b | MAPPING  | AUTO      | 'Transaction Type' <- Transaction Type | candidates: Transaction Type [EXACT, name -, AI -] | name - | AI - | the file uses the same column name
00:03:00 | run=7c1b | MAPPING  | AUTO      | 'Division' <- Division | candidates: Division [EXACT, name -, AI -] | name - | AI - | the file uses the same column name
00:03:00 | run=7c1b | MAPPING  | AUTO      | 'Carrier' <- Carrier | candidates: Carrier [EXACT, name -, AI -] | name - | AI - | the file uses the same column name
00:03:00 | run=7c1b | MAPPING  | AUTO      | 'UW' <- UW | candidates: UW [EXACT, name -, AI -] | name - | AI - | the file uses the same column name
00:03:00 | run=7c1b | MAPPING  | AUTO      | 'Gross Premium' <- Gross Premium | candidates: Gross Premium [EXACT, name -, AI -] | name - | AI - | the file uses the same column name
00:03:00 | run=7c1b | MAPPING  | AUTO      | 'Commission Rate' <- Commission Rate | candidates: Commission Rate [EXACT, name -, AI -] | name - | AI - | the file uses the same column name
00:03:00 | run=7c1b | MAPPING  | AUTO      | 'Commission Amount' <- Commission Amount | candidates: Commission Amount [EXACT, name -, AI -] | name - | AI - | the file uses the same column name
00:03:00 | run=7c1b | MAPPING  | AUTO      | 'Net Premium' <- Net Premium | candidates: Net Premium [EXACT, name -, AI -] | name - | AI - | the file uses the same column name
00:03:00 | run=7c1b | MAPPING  | AUTO      | 'TRIA PREM' <- TRIA PREM | candidates: TRIA PREM [EXACT, name -, AI -] | name - | AI - | the file uses the same column name
00:03:00 | run=7c1b | MAPPING  | AUTO      | 'TransactionDate' <- TransactionDate | candidates: TransactionDate [EXACT, name -, AI -] | name - | AI - | the file uses the same column name
00:03:00 | run=7c1b | MAPPING  | AUTO      | 'TransactionEffectiveDate' <- TransactionEffectiveDate | candidates: TransactionEffectiveDate [EXACT, name -, AI -] | name - | AI - | the file uses the same column name
00:03:00 | run=7c1b | MAPPING  | AUTO      | 'TransactionExpirationDate' <- TransactionExpirationDate | candidates: TransactionExpirationDate [EXACT, name -, AI -] | name - | AI - | the file uses the same column name
00:03:00 | run=7c1b | MAPPING  | AUTO      | 'Risk State' <- Risk State | candidates: Risk State [EXACT, name -, AI -] | name - | AI - | the file uses the same column name
00:03:00 | run=7c1b | MAPPING  | AUTO      | 'State of Filing' <- State of Filing | candidates: State of Filing [EXACT, name -, AI -] | name - | AI - | the file uses the same column name
00:03:00 | run=7c1b | MAPPING  | AUTO      | 'BrokBranch' <- BrokBranch | candidates: BrokBranch [EXACT, name -, AI -] | name - | AI - | the file uses the same column name
00:03:00 | run=7c1b | MAPPING  | AUTO      | 'Broker' <- Broker | candidates: Broker [EXACT, name -, AI -] | name - | AI - | the file uses the same column name
00:03:00 | run=7c1b | MAPPING  | AUTO      | 'Surplus Lines Filing Broker' <- Surplus Lines Filing Broker | candidates: Surplus Lines Filing Broker [EXACT, name -, AI -] | name - | AI - | the file uses the same column name
00:03:00 | run=7c1b | MAPPING  | AUTO      | 'Surplus Lines Broker Address' <- Surplus Lines Broker Address | candidates: Surplus Lines Broker Address [EXACT, name -, AI -] | name - | AI - | the file uses the same column name
00:03:00 | run=7c1b | MAPPING  | AUTO      | 'Surplus Lines Broker City' <- Surplus Lines Broker City | candidates: Surplus Lines Broker City [EXACT, name -, AI -] | name - | AI - | the file uses the same column name
00:03:00 | run=7c1b | MAPPING  | AUTO      | 'Surplus Lines Broker State' <- Surplus Lines Broker State | candidates: Surplus Lines Broker State [EXACT, name -, AI -] | name - | AI - | the file uses the same column name
00:03:00 | run=7c1b | MAPPING  | AUTO      | 'Surplus Lines Broker Zip' <- Surplus Lines Broker Zip | candidates: Surplus Lines Broker Zip [EXACT, name -, AI -] | name - | AI - | the file uses the same column name
00:03:00 | run=7c1b | MAPPING  | AUTO      | 'Surplus Lines Broker License' <- Surplus Lines Broker License | candidates: Surplus Lines Broker License [EXACT, name -, AI -] | name - | AI - | the file uses the same column name
00:03:00 | run=7c1b | MAPPING  | AUTO      | 'NJ Transaction No' <- NJ Transaction No | candidates: NJ Transaction No [EXACT, name -, AI -] | name - | AI - | the file uses the same column name
00:03:00 | run=7c1b | MAPPING  | AUTO      | 'LA SL Broker Phone No.' <- LA SL Broker Phone No. | candidates: LA SL Broker Phone No. [EXACT, name -, AI -] | name - | AI - | the file uses the same column name
00:03:00 | run=7c1b | MAPPING  | AUTO      | 'Inception Prem' <- Inception Prem | candidates: Inception Prem [EXACT, name -, AI -] | name - | AI - | the file uses the same column name
00:03:00 | run=7c1b | MAPPING  | AUTO      | 'Cumulative Prem' <- Cumulative Prem | candidates: Cumulative Prem [EXACT, name -, AI -] | name - | AI - | the file uses the same column name
00:03:00 | run=7c1b | MAPPING  | AUTO      | 'Primary/Excess' <- Primary/Excess | candidates: Primary/Excess [EXACT, name -, AI -] | name - | AI - | the file uses the same column name
00:03:00 | run=7c1b | MAPPING  | AUTO      | 'Endt No.' <- Endt No. | candidates: Endt No. [EXACT, name -, AI -] | name - | AI - | the file uses the same column name
00:03:00 | run=7c1b | MAPPING  | AUTO      | 'Endt detail' <- Endt detail | candidates: Endt detail [EXACT, name -, AI -] | name - | AI - | the file uses the same column name
00:03:00 | run=7c1b | MAPPING  | AUTO      | 'Cancel Reason' <- Cancel Reason | candidates: Cancel Reason [EXACT, name -, AI -] | name - | AI - | the file uses the same column name
00:03:00 | run=7c1b | MAPPING  | AUTO      | 'Reporter Y/N' <- Reporter Y/N | candidates: Reporter Y/N [EXACT, name -, AI -] | name - | AI - | the file uses the same column name
00:03:00 | run=7c1b | MAPPING  | AUTO      | 'EKVCmated Annual Premium' <- EKVCmated Annual Premium | candidates: EKVCmated Annual Premium [EXACT, name -, AI -] | name - | AI - | the file uses the same column name
00:03:00 | run=7c1b | MAPPING  | AUTO      | 'Perils Covered APD' <- Perils Covered APD | candidates: Perils Covered APD [EXACT, name -, AI -] | name - | AI - | the file uses the same column name
00:03:00 | run=7c1b | MAPPING  | AUTO      | 'Perils Covered MTC' <- Perils Covered MTC | candidates: Perils Covered MTC [EXACT, name -, AI -] | name - | AI - | the file uses the same column name
00:03:00 | run=7c1b | MAPPING  | AUTO      | 'Pol Occ Limit' <- Pol Occ Limit | candidates: Pol Occ Limit [EXACT, name -, AI -] | name - | AI - | the file uses the same column name
00:03:00 | run=7c1b | MAPPING  | AUTO      | 'APD  Unit Limit' <- APD  Unit Limit | candidates: APD  Unit Limit [EXACT, name -, AI -] | name - | AI - | the file uses the same column name
00:03:00 | run=7c1b | MAPPING  | AUTO      | 'APD per Occ / Terminal Limit' <- APD per Occ / Terminal Limit | candidates: APD per Occ / Terminal Limit [EXACT, name -, AI -] | name - | AI - | the file uses the same column name
00:03:00 | run=7c1b | MAPPING  | AUTO      | 'MTC per Vehicle Limit' <- MTC per Vehicle Limit | candidates: MTC per Vehicle Limit [EXACT, name -, AI -] | name - | AI - | the file uses the same column name
00:03:00 | run=7c1b | MAPPING  | AUTO      | 'MTC per occurrence' <- MTC per occurrence | candidates: MTC per occurrence [EXACT, name -, AI -] | name - | AI - | the file uses the same column name
00:03:00 | run=7c1b | MAPPING  | AUTO      | 'Terminal Limit Scheduled' <- Terminal Limit Scheduled | candidates: Terminal Limit Scheduled [EXACT, name -, AI -] | name - | AI - | the file uses the same column name
00:03:00 | run=7c1b | MAPPING  | AUTO      | 'Terminal Limit UnScheduled' <- Terminal Limit UnScheduled | candidates: Terminal Limit UnScheduled [EXACT, name -, AI -] | name - | AI - | the file uses the same column name
00:03:00 | run=7c1b | MAPPING  | AUTO      | 'Attachment Point' <- Attachment Point | candidates: Attachment Point [EXACT, name -, AI -] | name - | AI - | the file uses the same column name
00:03:00 | run=7c1b | MAPPING  | AUTO      | 'APD Auditable (Y/N)' <- APD Auditable (Y/N) | candidates: APD Auditable (Y/N) [EXACT, name -, AI -] | name - | AI - | the file uses the same column name
00:03:00 | run=7c1b | MAPPING  | AUTO      | 'MTC AUDITABLE (Y/N)' <- MTC AUDITABLE (Y/N) | candidates: MTC AUDITABLE (Y/N) [EXACT, name -, AI -] | name - | AI - | the file uses the same column name
00:03:00 | run=7c1b | MAPPING  | AUTO      | 'APD Premium' <- APD Premium | candidates: APD Premium [EXACT, name -, AI -] | name - | AI - | the file uses the same column name
00:03:00 | run=7c1b | MAPPING  | AUTO      | 'APD Deductible' <- APD Deductible | candidates: APD Deductible [EXACT, name -, AI -] | name - | AI - | the file uses the same column name
00:03:00 | run=7c1b | MAPPING  | AUTO      | 'MTC Premium' <- MTC Premium | candidates: MTC Premium [EXACT, name -, AI -] | name - | AI - | the file uses the same column name
00:03:00 | run=7c1b | MAPPING  | AUTO      | 'MTC Deductible' <- MTC Deductible | candidates: MTC Deductible [EXACT, name -, AI -] | name - | AI - | the file uses the same column name
00:03:00 | run=7c1b | MAPPING  | AUTO      | 'Basket Deductible' <- Basket Deductible | candidates: Basket Deductible [EXACT, name -, AI -] | name - | AI - | the file uses the same column name
00:03:00 | run=7c1b | MAPPING  | AUTO      | 'Aggregate Deductible APD' <- Aggregate Deductible APD | candidates: Aggregate Deductible APD [EXACT, name -, AI -] | name - | AI - | the file uses the same column name
00:03:00 | run=7c1b | MAPPING  | AUTO      | 'Aggregate Deductible MTC' <- Aggregate Deductible MTC | candidates: Aggregate Deductible MTC [EXACT, name -, AI -] | name - | AI - | the file uses the same column name
00:03:00 | run=7c1b | MAPPING  | AUTO      | 'BtotalPUnits' <- BtotalPUnits | candidates: BtotalPUnits [EXACT, name -, AI -] | name - | AI - | the file uses the same column name
00:03:00 | run=7c1b | MAPPING  | AUTO      | 'BtotalTrailers' <- BtotalTrailers | candidates: BtotalTrailers [EXACT, name -, AI -] | name - | AI - | the file uses the same column name
00:03:00 | run=7c1b | MAPPING  | AUTO      | 'BtotalTIV' <- BtotalTIV | candidates: BtotalTIV [EXACT, name -, AI -] | name - | AI - | the file uses the same column name
00:03:00 | run=7c1b | MAPPING  | AUTO      | 'BtotalRev' <- BtotalRev | candidates: BtotalRev [EXACT, name -, AI -] | name - | AI - | the file uses the same column name
00:03:00 | run=7c1b | MAPPING  | AUTO      | 'BtotalMileage' <- BtotalMileage | candidates: BtotalMileage [EXACT, name -, AI -] | name - | AI - | the file uses the same column name
00:03:00 | run=7c1b | MAPPING  | AUTO      | 'Highest Value Unit' <- Highest Value Unit | candidates: Highest Value Unit [EXACT, name -, AI -] | name - | AI - | the file uses the same column name
00:03:00 | run=7c1b | MAPPING  | AUTO      | 'IPRM APD' <- IPRM APD | candidates: IPRM APD [EXACT, name -, AI -] | name - | AI - | the file uses the same column name
00:03:00 | run=7c1b | MAPPING  | AUTO      | 'IPRM MTC' <- IPRM MTC | candidates: IPRM MTC [EXACT, name -, AI -] | name - | AI - | the file uses the same column name
00:03:00 | run=7c1b | MAPPING  | AUTO      | 'THBBdxDate' <- THBBdxDate | candidates: THBBdxDate [EXACT, name -, AI -] | name - | AI - | the file uses the same column name
00:03:00 | run=7c1b | MAPPING  | AUTO      | 'Faculative Re(Y/N)' <- Faculative Re(Y/N) | candidates: Faculative Re(Y/N) [EXACT, name -, AI -] | name - | AI - | the file uses the same column name
00:03:00 | run=7c1b | MAPPING  | AUTO      | 'Reinsurer' <- Reinsurer | candidates: Reinsurer [EXACT, name -, AI -] | name - | AI - | the file uses the same column name
00:03:00 | run=7c1b | MAPPING  | AUTO      | 'Reinsurer Cert %' <- Reinsurer Cert % | candidates: Reinsurer Cert % [EXACT, name -, AI -] | name - | AI - | the file uses the same column name
00:03:00 | run=7c1b | MAPPING  | AUTO      | 'Reins Eff Date' <- Reins Eff Date | candidates: Reins Eff Date [EXACT, name -, AI -] | name - | AI - | the file uses the same column name
00:03:00 | run=7c1b | MAPPING  | AUTO      | 'Reins Exp Date' <- Reins Exp Date | candidates: Reins Exp Date [EXACT, name -, AI -] | name - | AI - | the file uses the same column name
00:03:00 | run=7c1b | MAPPING  | AUTO      | 'Quote Share or Excess' <- Quote Share or Excess | candidates: Quote Share or Excess [EXACT, name -, AI -] | name - | AI - | the file uses the same column name
00:03:00 | run=7c1b | MAPPING  | AUTO      | 'QS Reinsurers Participation%' <- QS Reinsurers Participation% | candidates: QS Reinsurers Participation% [EXACT, name -, AI -] | name - | AI - | the file uses the same column name
00:03:00 | run=7c1b | MAPPING  | AUTO      | 'Participating Layer/TIV' <- Participating Layer/TIV | candidates: Participating Layer/TIV [EXACT, name -, AI -] | name - | AI - | the file uses the same column name
00:03:00 | run=7c1b | MAPPING  | AUTO      | 'Reinsurance Limit' <- Reinsurance Limit | candidates: Reinsurance Limit [EXACT, name -, AI -] | name - | AI - | the file uses the same column name
00:03:00 | run=7c1b | MAPPING  | AUTO      | 'Excess of' <- Excess of | candidates: Excess of [EXACT, name -, AI -] | name - | AI - | the file uses the same column name
00:03:00 | run=7c1b | MAPPING  | AUTO      | 'Fac Coverage' <- Fac Coverage | candidates: Fac Coverage [EXACT, name -, AI -] | name - | AI - | the file uses the same column name
00:03:00 | run=7c1b | MAPPING  | AUTO      | 'Perils Covered' <- Perils Covered | candidates: Perils Covered [EXACT, name -, AI -] | name - | AI - | the file uses the same column name
00:03:00 | run=7c1b | MAPPING  | AUTO      | 'Fac Net Premium' <- Fac Net Premium | candidates: Fac Net Premium [EXACT, name -, AI -] | name - | AI - | the file uses the same column name
00:03:00 | run=7c1b | MAPPING  | AUTO      | 'Carrier Net/Net Premium' <- Carrier Net/Net Premium | candidates: Carrier Net/Net Premium [EXACT, name -, AI -] | name - | AI - | the file uses the same column name

============================================================================================================
RUN 1b18  started 2026-09-15 09:35:27  |  contract=tmpk4c7iw79.pdf template_fields=0
============================================================================================================
09:36:20 | run=1b18 | CACHE    | MISS      | rule_intents cd5b1d003d42 | no stored answer for this exact input — model call required
09:36:20 | run=1b18 | CALL2    | ATTEMPT   | 39 clause(s) in ONE call | est answer ~9,960 of 45,875 tok budget (22%)
09:36:58 | run=1b18 | CALL2    | SPOTCHECK | re-asked 8 of 8 rejected clause(s) | longest first — length is what dilutes attention
09:36:58 | run=1b18 | CALL2    | DILUTED   | clause(s) [30, 36] rule-bearing in a batch of 8 | the single call marked them not_rule_bearing — rules would have been lost
------------------------------------------------------------------------------------------------------------
TIMING run=1b18   total 92.1s (1.5 min)
   Call 1 extraction             52.4s  56.8%  ######################
   Call 2 intents                37.8s  41.1%  ################
   PDF parse (no AI)              0.2s   0.2%  
   (other / overlap)              1.8s
------------------------------------------------------------------------------------------------------------
14:31:47 | run=2268 | CACHE    | MISS      | rule_intents 9c3c4382456f | no stored answer for this exact input — model call required
14:31:47 | run=2268 | CALL2    | ATTEMPT   | 39 clause(s) in ONE call | est answer ~6,332 of 45,875 tok budget (14%)
14:32:31 | run=2268 | CALL2    | SPOTCHECK | re-asked 8 of 8 rejected clause(s) | longest first — length is what dilutes attention
14:32:31 | run=2268 | CALL2    | DILUTED   | clause(s) [6097, 6103] rule-bearing in a batch of 8 | the single call marked them not_rule_bearing — rules would have been lost
14:32:31 | run=2268 | CACHE    | MISS      | generic_bind ad97318b3cdf | no stored answer for this exact input — model call required
14:32:31 | run=2268 | CALL3    | ATTEMPT   | contract: 38 intent(s) in ONE call
14:34:16 | run=2268 | CALL3    | OK        | contract: all 38 answered in ONE call | 2 DECLINED (no matching column) — a valid verdict, NOT a reason to re-batch; they go to relaxed retry / review
14:34:16 | run=2268 | CALL3    | ATTEMPT   | library: 49 intent(s) in ONE call
14:36:04 | run=2268 | CALL3    | OK        | library: all 49 answered in ONE call | 25 DECLINED (no matching column) — a valid verdict, NOT a reason to re-batch; they go to relaxed retry / review
14:36:04 | run=2268 | CALL3    | RETRY     | relaxed retry for 2 unmapped intent(s) | the strict pass left these unbound — re-asking with the reconsider prompt before they are routed to review
14:36:25 | run=2268 | CALL3    | RECOVERED | 2 of 2 rescued by the relaxed retry | nothing left unbound
14:36:25 | run=2268 | CACHE    | MISS      | formula_infer ce1a849d4cff | no stored answer for this exact input — model call required
14:36:45 | run=2268 | CACHE    | MISS      | var_topup 73aec6704908 | no stored answer for this exact input — model call required
14:40:53 | run=3017 | MAPPING  | ATTEMPT   | sheet 'Lloyds v5.2 - US': 29 of 56 field(s) sent to AI in one call | AI ok
14:40:53 | run=3017 | MAPPING  | AUTO      | 'Coverholder Name' <- Broker Name | candidates: Broker Name [SEMANTIC, name -, AI 90%] | name - | AI 90% | AI confirmed the same data at 90%
14:40:53 | run=3017 | MAPPING  | AUTO      | 'Unique Market Reference (UMR)' <- Unique Market Reference (UMR) | candidates: Unique Market Reference (UMR) [EXACT, name -, AI -] | name - | AI - | the file uses the same column name
14:40:53 | run=3017 | MAPPING  | NOT-INPUT | 'Reporting Period Start Date' <- - | candidates: none | name - | AI - | not taken from the bordereau
14:40:53 | run=3017 | MAPPING  | NOT-INPUT | 'Reporting Period (End Date)' <- - | candidates: none | name - | AI - | not taken from the bordereau
14:40:53 | run=3017 | MAPPING  | UNMAPPED  | 'Type of Insurance (Direct or Type or Reinsurance)' <- - | candidates: none | name - | AI - | no suitable mapping found
14:40:53 | run=3017 | MAPPING  | AUTO      | 'Certificate Ref' <- Certificate Ref | candidates: Certificate Ref [EXACT, name -, AI -] | name - | AI - | the file uses the same column name
14:40:53 | run=3017 | MAPPING  | AUTO      | 'Insured Full Name, Last Name or Company Name' <- Insured Full Name, Last Name or Company Name | candidates: Insured Full Name, Last Name or Company Name [EXACT, name -, AI -] | name - | AI - | the file uses the same column name
14:40:53 | run=3017 | MAPPING  | AUTO      | 'Insured Country Sub-division: State, Province, Territory, Canton etc.' <- Insured Country Sub-division: State, Province, Territory, Canton etc. | candidates: Insured Country Sub-division: State, Province, Territory, Canton etc. [EXACT, name -, AI -] | name - | AI - | the file uses the same column name
14:40:53 | run=3017 | MAPPING  | AUTO      | 'Insured Country (see code list)' <- Insured Country (see code list) | candidates: Insured Country (see code list) [EXACT, name -, AI -] | name - | AI - | the file uses the same column name
14:40:53 | run=3017 | MAPPING  | AUTO      | 'Risk Inception Date' <- Risk Inception Date | candidates: Risk Inception Date [EXACT, name -, AI -] | name - | AI - | the file uses the same column name
14:40:53 | run=3017 | MAPPING  | AUTO      | 'Risk Expiry Date' <- Risk Expiry Date | candidates: Risk Expiry Date [EXACT, name -, AI -] | name - | AI - | the file uses the same column name
14:40:53 | run=3017 | MAPPING  | AUTO      | 'Location of risk - Country' <- Location of risk - Country | candidates: Location of risk - Country [EXACT, name -, AI -] | name - | AI - | the file uses the same column name
14:40:53 | run=3017 | MAPPING  | AUTO      | 'Location of Risk - Country Sub-division: State, Province, Territory, Canton etc.' <- Location of Risk - Country Sub-division: State, Province, Territory, Canton etc. | candidates: Location of Risk - Country Sub-division: State, Province, Territory, Canton etc. [EXACT, name -, AI -] | name - | AI - | the file uses the same column name
14:40:53 | run=3017 | MAPPING  | AUTO      | 'Transaction Type - Original Premium etc.' <- Transaction Type - Original Premium etc. | candidates: Transaction Type - Original Premium etc. [EXACT, name -, AI -] | name - | AI - | the file uses the same column name
14:40:53 | run=3017 | MAPPING  | AUTO      | 'Effective Date of Transaction' <- Effective Date of Transaction | candidates: Effective Date of Transaction [EXACT, name -, AI -] | name - | AI - | the file uses the same column name
14:40:53 | run=3017 | MAPPING  | AUTO      | 'Original Currency' <- Original Currency | candidates: Original Currency [EXACT, name -, AI -] | name - | AI - | the file uses the same column name
14:40:53 | run=3017 | MAPPING  | AUTO      | 'Gross premium paid this time' <- Gross premium paid this time | candidates: Gross premium paid this time [EXACT, name -, AI -] | name - | AI - | the file uses the same column name
14:40:53 | run=3017 | MAPPING  | AUTO      | 'Commission %' <- Commission % | candidates: Commission % [EXACT, name -, AI -] | name - | AI - | the file uses the same column name
14:40:53 | run=3017 | MAPPING  | AUTO      | 'Commission Amount' <- Commission Amount | candidates: Commission Amount [EXACT, name -, AI -] | name - | AI - | the file uses the same column name
14:40:53 | run=3017 | MAPPING  | AUTO      | 'Net Premium to London in original currency' <- Net Premium to London in original currency | candidates: Net Premium to London in original currency [EXACT, name -, AI -] | name - | AI - | the file uses the same column name
14:40:53 | run=3017 | MAPPING  | UNMAPPED  | 'Settlement Currency' <- - | candidates: Original Currency [SEMANTIC, name -, AI 80%] | name - | AI 80% | no suitable mapping found
14:40:53 | run=3017 | MAPPING  | AUTO      | 'Total gross written premium' <- Gross premium paid this time | candidates: Gross premium paid this time [SEMANTIC, name -, AI 95%] | name - | AI 95% | AI confirmed the same data at 95%
14:40:53 | run=3017 | MAPPING  | AUTO      | 'Insured Address' <- Insured Address | candidates: Insured Address [EXACT, name -, AI -] | name - | AI - | the file uses the same column name
14:40:53 | run=3017 | MAPPING  | AUTO      | 'Insured Postcode, Zip Code or Similar' <- Insured Postcode, Zip Code or Similar | candidates: Insured Postcode, Zip Code or Similar [EXACT, name -, AI -] | name - | AI - | the file uses the same column name
14:40:53 | run=3017 | MAPPING  | AUTO      | 'Policy or Group Ref' <- Policy or Group Ref | candidates: Policy or Group Ref [EXACT, name -, AI -] | name - | AI - | the file uses the same column name
14:40:53 | run=3017 | MAPPING  | AUTO      | 'Sum Insured Currency (see code list)' <- Sum Insured Currency (see code list) | candidates: Sum Insured Currency (see code list) [EXACT, name -, AI -] | name - | AI - | the file uses the same column name
14:40:53 | run=3017 | MAPPING  | AUTO      | 'Sum Insured Amount' <- Sum Insured Amount | candidates: Sum Insured Amount [EXACT, name -, AI -] | name - | AI - | the file uses the same column name
14:40:53 | run=3017 | MAPPING  | AUTO      | 'Brokerage % of gross premium' <- Brokerage % of gross premium | candidates: Brokerage % of gross premium [EXACT, name -, AI -] | name - | AI - | the file uses the same column name
14:40:53 | run=3017 | MAPPING  | UNMAPPED  | 'program name' <- - | candidates: none | name - | AI - | no suitable mapping found
14:40:53 | run=3017 | MAPPING  | UNMAPPED  | 'program period inception date' <- - | candidates: Risk Inception Date [SEMANTIC, name -, AI 75%] | name - | AI 75% | no suitable mapping found
14:40:53 | run=3017 | MAPPING  | UNMAPPED  | 'program period expiry date' <- - | candidates: Risk Expiry Date [SEMANTIC, name -, AI 75%] | name - | AI 75% | no suitable mapping found
14:40:53 | run=3017 | MAPPING  | AUTO      | 'covered product' <- Coverage / What Is Insured | candidates: Coverage / What Is Insured [SEMANTIC, name -, AI 95%] | name - | AI 95% | AI confirmed the same data at 95%
14:40:53 | run=3017 | MAPPING  | UNMAPPED  | 'permitted territory' <- - | candidates: Location of risk - Country [SEMANTIC, name -, AI 70%] | name - | AI 70% | no suitable mapping found
14:40:53 | run=3017 | MAPPING  | UNMAPPED  | 'excluded territory' <- - | candidates: none | name - | AI - | no suitable mapping found
14:40:53 | run=3017 | MAPPING  | AUTO      | 'excluded risk type' <- Peril / Risk Type Excluded | candidates: Peril / Risk Type Excluded [SEMANTIC, name 93%, AI 98%] | name 93% | AI 98% | AI confirmed the same data at 98%
14:40:53 | run=3017 | MAPPING  | VERIFY    | 'maximum sum insured per risk' <- Sum Insured Amount | candidates: Sum Insured Amount [SEMANTIC, name -, AI 85%] | name - | AI 85% | AI 85% — needs a person to confirm
14:40:53 | run=3017 | MAPPING  | UNMAPPED  | 'maximum total premium for term' <- - | candidates: none | name - | AI - | no suitable mapping found
14:40:53 | run=3017 | MAPPING  | UNMAPPED  | 'referral condition' <- - | candidates: none | name - | AI - | no suitable mapping found
14:40:53 | run=3017 | MAPPING  | VERIFY    | 'contract currency' <- Original Currency | candidates: Original Currency [SEMANTIC, name -, AI 85%] | name - | AI 85% | AI 85% — needs a person to confirm
14:40:53 | run=3017 | MAPPING  | UNMAPPED  | 'carrier name' <- - | candidates: none | name - | AI - | no suitable mapping found
14:40:53 | run=3017 | MAPPING  | AUTO      | 'broker name' <- Broker Name | candidates: Broker Name [EXACT, name -, AI -] | name - | AI - | the file uses the same column name
14:40:53 | run=3017 | MAPPING  | AUTO      | 'risk effective date' <- Risk Inception Date | candidates: Risk Inception Date [SEMANTIC, name -, AI 95%] | name - | AI 95% | AI confirmed the same data at 95%
14:40:53 | run=3017 | MAPPING  | UNMAPPED  | 'permitted class of business' <- - | candidates: Coverage / What Is Insured [SEMANTIC, name -, AI 75%] | name - | AI 75% | no suitable mapping found
14:40:53 | run=3017 | MAPPING  | UNMAPPED  | 'permitted cover type' <- - | candidates: Coverage / What Is Insured [SEMANTIC, name -, AI 75%] | name - | AI 75% | no suitable mapping found
14:40:53 | run=3017 | MAPPING  | AUTO      | 'permitted risk location country' <- Location of risk - Country | candidates: Location of risk - Country [SEMANTIC, name 93%, AI 98%] | name 93% | AI 98% | AI confirmed the same data at 98%
14:40:53 | run=3017 | MAPPING  | AUTO      | 'commission payable' <- Commission Amount | candidates: Commission Amount [SEMANTIC, name -, AI 95%] | name - | AI 95% | AI confirmed the same data at 95%
14:40:53 | run=3017 | MAPPING  | AUTO      | 'brokerage payable' <- Brokerage Amount | candidates: Brokerage Amount [SEMANTIC, name -, AI 95%] | name - | AI 95% | AI confirmed the same data at 95%
14:40:53 | run=3017 | MAPPING  | UNMAPPED  | 'commission reporting' <- - | candidates: none | name - | AI - | no suitable mapping found
14:40:53 | run=3017 | MAPPING  | UNMAPPED  | 'bordereau submission' <- - | candidates: none | name - | AI - | no suitable mapping found
14:40:53 | run=3017 | MAPPING  | UNMAPPED  | 'bordereau checking' <- - | candidates: none | name - | AI - | no suitable mapping found
14:40:53 | run=3017 | MAPPING  | AUTO      | 'maximum total insured values per policy' <- Total Insured Value (TIV) | candidates: Total Insured Value (TIV) [SEMANTIC, name -, AI 90%] | name - | AI 90% | AI confirmed the same data at 90%
14:40:53 | run=3017 | MAPPING  | UNMAPPED  | 'backdating coverage referral' <- - | candidates: Backdating Days [SEMANTIC, name -, AI 60%] | name - | AI 60% | no suitable mapping found
14:40:53 | run=3017 | MAPPING  | UNMAPPED  | 'administrator policy modelling fee cap' <- - | candidates: none | name - | AI - | no suitable mapping found
14:40:53 | run=3017 | MAPPING  | AUTO      | 'inspection fees' <- Inspection Fees | candidates: Inspection Fees [EXACT, name -, AI -] | name - | AI - | the file uses the same column name
14:40:53 | run=3017 | MAPPING  | AUTO      | 'key employee name' <- Key Employee Name | candidates: Key Employee Name [EXACT, name -, AI -] | name - | AI - | the file uses the same column name
14:40:53 | run=3017 | MAPPING  | UNMAPPED  | 'key employee change notification period' <- - | candidates: none | name - | AI - | no suitable mapping found

============================================================================================================
RUN 3a58  started 2026-09-15 23:31:57  |  contract=tmp5avkthho.pdf template_fields=0
============================================================================================================
------------------------------------------------------------------------------------------------------------
TIMING run=3a58   total 90.7s (1.5 min)
   Call 1 extraction             89.6s  98.8%  #######################################
   PDF parse (no AI)              1.1s   1.2%  
   (other / overlap)              0.0s
------------------------------------------------------------------------------------------------------------

============================================================================================================
RUN 4330  started 2026-09-15 23:33:51  |  contract=tmp5e76pehh.pdf template_fields=0
============================================================================================================
23:33:51 | run=4330 | CACHE    | HIT       | rule_intents db89647f3fb5 | answer reused — this model call did NOT happen
23:33:51 | run=4330 | CALL2    | SKIPPED   | intents for 41 clause(s) served from cache | answer depends only on the clause texts, which have not changed — the template arriving later cannot alter it

============================================================================================================
RUN 16c3  started 2026-09-15 23:36:10  |  contract=tmpwg5mqd8j.pdf template_fields=0
============================================================================================================
------------------------------------------------------------------------------------------------------------
TIMING run=16c3   total 118.4s (2.0 min)
   Call 1 extraction            117.8s  99.5%  #######################################
   PDF parse (no AI)              0.6s   0.5%  
   (other / overlap)              0.0s
------------------------------------------------------------------------------------------------------------

============================================================================================================
RUN ccb7  started 2026-09-15 23:38:15  |  contract=tmp52vhqj4_.pdf template_fields=0
============================================================================================================
23:38:15 | run=ccb7 | CACHE    | HIT       | rule_intents 946a535583cc | answer reused — this model call did NOT happen
23:38:15 | run=ccb7 | CALL2    | SKIPPED   | intents for 59 clause(s) served from cache | answer depends only on the clause texts, which have not changed — the template arriving later cannot alter it
23:46:43 | run=ccb7 | CACHE    | MISS      | rule_intents e19371b3c33e | no stored answer for this exact input — model call required
23:46:43 | run=ccb7 | CALL2    | ATTEMPT   | 59 clause(s) in ONE call | est answer ~14,157 of 45,875 tok budget (31%)
23:47:26 | run=ccb7 | CALL2    | SPOTCHECK | re-asked 8 of 38 rejected clause(s) | longest first — length is what dilutes attention
23:47:26 | run=ccb7 | CALL2    | OK        | single call accepted for all 59 clause(s) | spot-check found no false negatives
23:47:26 | run=ccb7 | CACHE    | MISS      | generic_bind a6a251c4c256 | no stored answer for this exact input — model call required
23:47:26 | run=ccb7 | CALL3    | ATTEMPT   | contract: 25 intent(s) in ONE call
23:48:27 | run=ccb7 | CALL3    | OK        | contract: all 25 answered in ONE call | 5 DECLINED (no matching column) — a valid verdict, NOT a reason to re-batch; they go to relaxed retry / review
23:48:27 | run=ccb7 | CALL3    | ATTEMPT   | library: 49 intent(s) in ONE call
23:50:08 | run=ccb7 | CALL3    | OK        | library: all 49 answered in ONE call | 31 DECLINED (no matching column) — a valid verdict, NOT a reason to re-batch; they go to relaxed retry / review
23:50:08 | run=ccb7 | CALL3    | RETRY     | relaxed retry for 5 unmapped intent(s) | the strict pass left these unbound — re-asking with the reconsider prompt before they are routed to review
23:50:45 | run=ccb7 | CALL3    | RECOVERED | 4 of 5 rescued by the relaxed retry | 1 intent(s) still unbound — these become 'awaiting a column' clauses on the setup screen
23:50:46 | run=ccb7 | CACHE    | MISS      | formula_infer 595be865f081 | no stored answer for this exact input — model call required
23:51:02 | run=ccb7 | CACHE    | MISS      | var_topup 8eb133b02bfc | no stored answer for this exact input — model call required
23:51:41 | run=ccb7 | MAPPING  | ATTEMPT   | sheet 'Lloyds v5.2 US - aug-13-Contrac': 65 of 71 field(s) sent to AI in one call | AI ok
23:51:41 | run=ccb7 | MAPPING  | NOT-INPUT | 'Coverholder Name' <- - | candidates: none | name - | AI - | not taken from the bordereau
23:51:41 | run=ccb7 | MAPPING  | UNMAPPED  | 'Unique Market Reference (UMR)' <- - | candidates: Policy No [SEMANTIC, name -, AI 80%] | name - | AI 80% | no suitable mapping found
23:51:41 | run=ccb7 | MAPPING  | UNMAPPED  | 'Reporting Period (End Date)' <- - | candidates: none | name - | AI - | no suitable mapping found
23:51:41 | run=ccb7 | MAPPING  | NOT-INPUT | 'Section No' <- - | candidates: none | name - | AI - | not taken from the bordereau
23:51:41 | run=ccb7 | MAPPING  | UNMAPPED  | 'Class of Business' <- - | candidates: Division [SEMANTIC, name -, AI 70%] | name - | AI 70% | no suitable mapping found
23:51:41 | run=ccb7 | MAPPING  | AUTO      | 'Type of Insurance (Direct or Type or Reinsurance)' <- Faculative Re(Y/N) | candidates: Faculative Re(Y/N) [SEMANTIC, name -, AI 90%] | name - | AI 90% | AI confirmed the same data at 90%
23:51:41 | run=ccb7 | MAPPING  | UNMAPPED  | 'Certificate Ref' <- - | candidates: none | name - | AI - | no suitable mapping found
23:51:41 | run=ccb7 | MAPPING  | AUTO      | 'Insured Full Name, Last Name or Company Name' <- Insured | candidates: Insured [SEMANTIC, name -, AI 100%] | name - | AI 100% | AI confirmed the same data at 100%
23:51:41 | run=ccb7 | MAPPING  | AUTO      | 'Insured Country Sub-division: State, Province, Territory, Canton etc.' <- Insured State | candidates: Insured State [SEMANTIC, name -, AI 100%] | name - | AI 100% | AI confirmed the same data at 100%
23:51:41 | run=ccb7 | MAPPING  | UNMAPPED  | 'Insured Country (see code list)' <- - | candidates: Insured [SIMILAR, name 83%, AI -] | name 83% | AI - | no suitable mapping found
23:51:41 | run=ccb7 | MAPPING  | AUTO      | 'Risk Inception Date' <- PolicyInception | candidates: PolicyInception [SEMANTIC, name -, AI 95%] | name - | AI 95% | AI confirmed the same data at 95%
23:51:41 | run=ccb7 | MAPPING  | AUTO      | 'Risk Expiry Date' <- PolicyExpiration | candidates: PolicyExpiration [SEMANTIC, name -, AI 95%] | name - | AI 95% | AI confirmed the same data at 95%
23:51:41 | run=ccb7 | MAPPING  | UNMAPPED  | 'Location of risk - Country' <- - | candidates: none | name - | AI - | no suitable mapping found
23:51:41 | run=ccb7 | MAPPING  | AUTO      | 'Location of Risk - Country Sub-division: State, Province, Territory, Canton etc.' <- Risk State | candidates: Risk State [SEMANTIC, name -, AI 100%] | name - | AI 100% | AI confirmed the same data at 100%
23:51:41 | run=ccb7 | MAPPING  | AUTO      | 'Transaction Type - Original Premium etc.' <- Transaction Type | candidates: Transaction Type [SEMANTIC, name 83%, AI 100%] | name 83% | AI 100% | AI confirmed the same data at 100%
23:51:41 | run=ccb7 | MAPPING  | AUTO      | 'Effective Date of Transaction' <- TransactionEffectiveDate | candidates: TransactionEffectiveDate [SEMANTIC, name -, AI 100%] | name - | AI 100% | AI confirmed the same data at 100%
23:51:41 | run=ccb7 | MAPPING  | AUTO      | 'Expiry Date of Transaction' <- TransactionExpirationDate | candidates: TransactionExpirationDate [SEMANTIC, name -, AI 100%] | name - | AI 100% | AI confirmed the same data at 100%
23:51:41 | run=ccb7 | MAPPING  | UNMAPPED  | 'Original Currency' <- - | candidates: none | name - | AI - | no suitable mapping found
23:51:41 | run=ccb7 | MAPPING  | AUTO      | 'Gross premium paid this time' <- Gross Premium | candidates: Gross Premium [SEMANTIC, name 83%, AI 90%] | name 83% | AI 90% | AI confirmed the same data at 90%
23:51:41 | run=ccb7 | MAPPING  | AUTO      | 'Terrorism premium' <- TRIA PREM | candidates: TRIA PREM [SEMANTIC, name -, AI 90%] | name - | AI 90% | AI confirmed the same data at 90%
23:51:41 | run=ccb7 | MAPPING  | AUTO      | 'Commission %' <- Commission Rate | candidates: Commission Rate [ALIAS, name -, AI 100%] | name - | AI 100% | 'Commission Rate' is a known way of writing this field
23:51:41 | run=ccb7 | MAPPING  | AUTO      | 'Commission Amount' <- Commission Amount | candidates: Commission Amount [EXACT, name -, AI -] | name - | AI - | the file uses the same column name
23:51:41 | run=ccb7 | MAPPING  | AUTO      | 'Net Premium to London in original currency' <- Net Premium | candidates: Net Premium [SEMANTIC, name -, AI 90%] | name - | AI 90% | AI confirmed the same data at 90%
23:51:41 | run=ccb7 | MAPPING  | UNMAPPED  | 'Settlement Currency' <- - | candidates: none | name - | AI - | no suitable mapping found
23:51:41 | run=ccb7 | MAPPING  | AUTO      | 'State of Filing (see code list)' <- State of Filing | candidates: State of Filing [SEMANTIC, name 100%, AI 100%] | name 100% | AI 100% | AI confirmed the same data at 100%
23:51:41 | run=ccb7 | MAPPING  | AUTO      | 'Surplus Lines Broker Name' <- Surplus Lines Filing Broker | candidates: Surplus Lines Filing Broker [SEMANTIC, name -, AI 100%] | name - | AI 100% | AI confirmed the same data at 100%
23:51:41 | run=ccb7 | MAPPING  | NOT-INPUT | 'Surplus Lines Broker Licence No' <- - | candidates: none | name - | AI - | not taken from the bordereau
23:51:41 | run=ccb7 | MAPPING  | AUTO      | 'New Jersey SLA No' <- NJ Transaction No | candidates: NJ Transaction No [SEMANTIC, name -, AI 90%] | name - | AI 90% | AI confirmed the same data at 90%
23:51:41 | run=ccb7 | MAPPING  | AUTO      | 'Surplus Lines Broker Address' <- Surplus Lines Broker Address | candidates: Surplus Lines Broker Address [EXACT, name -, AI -] | name - | AI - | the file uses the same column name
23:51:41 | run=ccb7 | MAPPING  | AUTO      | 'Surplus Lines Broker State' <- Surplus Lines Broker State | candidates: Surplus Lines Broker State [EXACT, name -, AI -] | name - | AI - | the file uses the same column name
23:51:41 | run=ccb7 | MAPPING  | AUTO      | 'Surplus Lines Broker Zip Code' <- Surplus Lines Broker Zip | candidates: Surplus Lines Broker Zip [SEMANTIC, name 100%, AI 100%] | name 100% | AI 100% | AI confirmed the same data at 100%
23:51:41 | run=ccb7 | MAPPING  | VERIFY    | 'Total gross written premium' <- Cumulative Prem | candidates: Cumulative Prem [SEMANTIC, name -, AI 85%], Gross Premium [SIMILAR, name 83%, AI -] | name 83% | AI 85% | AI 85% — needs a person to confirm
23:51:41 | run=ccb7 | MAPPING  | UNMAPPED  | 'Insured Address' <- - | candidates: Insured Street [SEMANTIC, name -, AI 70%], Insured [SIMILAR, name 83%, AI -] | name 83% | AI 70% | no suitable mapping found
23:51:41 | run=ccb7 | MAPPING  | AUTO      | 'Insured Postcode, Zip Code or Similar' <- Insured Zip Code | candidates: Insured Zip Code [SEMANTIC, name 83%, AI 100%] | name 83% | AI 100% | AI confirmed the same data at 100%
23:51:41 | run=ccb7 | MAPPING  | UNMAPPED  | 'Sum Insured Currency (see code list)' <- - | candidates: none | name - | AI - | no suitable mapping found
23:51:41 | run=ccb7 | MAPPING  | AUTO      | 'Sum Insured Amount' <- BtotalTIV | candidates: BtotalTIV [SEMANTIC, name -, AI 90%] | name - | AI 90% | AI confirmed the same data at 90%
23:51:41 | run=ccb7 | MAPPING  | UNMAPPED  | 'program schedule inception date' <- - | candidates: none | name - | AI - | no suitable mapping found
23:51:41 | run=ccb7 | MAPPING  | UNMAPPED  | 'program description' <- - | candidates: none | name - | AI - | no suitable mapping found
23:51:41 | run=ccb7 | MAPPING  | AUTO      | 'writing company' <- Carrier | candidates: Carrier [SEMANTIC, name -, AI 100%] | name - | AI 100% | AI confirmed the same data at 100%
23:51:41 | run=ccb7 | MAPPING  | UNMAPPED  | 'policy period' <- - | candidates: none | name - | AI - | no suitable mapping found
23:51:41 | run=ccb7 | MAPPING  | UNMAPPED  | 'target segments' <- - | candidates: none | name - | AI - | no suitable mapping found
23:51:41 | run=ccb7 | MAPPING  | UNMAPPED  | 'restricted segments' <- - | candidates: none | name - | AI - | no suitable mapping found
23:51:41 | run=ccb7 | MAPPING  | UNMAPPED  | 'excluded classes of business' <- - | candidates: none | name - | AI - | no suitable mapping found
23:51:41 | run=ccb7 | MAPPING  | VERIFY    | 'maximum limits per policy' <- Pol Occ Limit | candidates: Pol Occ Limit [SEMANTIC, name -, AI 85%] | name - | AI 85% | AI 85% — needs a person to confirm
23:51:41 | run=ccb7 | MAPPING  | VERIFY    | 'apd per auto limit' <- APD  Unit Limit | candidates: APD  Unit Limit [SEMANTIC, name -, AI 85%] | name - | AI 85% | AI 85% — needs a person to confirm
23:51:41 | run=ccb7 | MAPPING  | AUTO      | 'apd terminal limit' <- APD per Occ / Terminal Limit | candidates: APD per Occ / Terminal Limit [SEMANTIC, name 93%, AI 100%] | name 93% | AI 100% | AI confirmed the same data at 100%
23:51:41 | run=ccb7 | MAPPING  | AUTO      | 'mtc vehicle limit' <- MTC per Vehicle Limit | candidates: MTC per Vehicle Limit [SEMANTIC, name 100%, AI 100%] | name 100% | AI 100% | AI confirmed the same data at 100%
23:51:41 | run=ccb7 | MAPPING  | AUTO      | 'mtc per occurrence terminal limit' <- MTC per occurrence | candidates: MTC per occurrence [SEMANTIC, name 83%, AI 100%] | name 83% | AI 100% | AI confirmed the same data at 100%
23:51:41 | run=ccb7 | MAPPING  | UNMAPPED  | 'territory' <- - | candidates: none | name - | AI - | no suitable mapping found
23:51:41 | run=ccb7 | MAPPING  | UNMAPPED  | 'ofac and sanctions clauses' <- - | candidates: none | name - | AI - | no suitable mapping found
23:51:41 | run=ccb7 | MAPPING  | UNMAPPED  | 'portfolio parameters' <- - | candidates: none | name - | AI - | no suitable mapping found
23:51:41 | run=ccb7 | MAPPING  | UNMAPPED  | 'percentage of total risk' <- - | candidates: none | name - | AI - | no suitable mapping found
23:51:41 | run=ccb7 | MAPPING  | UNMAPPED  | 'policy fee' <- - | candidates: none | name - | AI - | no suitable mapping found
23:51:41 | run=ccb7 | MAPPING  | UNMAPPED  | 'inspection fee' <- - | candidates: none | name - | AI - | no suitable mapping found
23:51:41 | run=ccb7 | MAPPING  | UNMAPPED  | 'modeling fee' <- - | candidates: none | name - | AI - | no suitable mapping found
23:51:41 | run=ccb7 | MAPPING  | UNMAPPED  | 'audit fee' <- - | candidates: none | name - | AI - | no suitable mapping found
23:51:41 | run=ccb7 | MAPPING  | UNMAPPED  | 'fee per item limit' <- - | candidates: none | name - | AI - | no suitable mapping found
23:51:41 | run=ccb7 | MAPPING  | AUTO      | 'surplus lines broker identification' <- Surplus Lines Broker License | candidates: Surplus Lines Broker License [SEMANTIC, name -, AI 95%] | name - | AI 95% | AI confirmed the same data at 95%
23:51:41 | run=ccb7 | MAPPING  | UNMAPPED  | 'program premium' <- - | candidates: none | name - | AI - | no suitable mapping found
23:51:41 | run=ccb7 | MAPPING  | UNMAPPED  | 'gross policy fees' <- - | candidates: none | name - | AI - | no suitable mapping found
23:51:41 | run=ccb7 | MAPPING  | UNMAPPED  | 'billing fees' <- - | candidates: none | name - | AI - | no suitable mapping found
23:51:41 | run=ccb7 | MAPPING  | UNMAPPED  | 'filing fees' <- - | candidates: none | name - | AI - | no suitable mapping found
23:51:41 | run=ccb7 | MAPPING  | UNMAPPED  | 'key employee name' <- - | candidates: none | name - | AI - | no suitable mapping found
23:51:41 | run=ccb7 | MAPPING  | UNMAPPED  | 'underwriting capacity' <- - | candidates: none | name - | AI - | no suitable mapping found
23:51:41 | run=ccb7 | MAPPING  | UNMAPPED  | 'binding authority' <- - | candidates: none | name - | AI - | no suitable mapping found
23:51:41 | run=ccb7 | MAPPING  | UNMAPPED  | 'alex bonds binding authority' <- - | candidates: none | name - | AI - | no suitable mapping found
23:51:41 | run=ccb7 | MAPPING  | UNMAPPED  | 'claims department contact email' <- - | candidates: none | name - | AI - | no suitable mapping found
23:51:41 | run=ccb7 | MAPPING  | UNMAPPED  | 'claims department contact address' <- - | candidates: none | name - | AI - | no suitable mapping found
23:51:41 | run=ccb7 | MAPPING  | UNMAPPED  | 'claims department contact name' <- - | candidates: none | name - | AI - | no suitable mapping found
23:51:41 | run=ccb7 | MAPPING  | UNMAPPED  | 'underwriting guidelines reference' <- - | candidates: none | name - | AI - | no suitable mapping found
23:51:41 | run=ccb7 | MAPPING  | UNMAPPED  | 'policy issuance paper type' <- - | candidates: none | name - | AI - | no suitable mapping found

============================================================================================================
RUN ea01  started 2026-09-16 10:58:23  |  contract=tmpfavrsh2y.pdf template_fields=0
============================================================================================================
10:58:23 | run=ea01 | CACHE    | MISS      | clause_extraction a68d839fb39d | no stored answer for this exact input — model call required
------------------------------------------------------------------------------------------------------------
TIMING run=ea01   total 78.8s (1.3 min)
   Call 1 extraction             78.4s  99.6%  #######################################
   PDF parse (no AI)              0.2s   0.3%  
   (other / overlap)              0.1s
------------------------------------------------------------------------------------------------------------

============================================================================================================
RUN 2ca6  started 2026-09-16 11:00:29  |  contract=tmpl2juhsyx.pdf template_fields=0
============================================================================================================
11:00:29 | run=2ca6 | CACHE    | MISS      | rule_intents 828b27e2689c | no stored answer for this exact input — model call required
11:00:29 | run=2ca6 | CALL2    | ATTEMPT   | 41 clause(s) in ONE call | est answer ~16,620 of 45,875 tok budget (36%)
11:01:11 | run=2ca6 | CALL2    | SPOTCHECK | re-asked 8 of 17 rejected clause(s) | longest first — length is what dilutes attention
11:01:11 | run=2ca6 | CALL2    | OK        | single call accepted for all 41 clause(s) | spot-check found no false negatives
------------------------------------------------------------------------------------------------------------
TIMING run=2ca6   total 43.3s (0.7 min)
   Call 2 intents                41.7s  96.4%  ######################################
   PDF parse (no AI)              0.2s   0.5%  
   (other / overlap)              1.3s
------------------------------------------------------------------------------------------------------------
11:17:05 | run=2ca6 | CACHE    | MISS      | contract_fields 286dc5cb0f52 | no stored answer for this exact input — model call required
11:17:15 | run=2ca6 | CACHE    | MISS      | column_candidates 4696ac304ea2 | no stored answer for this exact input — model call required
11:17:15 | run=2ca6 | CACHE    | MISS      | column_candidates ba9a4005c6e0 | no stored answer for this exact input — model call required
11:17:15 | run=2ca6 | CACHE    | MISS      | column_candidates 7c70c49049df | no stored answer for this exact input — model call required
11:17:15 | run=2ca6 | CACHE    | MISS      | column_candidates e49c5d117cfc | no stored answer for this exact input — model call required
11:17:15 | run=2ca6 | CACHE    | MISS      | column_candidates 530b60b834a3 | no stored answer for this exact input — model call required
11:17:15 | run=2ca6 | CACHE    | MISS      | column_candidates ec40e055f8be | no stored answer for this exact input — model call required
11:17:15 | run=2ca6 | CACHE    | MISS      | column_candidates 0adc14f3e8dd | no stored answer for this exact input — model call required
11:17:15 | run=2ca6 | CACHE    | MISS      | column_candidates 0d25b8a960a5 | no stored answer for this exact input — model call required
11:17:15 | run=2ca6 | CACHE    | MISS      | column_candidates ab3c8853e5c6 | no stored answer for this exact input — model call required
11:17:15 | run=2ca6 | CACHE    | MISS      | column_candidates 7c258b2bfeb8 | no stored answer for this exact input — model call required
11:17:15 | run=2ca6 | CACHE    | MISS      | column_candidates 5ea663fcac37 | no stored answer for this exact input — model call required
11:17:15 | run=2ca6 | CACHE    | MISS      | column_candidates 3df052452eb3 | no stored answer for this exact input — model call required
11:17:15 | run=2ca6 | CACHE    | MISS      | column_candidates 1a9138026c80 | no stored answer for this exact input — model call required
11:17:15 | run=2ca6 | CACHE    | MISS      | column_candidates 9014da19a4fd | no stored answer for this exact input — model call required
11:17:15 | run=2ca6 | CACHE    | MISS      | column_candidates b013bd1780bf | no stored answer for this exact input — model call required
11:17:15 | run=2ca6 | CACHE    | MISS      | column_candidates 105519ab5672 | no stored answer for this exact input — model call required
11:17:15 | run=2ca6 | CACHE    | MISS      | column_candidates ccc28dfe2aab | no stored answer for this exact input — model call required
11:17:15 | run=2ca6 | CACHE    | MISS      | column_candidates d39dfecea09a | no stored answer for this exact input — model call required
11:17:15 | run=2ca6 | CACHE    | MISS      | column_candidates 2e9379c210fa | no stored answer for this exact input — model call required
11:17:15 | run=2ca6 | CACHE    | MISS      | column_candidates 02af5363a076 | no stored answer for this exact input — model call required
11:17:15 | run=2ca6 | CACHE    | MISS      | column_candidates 5b5b8666629e | no stored answer for this exact input — model call required
11:17:15 | run=2ca6 | CACHE    | MISS      | column_candidates fe2380ac89f8 | no stored answer for this exact input — model call required
11:17:15 | run=2ca6 | CACHE    | MISS      | column_candidates cc38acb7b585 | no stored answer for this exact input — model call required
11:17:15 | run=2ca6 | CACHE    | MISS      | column_candidates 95a8088d34be | no stored answer for this exact input — model call required
11:17:15 | run=2ca6 | CACHE    | MISS      | column_candidates d9bb17236099 | no stored answer for this exact input — model call required
11:17:15 | run=2ca6 | CACHE    | MISS      | column_candidates 7216c9ebe1ae | no stored answer for this exact input — model call required
11:17:15 | run=2ca6 | CACHE    | MISS      | column_candidates 793908a9c09a | no stored answer for this exact input — model call required
11:17:15 | run=2ca6 | CACHE    | MISS      | column_candidates 25db2e681942 | no stored answer for this exact input — model call required
11:17:15 | run=2ca6 | CACHE    | MISS      | column_candidates dd80b9ecb638 | no stored answer for this exact input — model call required
11:17:40 | run=2ca6 | CACHE    | MISS      | column_candidates d6a2ab11b9bc | no stored answer for this exact input — model call required
11:17:40 | run=2ca6 | CACHE    | MISS      | column_candidates 51dd50065165 | no stored answer for this exact input — model call required
11:17:40 | run=2ca6 | CACHE    | MISS      | column_candidates 395e91c4945a | no stored answer for this exact input — model call required
11:17:40 | run=2ca6 | CACHE    | MISS      | column_candidates 9e161b7e4802 | no stored answer for this exact input — model call required
11:17:40 | run=2ca6 | CACHE    | MISS      | column_candidates 104144f0d82b | no stored answer for this exact input — model call required
11:17:40 | run=2ca6 | CACHE    | MISS      | column_candidates e45d9399318c | no stored answer for this exact input — model call required
11:17:40 | run=2ca6 | CACHE    | MISS      | column_candidates 37e09da1167e | no stored answer for this exact input — model call required
11:17:40 | run=2ca6 | CACHE    | MISS      | column_candidates 76680fcbec71 | no stored answer for this exact input — model call required
11:17:40 | run=2ca6 | CACHE    | MISS      | column_candidates 0f3652821571 | no stored answer for this exact input — model call required
11:17:40 | run=2ca6 | CACHE    | MISS      | column_candidates 769f491bf77e | no stored answer for this exact input — model call required
11:17:40 | run=2ca6 | CACHE    | MISS      | column_candidates a2050ec3bd3d | no stored answer for this exact input — model call required
11:17:40 | run=2ca6 | CACHE    | MISS      | column_candidates 9fad8d575b1e | no stored answer for this exact input — model call required
11:17:40 | run=2ca6 | CACHE    | MISS      | column_candidates 3f0ac428f70e | no stored answer for this exact input — model call required
11:17:40 | run=2ca6 | CACHE    | MISS      | column_candidates 11e85d257610 | no stored answer for this exact input — model call required
11:17:40 | run=2ca6 | CACHE    | MISS      | column_candidates 63e7284e19e8 | no stored answer for this exact input — model call required
11:17:40 | run=2ca6 | CACHE    | MISS      | column_candidates 8efb2608f098 | no stored answer for this exact input — model call required
11:17:40 | run=2ca6 | CACHE    | MISS      | column_candidates 143fb05a4969 | no stored answer for this exact input — model call required
11:17:40 | run=2ca6 | CACHE    | MISS      | column_candidates 5cb331d35e60 | no stored answer for this exact input — model call required
11:17:40 | run=2ca6 | CACHE    | MISS      | column_candidates 7df1d400277c | no stored answer for this exact input — model call required
11:17:40 | run=2ca6 | CACHE    | MISS      | column_candidates 23d40d54bc09 | no stored answer for this exact input — model call required
11:17:40 | run=2ca6 | CACHE    | MISS      | column_candidates 994e78a37b77 | no stored answer for this exact input — model call required
11:17:40 | run=2ca6 | CACHE    | MISS      | column_candidates 77bcb2ecafe6 | no stored answer for this exact input — model call required
11:17:40 | run=2ca6 | CACHE    | MISS      | column_candidates 424a7e581d45 | no stored answer for this exact input — model call required
11:17:40 | run=2ca6 | CACHE    | MISS      | column_candidates e44692c42faf | no stored answer for this exact input — model call required
11:17:40 | run=2ca6 | CACHE    | MISS      | column_candidates a343bdcf7599 | no stored answer for this exact input — model call required
11:17:40 | run=2ca6 | CACHE    | MISS      | column_candidates ea56a4771229 | no stored answer for this exact input — model call required
11:17:40 | run=2ca6 | CACHE    | MISS      | column_candidates 6ce43c8805b3 | no stored answer for this exact input — model call required
11:17:40 | run=2ca6 | CACHE    | MISS      | column_candidates 387a1e01fcf2 | no stored answer for this exact input — model call required
11:17:40 | run=2ca6 | CACHE    | MISS      | column_candidates 269adff130ad | no stored answer for this exact input — model call required
11:17:40 | run=2ca6 | CACHE    | MISS      | column_candidates 08f1e9e21486 | no stored answer for this exact input — model call required
11:17:40 | run=2ca6 | CACHE    | MISS      | column_candidates 3e7ded5fdfda | no stored answer for this exact input — model call required
11:17:40 | run=2ca6 | CACHE    | MISS      | column_candidates c8bf8ac71422 | no stored answer for this exact input — model call required
11:17:40 | run=2ca6 | CACHE    | MISS      | column_candidates d5001caa169d | no stored answer for this exact input — model call required
11:17:40 | run=2ca6 | CACHE    | MISS      | column_candidates fe8fa6a8491d | no stored answer for this exact input — model call required
11:17:40 | run=2ca6 | CACHE    | MISS      | column_candidates 341dca8dcdbb | no stored answer for this exact input — model call required
11:17:40 | run=2ca6 | CACHE    | MISS      | column_candidates 0fd92c616ece | no stored answer for this exact input — model call required
11:17:40 | run=2ca6 | CACHE    | MISS      | column_candidates 87611b4702f2 | no stored answer for this exact input — model call required
11:17:40 | run=2ca6 | CACHE    | MISS      | column_candidates 900189043705 | no stored answer for this exact input — model call required
11:17:40 | run=2ca6 | CACHE    | MISS      | column_candidates 3e8e13a21e51 | no stored answer for this exact input — model call required
11:17:40 | run=2ca6 | CACHE    | MISS      | column_candidates 60182f076b74 | no stored answer for this exact input — model call required
11:17:40 | run=2ca6 | CACHE    | MISS      | column_candidates 92b9a93780d2 | no stored answer for this exact input — model call required
11:17:40 | run=2ca6 | CACHE    | MISS      | column_candidates 83f899495d4e | no stored answer for this exact input — model call required
11:17:40 | run=2ca6 | CACHE    | MISS      | column_candidates f912ab8533e4 | no stored answer for this exact input — model call required
11:17:40 | run=2ca6 | CACHE    | MISS      | column_candidates 74d37fd66dc0 | no stored answer for this exact input — model call required
11:17:40 | run=2ca6 | CACHE    | MISS      | column_candidates 50d2b354f07a | no stored answer for this exact input — model call required
11:17:40 | run=2ca6 | CACHE    | MISS      | column_candidates bd5a6ea4cdf8 | no stored answer for this exact input — model call required
11:17:40 | run=2ca6 | CACHE    | MISS      | column_candidates 2901e43bbd1c | no stored answer for this exact input — model call required
11:17:40 | run=2ca6 | CACHE    | MISS      | column_candidates 42b9c656f9d3 | no stored answer for this exact input — model call required
11:17:40 | run=2ca6 | CACHE    | MISS      | column_candidates 37f857e10cbb | no stored answer for this exact input — model call required
11:17:40 | run=2ca6 | CACHE    | MISS      | column_candidates dc5d507b2720 | no stored answer for this exact input — model call required
11:17:40 | run=2ca6 | CACHE    | MISS      | column_candidates 71055183aff9 | no stored answer for this exact input — model call required
11:17:40 | run=2ca6 | CACHE    | MISS      | column_candidates 4129cfe4f9e6 | no stored answer for this exact input — model call required
11:17:40 | run=2ca6 | CACHE    | MISS      | column_candidates 14273d1b3f2b | no stored answer for this exact input — model call required
11:17:40 | run=2ca6 | CACHE    | MISS      | column_candidates 7a9c4060815c | no stored answer for this exact input — model call required
11:17:40 | run=2ca6 | CACHE    | MISS      | column_candidates 4fd77a43c711 | no stored answer for this exact input — model call required
11:17:40 | run=2ca6 | CACHE    | MISS      | column_candidates f793871276c1 | no stored answer for this exact input — model call required
11:17:40 | run=2ca6 | CACHE    | MISS      | column_candidates 751d0f648564 | no stored answer for this exact input — model call required
11:17:40 | run=2ca6 | CACHE    | MISS      | column_candidates 09cbb1df4736 | no stored answer for this exact input — model call required
11:17:40 | run=2ca6 | CACHE    | MISS      | column_candidates 245c1e794045 | no stored answer for this exact input — model call required
11:17:40 | run=2ca6 | CACHE    | MISS      | column_candidates a4d08fb946ed | no stored answer for this exact input — model call required
11:17:40 | run=2ca6 | CACHE    | MISS      | column_candidates 1a0d51a8cee2 | no stored answer for this exact input — model call required
11:17:40 | run=2ca6 | CACHE    | MISS      | column_candidates 3f087de75838 | no stored answer for this exact input — model call required
11:17:40 | run=2ca6 | CACHE    | MISS      | column_candidates 73a6e0da8d46 | no stored answer for this exact input — model call required
11:17:40 | run=2ca6 | CACHE    | MISS      | column_candidates 7c018cfe52d5 | no stored answer for this exact input — model call required
11:17:40 | run=2ca6 | CACHE    | MISS      | column_candidates 6cd6eef04fe7 | no stored answer for this exact input — model call required
11:17:40 | run=2ca6 | CACHE    | MISS      | column_candidates 9f98e9e1d5b6 | no stored answer for this exact input — model call required
11:17:40 | run=2ca6 | CACHE    | MISS      | column_candidates 591ca3790c35 | no stored answer for this exact input — model call required
11:17:40 | run=2ca6 | CACHE    | MISS      | column_candidates b56ed3fce3b7 | no stored answer for this exact input — model call required
11:17:40 | run=2ca6 | CACHE    | MISS      | column_candidates 0638ba3b9f2f | no stored answer for this exact input — model call required
11:17:40 | run=2ca6 | CACHE    | MISS      | column_candidates 98ef8c02b7a2 | no stored answer for this exact input — model call required
11:17:40 | run=2ca6 | CACHE    | MISS      | column_candidates c41ef67e23a5 | no stored answer for this exact input — model call required
11:17:40 | run=2ca6 | CACHE    | MISS      | column_candidates 715f3bb4374a | no stored answer for this exact input — model call required
11:17:40 | run=2ca6 | CACHE    | MISS      | column_candidates 8b314d2ba767 | no stored answer for this exact input — model call required
11:17:40 | run=2ca6 | CACHE    | MISS      | column_candidates 40e363bb2268 | no stored answer for this exact input — model call required
11:17:40 | run=2ca6 | CACHE    | MISS      | column_candidates 80981a88d4b6 | no stored answer for this exact input — model call required
11:17:40 | run=2ca6 | CACHE    | MISS      | column_candidates 73833e482d9a | no stored answer for this exact input — model call required
11:17:40 | run=2ca6 | CACHE    | MISS      | column_candidates e1a6f7c7bb0f | no stored answer for this exact input — model call required
11:17:40 | run=2ca6 | CACHE    | MISS      | column_candidates 901ab3dbcd8c | no stored answer for this exact input — model call required
11:17:40 | run=2ca6 | CACHE    | MISS      | column_candidates 194caa219f75 | no stored answer for this exact input — model call required
11:17:40 | run=2ca6 | CACHE    | MISS      | column_candidates 2c54b2713ca7 | no stored answer for this exact input — model call required
11:17:40 | run=2ca6 | CACHE    | MISS      | column_candidates ca6501f38aca | no stored answer for this exact input — model call required
11:17:40 | run=2ca6 | CACHE    | MISS      | column_candidates d7a577041cd0 | no stored answer for this exact input — model call required
11:17:40 | run=2ca6 | CACHE    | MISS      | column_candidates ab14976292b2 | no stored answer for this exact input — model call required
11:17:40 | run=2ca6 | CACHE    | MISS      | column_candidates 9ab37aed251c | no stored answer for this exact input — model call required
11:17:40 | run=2ca6 | CACHE    | MISS      | column_candidates 692d9f02e594 | no stored answer for this exact input — model call required
11:17:40 | run=2ca6 | CACHE    | MISS      | column_candidates a83cfeca4254 | no stored answer for this exact input — model call required
11:17:40 | run=2ca6 | CACHE    | MISS      | column_candidates 9e5e71670240 | no stored answer for this exact input — model call required
11:17:40 | run=2ca6 | CACHE    | MISS      | column_candidates 702ac94e6551 | no stored answer for this exact input — model call required
11:17:40 | run=2ca6 | CACHE    | MISS      | column_candidates c2bdc748527f | no stored answer for this exact input — model call required
11:17:40 | run=2ca6 | CACHE    | MISS      | column_candidates c867b2308df8 | no stored answer for this exact input — model call required
11:17:40 | run=2ca6 | CACHE    | MISS      | column_candidates 181c383b497e | no stored answer for this exact input — model call required
11:17:40 | run=2ca6 | CACHE    | MISS      | column_candidates 984effcac8bc | no stored answer for this exact input — model call required
11:17:40 | run=2ca6 | CACHE    | MISS      | column_candidates 474816002db4 | no stored answer for this exact input — model call required
11:17:40 | run=2ca6 | CACHE    | MISS      | column_candidates b0153a40c013 | no stored answer for this exact input — model call required
11:17:40 | run=2ca6 | CACHE    | MISS      | column_candidates 514014080565 | no stored answer for this exact input — model call required
11:17:40 | run=2ca6 | CACHE    | MISS      | column_candidates 2f8efbc43c63 | no stored answer for this exact input — model call required
11:17:40 | run=2ca6 | CACHE    | MISS      | column_candidates 5ebc79e9c1ba | no stored answer for this exact input — model call required
11:17:40 | run=2ca6 | CACHE    | MISS      | column_candidates 5356db65dfe3 | no stored answer for this exact input — model call required
11:17:40 | run=2ca6 | CACHE    | MISS      | column_candidates 53e2954b0f96 | no stored answer for this exact input — model call required
11:17:40 | run=2ca6 | CACHE    | MISS      | column_candidates fe4eaa62ba7a | no stored answer for this exact input — model call required
11:17:40 | run=2ca6 | CACHE    | MISS      | column_candidates e74d4628e399 | no stored answer for this exact input — model call required
11:17:40 | run=2ca6 | CACHE    | MISS      | column_candidates ad3cc9da70e1 | no stored answer for this exact input — model call required
11:17:40 | run=2ca6 | CACHE    | MISS      | column_candidates a0306c51a7ff | no stored answer for this exact input — model call required
11:17:40 | run=2ca6 | CACHE    | MISS      | column_candidates b28dda164962 | no stored answer for this exact input — model call required
11:17:40 | run=2ca6 | CACHE    | MISS      | column_candidates 3b3354a30e0f | no stored answer for this exact input — model call required
11:17:40 | run=2ca6 | CACHE    | MISS      | column_candidates f7ac6c032fbb | no stored answer for this exact input — model call required
11:17:40 | run=2ca6 | CACHE    | MISS      | column_candidates f83c806c97b8 | no stored answer for this exact input — model call required
11:17:40 | run=2ca6 | CACHE    | MISS      | column_candidates 91fa42786df5 | no stored answer for this exact input — model call required
11:17:40 | run=2ca6 | CACHE    | MISS      | column_candidates 0cfb271283a8 | no stored answer for this exact input — model call required
11:17:40 | run=2ca6 | CACHE    | MISS      | column_candidates b8808efb35b1 | no stored answer for this exact input — model call required
11:17:40 | run=2ca6 | CACHE    | MISS      | column_candidates 149fd1ffd4ea | no stored answer for this exact input — model call required
11:17:40 | run=2ca6 | CACHE    | MISS      | column_candidates c6cba89ad45c | no stored answer for this exact input — model call required
11:17:40 | run=2ca6 | CACHE    | MISS      | column_candidates e1119df9fe69 | no stored answer for this exact input — model call required
11:17:40 | run=2ca6 | CACHE    | MISS      | column_candidates 167e032d0495 | no stored answer for this exact input — model call required
11:17:40 | run=2ca6 | CACHE    | MISS      | column_candidates 17c9acffe44d | no stored answer for this exact input — model call required
11:17:40 | run=2ca6 | CACHE    | MISS      | column_candidates 18587389d181 | no stored answer for this exact input — model call required
11:17:40 | run=2ca6 | CACHE    | MISS      | column_candidates b4740a7243a0 | no stored answer for this exact input — model call required
11:17:40 | run=2ca6 | CACHE    | MISS      | column_candidates 5cf65d664591 | no stored answer for this exact input — model call required
11:17:40 | run=2ca6 | CACHE    | MISS      | column_candidates 2a8eeb4fff38 | no stored answer for this exact input — model call required
11:17:40 | run=2ca6 | CACHE    | MISS      | column_candidates 729533bf604c | no stored answer for this exact input — model call required
11:17:40 | run=2ca6 | CACHE    | MISS      | column_candidates 71ce10d21d63 | no stored answer for this exact input — model call required
11:17:40 | run=2ca6 | CACHE    | MISS      | column_candidates 7e525cb395ae | no stored answer for this exact input — model call required
11:17:40 | run=2ca6 | CACHE    | MISS      | column_candidates 02ac517a9f26 | no stored answer for this exact input — model call required
11:17:40 | run=2ca6 | CACHE    | MISS      | column_candidates e62cbf97b50f | no stored answer for this exact input — model call required
11:17:40 | run=2ca6 | CACHE    | MISS      | column_candidates f70829582e4c | no stored answer for this exact input — model call required
11:17:40 | run=2ca6 | CACHE    | MISS      | column_candidates 846754532585 | no stored answer for this exact input — model call required
11:17:40 | run=2ca6 | CACHE    | MISS      | column_candidates c546e30728a8 | no stored answer for this exact input — model call required
11:17:40 | run=2ca6 | CACHE    | MISS      | column_candidates 39a695136a15 | no stored answer for this exact input — model call required
11:17:40 | run=2ca6 | CACHE    | MISS      | column_candidates 3e387c70a450 | no stored answer for this exact input — model call required
11:17:40 | run=2ca6 | CACHE    | MISS      | column_candidates de0df20d90e5 | no stored answer for this exact input — model call required
11:17:40 | run=2ca6 | CACHE    | MISS      | column_candidates d564af15b86a | no stored answer for this exact input — model call required
11:17:40 | run=2ca6 | CACHE    | MISS      | column_candidates fa01b999985b | no stored answer for this exact input — model call required
11:17:40 | run=2ca6 | CACHE    | MISS      | column_candidates 19594bc4c4f3 | no stored answer for this exact input — model call required
11:17:40 | run=2ca6 | CACHE    | MISS      | column_candidates f6537772153e | no stored answer for this exact input — model call required
11:17:40 | run=2ca6 | CACHE    | MISS      | column_candidates 5ab3e4202ce0 | no stored answer for this exact input — model call required
11:17:40 | run=2ca6 | CACHE    | MISS      | column_candidates 61c31940cfed | no stored answer for this exact input — model call required
11:17:40 | run=2ca6 | CACHE    | MISS      | column_candidates 8e19555ef2ad | no stored answer for this exact input — model call required
11:17:40 | run=2ca6 | CACHE    | MISS      | column_candidates a3cf3e3dd13e | no stored answer for this exact input — model call required
11:17:40 | run=2ca6 | CACHE    | MISS      | column_candidates 51b301a554cb | no stored answer for this exact input — model call required
11:17:40 | run=2ca6 | CACHE    | MISS      | column_candidates d747e57eae56 | no stored answer for this exact input — model call required
11:17:40 | run=2ca6 | CACHE    | MISS      | column_candidates a090116ca477 | no stored answer for this exact input — model call required
11:17:40 | run=2ca6 | CACHE    | MISS      | column_candidates 068e7f42c2db | no stored answer for this exact input — model call required
11:17:40 | run=2ca6 | CACHE    | MISS      | column_candidates e54add4b6fb4 | no stored answer for this exact input — model call required
11:17:40 | run=2ca6 | CACHE    | MISS      | column_candidates 385ee147e364 | no stored answer for this exact input — model call required
11:17:40 | run=2ca6 | CACHE    | MISS      | column_candidates af7105803ef4 | no stored answer for this exact input — model call required
11:17:40 | run=2ca6 | CACHE    | MISS      | column_candidates b5b562d40de8 | no stored answer for this exact input — model call required
11:17:40 | run=2ca6 | CACHE    | MISS      | column_candidates f1c4d4ec8bb1 | no stored answer for this exact input — model call required
11:17:40 | run=2ca6 | CACHE    | MISS      | column_candidates f4df51ed8de0 | no stored answer for this exact input — model call required
11:17:40 | run=2ca6 | CACHE    | MISS      | column_candidates 48c85b301ed7 | no stored answer for this exact input — model call required
11:17:40 | run=2ca6 | CACHE    | MISS      | column_candidates 4659da188734 | no stored answer for this exact input — model call required
11:17:40 | run=2ca6 | CACHE    | MISS      | column_candidates f11aa21d4fad | no stored answer for this exact input — model call required
11:17:40 | run=2ca6 | CACHE    | MISS      | column_candidates 513464fdf43b | no stored answer for this exact input — model call required
11:17:40 | run=2ca6 | CACHE    | MISS      | column_candidates 136fb1c5a303 | no stored answer for this exact input — model call required
11:17:40 | run=2ca6 | CACHE    | MISS      | column_candidates 99f0aa4f6de3 | no stored answer for this exact input — model call required
11:17:40 | run=2ca6 | CACHE    | MISS      | column_candidates 143eef5dc043 | no stored answer for this exact input — model call required
11:17:40 | run=2ca6 | CACHE    | MISS      | column_candidates 6689e5d4fa8c | no stored answer for this exact input — model call required
11:20:35 | run=2ca6 | CACHE    | MISS      | template_canonical 8f1987abc9b9 | no stored answer for this exact input — model call required
11:20:56 | run=2ca6 | CACHE    | MISS      | template_canonical 1c350e9f4774 | no stored answer for this exact input — model call required
11:21:08 | run=2ca6 | CACHE    | MISS      | template_canonical dd88f7d2140f | no stored answer for this exact input — model call required
11:21:22 | run=2ca6 | CACHE    | MISS      | template_canonical ed086d454406 | no stored answer for this exact input — model call required
11:21:33 | run=2ca6 | CACHE    | MISS      | template_canonical 5069c17c9399 | no stored answer for this exact input — model call required
11:51:14 | run=2ca6 | CACHE    | MISS      | rule_intents 6223c3fcf229 | no stored answer for this exact input — model call required
11:51:14 | run=2ca6 | CALL2    | ATTEMPT   | 41 clause(s) in ONE call | est answer ~12,572 of 45,875 tok budget (27%)
11:52:01 | run=2ca6 | CALL2    | SPOTCHECK | re-asked 8 of 18 rejected clause(s) | longest first — length is what dilutes attention
11:52:01 | run=2ca6 | CALL2    | DILUTED   | clause(s) [6223] rule-bearing in a batch of 8 | the single call marked them not_rule_bearing — rules would have been lost
11:52:01 | run=2ca6 | CALL2    | SIZING    | 10 clause(s) -> batch size 10 | tokens allow 235; attention cap 200 (no observed failure to bisect; using measured-safe 200)
11:52:01 | run=2ca6 | CALL2    | FALLBACK  | 10 item(s) -> 1 batch(es) of 10 | round 1/2; 31 of 41 already trusted (accepted, or re-checked by the spot-check)
11:52:07 | run=2ca6 | CACHE    | MISS      | generic_bind 56144a78e2db | no stored answer for this exact input — model call required
11:52:07 | run=2ca6 | CALL3    | ATTEMPT   | contract: 37 intent(s) in ONE call
11:52:07 | run=2ca6 | CACHE    | MISS      | rule_bind 068a5ba906ec | no stored answer for this exact input — model call required
11:53:29 | run=2ca6 | CALL3    | OK        | contract: all 37 answered in ONE call | 2 DECLINED (no matching column) — a valid verdict, NOT a reason to re-batch; they go to relaxed retry / review
11:53:29 | run=2ca6 | CALL3    | ATTEMPT   | library: 49 intent(s) in ONE call
11:55:21 | run=2ca6 | LLM      | THINKING_CAPPED | Call3-Map-1/1: 16,380 of 16,384 thinking tokens (gemini-2.5-flash) | reasoning ran out of budget — answers like this were measured to vary between identical requests
11:55:21 | run=2ca6 | CALL3    | OK        | library: all 49 answered in ONE call | 25 DECLINED (no matching column) — a valid verdict, NOT a reason to re-batch; they go to relaxed retry / review
11:55:21 | run=2ca6 | CALL3    | RETRY     | relaxed retry for 2 unmapped intent(s) | the strict pass left these unbound — re-asking with the reconsider prompt before they are routed to review
11:55:21 | run=2ca6 | CACHE    | MISS      | rule_bind bee9fe8b8222 | no stored answer for this exact input — model call required
11:55:30 | run=2ca6 | CALL3    | RECOVERED | 1 of 2 rescued by the relaxed retry | 1 intent(s) still unbound — these become 'awaiting a column' clauses on the setup screen
11:55:31 | run=2ca6 | CACHE    | MISS      | formula_infer 81ae4d060a4f | no stored answer for this exact input — model call required
11:55:51 | run=2ca6 | LLM      | THINKING_CAPPED | FormulaInference: 4,092 of 4,096 thinking tokens (gemini-2.5-flash) | reasoning ran out of budget — answers like this were measured to vary between identical requests
11:55:51 | run=2ca6 | CACHE    | MISS      | var_topup 6a456eecea6c | no stored answer for this exact input — model call required
11:55:55 | run=2ca6 | CACHE    | HIT       | column_candidates d6a2ab11b9bc | answer reused — this model call did NOT happen
11:55:55 | run=2ca6 | CACHE    | HIT       | column_candidates 395e91c4945a | answer reused — this model call did NOT happen
11:55:55 | run=2ca6 | CACHE    | HIT       | column_candidates 76680fcbec71 | answer reused — this model call did NOT happen
11:55:56 | run=2ca6 | CACHE    | HIT       | column_candidates 769f491bf77e | answer reused — this model call did NOT happen
11:55:56 | run=2ca6 | CACHE    | HIT       | column_candidates a2050ec3bd3d | answer reused — this model call did NOT happen
11:55:56 | run=2ca6 | CACHE    | HIT       | column_candidates 3f0ac428f70e | answer reused — this model call did NOT happen
11:55:56 | run=2ca6 | CACHE    | HIT       | column_candidates 63e7284e19e8 | answer reused — this model call did NOT happen
11:55:56 | run=2ca6 | CACHE    | HIT       | column_candidates 8efb2608f098 | answer reused — this model call did NOT happen
11:55:56 | run=2ca6 | CACHE    | MISS      | column_candidates 59608cbbd717 | no stored answer for this exact input — model call required
11:55:56 | run=2ca6 | CACHE    | HIT       | column_candidates 5cb331d35e60 | answer reused — this model call did NOT happen
11:55:56 | run=2ca6 | CACHE    | HIT       | column_candidates 7df1d400277c | answer reused — this model call did NOT happen
11:55:56 | run=2ca6 | CACHE    | HIT       | column_candidates 23d40d54bc09 | answer reused — this model call did NOT happen
11:55:56 | run=2ca6 | CACHE    | HIT       | column_candidates 994e78a37b77 | answer reused — this model call did NOT happen
11:55:56 | run=2ca6 | CACHE    | MISS      | column_candidates d4a41262e663 | no stored answer for this exact input — model call required
11:55:56 | run=2ca6 | CACHE    | HIT       | column_candidates 424a7e581d45 | answer reused — this model call did NOT happen
11:55:56 | run=2ca6 | CACHE    | HIT       | column_candidates e44692c42faf | answer reused — this model call did NOT happen
11:55:56 | run=2ca6 | CACHE    | HIT       | column_candidates a343bdcf7599 | answer reused — this model call did NOT happen
11:55:56 | run=2ca6 | CACHE    | MISS      | column_candidates 1af8ab880f39 | no stored answer for this exact input — model call required
11:55:56 | run=2ca6 | CACHE    | HIT       | column_candidates 6ce43c8805b3 | answer reused — this model call did NOT happen
11:55:56 | run=2ca6 | CACHE    | MISS      | column_candidates 3078608a635b | no stored answer for this exact input — model call required
11:55:56 | run=2ca6 | CACHE    | HIT       | column_candidates 269adff130ad | answer reused — this model call did NOT happen
11:55:56 | run=2ca6 | CACHE    | HIT       | column_candidates 08f1e9e21486 | answer reused — this model call did NOT happen
11:55:56 | run=2ca6 | CACHE    | MISS      | column_candidates cd86e213b9d9 | no stored answer for this exact input — model call required
11:55:56 | run=2ca6 | CACHE    | HIT       | column_candidates 341dca8dcdbb | answer reused — this model call did NOT happen
11:55:56 | run=2ca6 | CACHE    | HIT       | column_candidates 87611b4702f2 | answer reused — this model call did NOT happen
11:55:56 | run=2ca6 | CACHE    | MISS      | column_candidates bf4d792d9fab | no stored answer for this exact input — model call required
11:55:56 | run=2ca6 | CACHE    | MISS      | column_candidates 1de2751128d9 | no stored answer for this exact input — model call required
11:55:56 | run=2ca6 | CACHE    | MISS      | column_candidates 9ba0ed063d8d | no stored answer for this exact input — model call required
11:55:56 | run=2ca6 | CACHE    | MISS      | column_candidates 5e23629c69eb | no stored answer for this exact input — model call required
11:55:56 | run=2ca6 | CACHE    | HIT       | column_candidates 2901e43bbd1c | answer reused — this model call did NOT happen
11:55:56 | run=2ca6 | CACHE    | HIT       | column_candidates 71055183aff9 | answer reused — this model call did NOT happen
11:55:56 | run=2ca6 | CACHE    | HIT       | column_candidates 4129cfe4f9e6 | answer reused — this model call did NOT happen
11:55:56 | run=2ca6 | CACHE    | HIT       | column_candidates c2bdc748527f | answer reused — this model call did NOT happen
11:55:56 | run=2ca6 | CACHE    | HIT       | column_candidates e74d4628e399 | answer reused — this model call did NOT happen
11:55:56 | run=2ca6 | CACHE    | HIT       | column_candidates ad3cc9da70e1 | answer reused — this model call did NOT happen
11:55:56 | run=2ca6 | CACHE    | HIT       | column_candidates a0306c51a7ff | answer reused — this model call did NOT happen
11:55:56 | run=2ca6 | CACHE    | HIT       | column_candidates b28dda164962 | answer reused — this model call did NOT happen
11:55:56 | run=2ca6 | CACHE    | HIT       | column_candidates 3b3354a30e0f | answer reused — this model call did NOT happen
11:55:56 | run=2ca6 | CACHE    | HIT       | column_candidates 91fa42786df5 | answer reused — this model call did NOT happen
11:55:56 | run=2ca6 | CACHE    | MISS      | column_candidates 1984534b09cc | no stored answer for this exact input — model call required
11:55:56 | run=2ca6 | CACHE    | HIT       | column_candidates 18587389d181 | answer reused — this model call did NOT happen
11:55:56 | run=2ca6 | CACHE    | HIT       | column_candidates b4740a7243a0 | answer reused — this model call did NOT happen
11:55:56 | run=2ca6 | CACHE    | HIT       | column_candidates 71ce10d21d63 | answer reused — this model call did NOT happen
11:55:56 | run=2ca6 | CACHE    | HIT       | column_candidates 02ac517a9f26 | answer reused — this model call did NOT happen
11:55:56 | run=2ca6 | CACHE    | HIT       | column_candidates 846754532585 | answer reused — this model call did NOT happen
11:55:56 | run=2ca6 | CACHE    | HIT       | column_candidates d564af15b86a | answer reused — this model call did NOT happen
11:55:56 | run=2ca6 | CACHE    | HIT       | column_candidates fa01b999985b | answer reused — this model call did NOT happen
11:55:56 | run=2ca6 | CACHE    | HIT       | column_candidates 19594bc4c4f3 | answer reused — this model call did NOT happen
11:55:56 | run=2ca6 | CACHE    | HIT       | column_candidates f6537772153e | answer reused — this model call did NOT happen
11:55:56 | run=2ca6 | CACHE    | HIT       | column_candidates 5ab3e4202ce0 | answer reused — this model call did NOT happen
11:55:56 | run=2ca6 | CACHE    | HIT       | column_candidates 61c31940cfed | answer reused — this model call did NOT happen
11:55:56 | run=2ca6 | CACHE    | HIT       | column_candidates 8e19555ef2ad | answer reused — this model call did NOT happen
11:55:56 | run=2ca6 | CACHE    | MISS      | column_candidates 6720197420db | no stored answer for this exact input — model call required
11:55:56 | run=2ca6 | CACHE    | HIT       | column_candidates 51b301a554cb | answer reused — this model call did NOT happen
11:55:56 | run=2ca6 | CACHE    | HIT       | column_candidates d747e57eae56 | answer reused — this model call did NOT happen
11:55:56 | run=2ca6 | CACHE    | HIT       | column_candidates a090116ca477 | answer reused — this model call did NOT happen
11:55:56 | run=2ca6 | CACHE    | HIT       | column_candidates 068e7f42c2db | answer reused — this model call did NOT happen
11:55:56 | run=2ca6 | CACHE    | HIT       | column_candidates e54add4b6fb4 | answer reused — this model call did NOT happen
11:55:56 | run=2ca6 | CACHE    | HIT       | column_candidates 385ee147e364 | answer reused — this model call did NOT happen
11:55:56 | run=2ca6 | CACHE    | MISS      | column_candidates f4ebc54221b4 | no stored answer for this exact input — model call required
11:55:56 | run=2ca6 | CACHE    | MISS      | column_candidates f530997ce23c | no stored answer for this exact input — model call required
11:55:56 | run=2ca6 | CACHE    | HIT       | column_candidates f1c4d4ec8bb1 | answer reused — this model call did NOT happen
11:55:56 | run=2ca6 | CACHE    | HIT       | column_candidates f4df51ed8de0 | answer reused — this model call did NOT happen
11:55:56 | run=2ca6 | CACHE    | HIT       | column_candidates 48c85b301ed7 | answer reused — this model call did NOT happen
11:55:56 | run=2ca6 | CACHE    | HIT       | column_candidates 4659da188734 | answer reused — this model call did NOT happen
11:55:56 | run=2ca6 | CACHE    | HIT       | column_candidates f11aa21d4fad | answer reused — this model call did NOT happen
11:55:56 | run=2ca6 | CACHE    | HIT       | column_candidates 513464fdf43b | answer reused — this model call did NOT happen
11:55:56 | run=2ca6 | CACHE    | HIT       | column_candidates 136fb1c5a303 | answer reused — this model call did NOT happen
11:55:56 | run=2ca6 | CACHE    | HIT       | column_candidates 99f0aa4f6de3 | answer reused — this model call did NOT happen
11:55:56 | run=2ca6 | CACHE    | HIT       | column_candidates 143eef5dc043 | answer reused — this model call did NOT happen
11:55:56 | run=2ca6 | CACHE    | HIT       | column_candidates 6689e5d4fa8c | answer reused — this model call did NOT happen
11:56:09 | run=2ca6 | MAPPING  | ATTEMPT   | sheet 'Lloyds v5.2 US - aug-13-Contrac': 71 of 76 field(s) sent to AI (1 call(s), 58 answered from cache) | AI ok
11:56:09 | run=2ca6 | MAPPING  | UNMAPPED  | 'Coverholder Name' <- - | candidates: none | name - | AI - | no suitable mapping found
11:56:09 | run=2ca6 | MAPPING  | VERIFY    | 'Unique Market Reference (UMR)' <- Policy No | candidates: Policy No [SEMANTIC, name -, AI 90%] | name - | AI 90% | AI confirmed the same data at 90% — the same input column is also taken for Policy or Group Ref — confirm which one it belongs to
11:56:09 | run=2ca6 | MAPPING  | NOT-INPUT | 'Reporting Period (End Date)' <- - | candidates: none | name - | AI - | not taken from the bordereau
11:56:09 | run=2ca6 | MAPPING  | UNMAPPED  | 'Class of Business' <- - | candidates: Primary/Excess [SEMANTIC, name -, AI 60%] | name - | AI 60% | no suitable mapping found
11:56:09 | run=2ca6 | MAPPING  | UNMAPPED  | 'Type of Insurance (Direct or Type or Reinsurance)' <- - | candidates: Primary/Excess [SEMANTIC, name -, AI 70%] | name - | AI 70% | no suitable mapping found
11:56:09 | run=2ca6 | MAPPING  | UNMAPPED  | 'London Broker Reference' <- - | candidates: Broker [SEMANTIC, name -, AI 80%] | name - | AI 80% | no suitable mapping found
11:56:09 | run=2ca6 | MAPPING  | UNMAPPED  | 'Certificate Ref' <- - | candidates: none | name - | AI - | no suitable mapping found
11:56:09 | run=2ca6 | MAPPING  | AUTO      | 'Insured Full Name, Last Name or Company Name' <- Insured | candidates: Insured [SEMANTIC, name -, AI 100%] | name - | AI 100% | AI confirmed the same data at 100%
11:56:09 | run=2ca6 | MAPPING  | AUTO      | 'Insured Country Sub-division: State, Province, Territory, Canton etc.' <- Insured State | candidates: Insured State [SEMANTIC, name -, AI 100%] | name - | AI 100% | AI confirmed the same data at 100%
11:56:09 | run=2ca6 | MAPPING  | UNMAPPED  | 'Insured Country (see code list)' <- - | candidates: Insured [SIMILAR, name 83%, AI -] | name 83% | AI - | no suitable mapping found
11:56:09 | run=2ca6 | MAPPING  | AUTO      | 'Risk Inception Date' <- PolicyInception | candidates: PolicyInception [SEMANTIC, name -, AI 100%] | name - | AI 100% | AI confirmed the same data at 100%
11:56:09 | run=2ca6 | MAPPING  | AUTO      | 'Risk Expiry Date' <- PolicyExpiration | candidates: PolicyExpiration [SEMANTIC, name -, AI 100%] | name - | AI 100% | AI confirmed the same data at 100%
11:56:09 | run=2ca6 | MAPPING  | UNMAPPED  | 'Location of risk - Country' <- - | candidates: none | name - | AI - | no suitable mapping found
11:56:09 | run=2ca6 | MAPPING  | AUTO      | 'Location of Risk - Country Sub-division: State, Province, Territory, Canton etc.' <- Risk State | candidates: Risk State [SEMANTIC, name -, AI 100%] | name - | AI 100% | AI confirmed the same data at 100%
11:56:09 | run=2ca6 | MAPPING  | AUTO      | 'Transaction Type - Original Premium etc.' <- Transaction Type | candidates: Transaction Type [SEMANTIC, name 83%, AI 95%] | name 83% | AI 95% | AI confirmed the same data at 95%
11:56:09 | run=2ca6 | MAPPING  | AUTO      | 'Effective Date of Transaction' <- TransactionEffectiveDate | candidates: TransactionEffectiveDate [SEMANTIC, name -, AI 100%] | name - | AI 100% | AI confirmed the same data at 100%
11:56:09 | run=2ca6 | MAPPING  | AUTO      | 'Expiry Date of Transaction' <- TransactionExpirationDate | candidates: TransactionExpirationDate [SEMANTIC, name -, AI 100%] | name - | AI 100% | AI confirmed the same data at 100%
11:56:09 | run=2ca6 | MAPPING  | UNMAPPED  | 'Original Currency' <- - | candidates: none | name - | AI - | no suitable mapping found
11:56:09 | run=2ca6 | MAPPING  | AUTO      | 'Gross premium paid this time' <- Gross Premium | candidates: Gross Premium [SEMANTIC, name 83%, AI 90%] | name 83% | AI 90% | AI confirmed the same data at 90%
11:56:09 | run=2ca6 | MAPPING  | AUTO      | 'Terrorism premium' <- TRIA PREM | candidates: TRIA PREM [SEMANTIC, name -, AI 100%] | name - | AI 100% | AI confirmed the same data at 100%
11:56:09 | run=2ca6 | MAPPING  | AUTO      | 'Commission %' <- Commission Rate | candidates: Commission Rate [ALIAS, name -, AI 95%] | name - | AI 95% | 'Commission Rate' is a known way of writing this field
11:56:09 | run=2ca6 | MAPPING  | AUTO      | 'Commission Amount' <- Commission Amount | candidates: Commission Amount [EXACT, name -, AI -] | name - | AI - | the file uses the same column name
11:56:09 | run=2ca6 | MAPPING  | VERIFY    | 'Net Premium to London in original currency' <- Net Premium | candidates: Net Premium [SEMANTIC, name -, AI 90%] | name - | AI 90% | AI confirmed the same data at 90% — the same input column is also taken for Final Net Premium (Original Currency), Final Net Premium (Settlement Currency) — confirm which one it belongs to
11:56:09 | run=2ca6 | MAPPING  | UNMAPPED  | 'Settlement Currency' <- - | candidates: none | name - | AI - | no suitable mapping found
11:56:09 | run=2ca6 | MAPPING  | AUTO      | 'State of Filing (see code list)' <- State of Filing | candidates: State of Filing [SEMANTIC, name 100%, AI 95%] | name 100% | AI 95% | AI confirmed the same data at 95%
11:56:09 | run=2ca6 | MAPPING  | AUTO      | 'Surplus Lines Broker Name' <- Surplus Lines Filing Broker | candidates: Surplus Lines Filing Broker [SEMANTIC, name -, AI 100%] | name - | AI 100% | AI confirmed the same data at 100%
11:56:09 | run=2ca6 | MAPPING  | NOT-INPUT | 'Surplus Lines Broker Licence No' <- - | candidates: none | name - | AI - | not taken from the bordereau
11:56:09 | run=2ca6 | MAPPING  | AUTO      | 'New Jersey SLA No' <- NJ Transaction No | candidates: NJ Transaction No [SEMANTIC, name -, AI 100%] | name - | AI 100% | AI confirmed the same data at 100%
11:56:09 | run=2ca6 | MAPPING  | AUTO      | 'Surplus Lines Broker Address' <- Surplus Lines Broker Address | candidates: Surplus Lines Broker Address [EXACT, name -, AI -] | name - | AI - | the file uses the same column name
11:56:09 | run=2ca6 | MAPPING  | AUTO      | 'Surplus Lines Broker State' <- Surplus Lines Broker State | candidates: Surplus Lines Broker State [EXACT, name -, AI -] | name - | AI - | the file uses the same column name
11:56:09 | run=2ca6 | MAPPING  | AUTO      | 'Surplus Lines Broker Zip Code' <- Surplus Lines Broker Zip | candidates: Surplus Lines Broker Zip [SEMANTIC, name 100%, AI 95%] | name 100% | AI 95% | AI confirmed the same data at 95%
11:56:09 | run=2ca6 | MAPPING  | AUTO      | 'Total gross written premium' <- Cumulative Prem | candidates: Cumulative Prem [SEMANTIC, name -, AI 90%], Gross Premium [SIMILAR, name 83%, AI -] | name 83% | AI 90% | AI confirmed the same data at 90%
11:56:09 | run=2ca6 | MAPPING  | UNMAPPED  | 'Insured Address' <- - | candidates: Insured Street [SEMANTIC, name -, AI 80%], Insured [SIMILAR, name 83%, AI -] | name 83% | AI 80% | no suitable mapping found
11:56:09 | run=2ca6 | MAPPING  | AUTO      | 'Insured Postcode, Zip Code or Similar' <- Insured Zip Code | candidates: Insured Zip Code [SEMANTIC, name 83%, AI 95%] | name 83% | AI 95% | AI confirmed the same data at 95%
11:56:09 | run=2ca6 | MAPPING  | AUTO      | 'Policy or Group Ref' <- Policy No | candidates: Policy No [SEMANTIC, name -, AI 95%] | name - | AI 95% | AI confirmed the same data at 95%
11:56:09 | run=2ca6 | MAPPING  | UNMAPPED  | 'Sum Insured Currency (see code list)' <- - | candidates: none | name - | AI - | no suitable mapping found
11:56:09 | run=2ca6 | MAPPING  | AUTO      | 'Sum Insured Amount' <- BtotalTIV | candidates: BtotalTIV [SEMANTIC, name -, AI 90%] | name - | AI 90% | AI confirmed the same data at 90%
11:56:09 | run=2ca6 | MAPPING  | UNMAPPED  | 'Tax 5 - Jurisdiction: Country, State, Province, Territory' <- - | candidates: Risk State [SEMANTIC, name -, AI 70%] | name - | AI 70% | no suitable mapping found
11:56:09 | run=2ca6 | MAPPING  | AUTO      | 'Intermediary 1 - Name' <- Surplus Lines Filing Broker | candidates: Surplus Lines Filing Broker [SEMANTIC, name -, AI 90%] | name - | AI 90% | AI confirmed the same data at 90%
11:56:09 | run=2ca6 | MAPPING  | VERIFY    | 'Intermediary 1 - Reference No etc.' <- Surplus Lines Broker License | candidates: Surplus Lines Broker License [SEMANTIC, name -, AI 90%] | name - | AI 90% | AI confirmed the same data at 90% — the same input column is also taken for surplus lines broker identification — confirm which one it belongs to
11:56:09 | run=2ca6 | MAPPING  | AUTO      | 'Intermediary 1 - Address' <- Surplus Lines Broker Address | candidates: Surplus Lines Broker Address [SEMANTIC, name -, AI 90%] | name - | AI 90% | AI confirmed the same data at 90%
11:56:09 | run=2ca6 | MAPPING  | AUTO      | 'Intermediary 1 - Country Sub-division: State, Province, Territory, Canton etc.' <- Surplus Lines Broker State | candidates: Surplus Lines Broker State [SEMANTIC, name -, AI 90%] | name - | AI 90% | AI confirmed the same data at 90%
11:56:09 | run=2ca6 | MAPPING  | AUTO      | 'Intermediary 1 - Postcode, zip or similar' <- Surplus Lines Broker Zip | candidates: Surplus Lines Broker Zip [SEMANTIC, name -, AI 90%] | name - | AI 90% | AI confirmed the same data at 90%
11:56:09 | run=2ca6 | MAPPING  | AUTO      | 'Intermediary 2 - Name' <- Broker | candidates: Broker [SEMANTIC, name -, AI 90%] | name - | AI 90% | AI confirmed the same data at 90%
11:56:09 | run=2ca6 | MAPPING  | VERIFY    | 'Brokerage % of gross premium' <- Commission Rate | candidates: Commission Rate [SEMANTIC, name -, AI 90%], Gross Premium [SIMILAR, name 83%, AI -] | name 83% | AI 90% | AI confirmed the same data at 90% — the same input column is also taken for Commission % — confirm which one it belongs to
11:56:09 | run=2ca6 | MAPPING  | VERIFY    | 'Brokerage Amount (Original Currency)' <- Commission Amount | candidates: Commission Amount [SEMANTIC, name -, AI 95%] | name - | AI 95% | AI confirmed the same data at 95% — the same input column is also taken for Commission Amount — confirm which one it belongs to
11:56:09 | run=2ca6 | MAPPING  | VERIFY    | 'Final Net Premium (Original Currency)' <- Net Premium | candidates: Net Premium [SEMANTIC, name -, AI 95%] | name - | AI 95% | AI confirmed the same data at 95% — the same input column is also taken for Net Premium to London in original currency, Final Net Premium (Settlement Currency) — confirm which one it belongs to
11:56:09 | run=2ca6 | MAPPING  | VERIFY    | 'Final Net Premium (Settlement Currency)' <- Net Premium | candidates: Net Premium [SEMANTIC, name -, AI 95%] | name - | AI 95% | AI confirmed the same data at 95% — the same input column is also taken for Net Premium to London in original currency, Final Net Premium (Original Currency) — confirm which one it belongs to
11:56:09 | run=2ca6 | MAPPING  | AUTO      | 'Policy issuance date' <- PolicyInception | candidates: PolicyInception [SEMANTIC, name -, AI 90%] | name - | AI 90% | AI confirmed the same data at 90%
11:56:09 | run=2ca6 | MAPPING  | UNMAPPED  | 'Transaction number' <- - | candidates: Invoice # [SEMANTIC, name -, AI 80%] | name - | AI 80% | no suitable mapping found
11:56:09 | run=2ca6 | MAPPING  | UNMAPPED  | 'billing fees' <- - | candidates: none | name - | AI - | no suitable mapping found
11:56:09 | run=2ca6 | MAPPING  | UNMAPPED  | 'filing fees' <- - | candidates: none | name - | AI - | no suitable mapping found
11:56:09 | run=2ca6 | MAPPING  | UNMAPPED  | 'gross policy fees' <- - | candidates: none | name - | AI - | no suitable mapping found
11:56:09 | run=2ca6 | MAPPING  | UNMAPPED  | 'program premium (less returns and cancellations)' <- - | candidates: none | name - | AI - | no suitable mapping found
11:56:09 | run=2ca6 | MAPPING  | AUTO      | 'surplus lines broker identification' <- Surplus Lines Broker License | candidates: Surplus Lines Broker License [SEMANTIC, name -, AI 95%] | name - | AI 95% | AI confirmed the same data at 95%
11:56:09 | run=2ca6 | MAPPING  | UNMAPPED  | 'administrator policy/inspection/modeling/audit fee' <- - | candidates: none | name - | AI - | no suitable mapping found
11:56:09 | run=2ca6 | MAPPING  | AUTO      | 'apd per auto limit' <- APD  Unit Limit | candidates: APD  Unit Limit [SEMANTIC, name -, AI 90%] | name - | AI 90% | AI confirmed the same data at 90%
11:56:09 | run=2ca6 | MAPPING  | AUTO      | 'apd terminal limit' <- APD per Occ / Terminal Limit | candidates: APD per Occ / Terminal Limit [SEMANTIC, name 93%, AI 95%] | name 93% | AI 95% | AI confirmed the same data at 95%
11:56:09 | run=2ca6 | MAPPING  | UNMAPPED  | 'backdating of coverage' <- - | candidates: none | name - | AI - | no suitable mapping found
11:56:09 | run=2ca6 | MAPPING  | UNMAPPED  | 'commissions schedule' <- - | candidates: none | name - | AI - | no suitable mapping found
11:56:09 | run=2ca6 | MAPPING  | AUTO      | 'facultative reinsurance placements' <- Faculative Re(Y/N) | candidates: Faculative Re(Y/N) [SEMANTIC, name -, AI 95%] | name - | AI 95% | AI confirmed the same data at 95%
11:56:09 | run=2ca6 | MAPPING  | UNMAPPED  | 'home state policy in alaska and/or hawaii' <- - | candidates: none | name - | AI - | no suitable mapping found
11:56:09 | run=2ca6 | MAPPING  | UNMAPPED  | 'key employee name' <- - | candidates: none | name - | AI - | no suitable mapping found
11:56:09 | run=2ca6 | MAPPING  | VERIFY    | 'maximum limits per policy' <- Pol Occ Limit | candidates: Pol Occ Limit [SEMANTIC, name -, AI 85%] | name - | AI 85% | AI 85% — needs a person to confirm
11:56:09 | run=2ca6 | MAPPING  | AUTO      | 'mtc per occurrence terminal limit' <- MTC per occurrence | candidates: MTC per occurrence [SEMANTIC, name 83%, AI 95%] | name 83% | AI 95% | AI confirmed the same data at 95%
11:56:09 | run=2ca6 | MAPPING  | AUTO      | 'mtc vehicle limit' <- MTC per Vehicle Limit | candidates: MTC per Vehicle Limit [SEMANTIC, name 100%, AI 95%] | name 100% | AI 95% | AI confirmed the same data at 95%
11:56:09 | run=2ca6 | MAPPING  | UNMAPPED  | 'paper utilization' <- - | candidates: none | name - | AI - | no suitable mapping found
11:56:09 | run=2ca6 | MAPPING  | UNMAPPED  | 'percentage of total risk' <- - | candidates: none | name - | AI - | no suitable mapping found
11:56:09 | run=2ca6 | MAPPING  | UNMAPPED  | 'policy period' <- - | candidates: none | name - | AI - | no suitable mapping found
11:56:09 | run=2ca6 | MAPPING  | UNMAPPED  | 'policy type' <- - | candidates: Primary/Excess [SEMANTIC, name -, AI 70%] | name - | AI 70% | no suitable mapping found
11:56:09 | run=2ca6 | MAPPING  | UNMAPPED  | 'policy uses super specialty paper' <- - | candidates: none | name - | AI - | no suitable mapping found
11:56:09 | run=2ca6 | MAPPING  | UNMAPPED  | 'program name' <- - | candidates: Division [SEMANTIC, name -, AI 60%] | name - | AI 60% | no suitable mapping found
11:56:09 | run=2ca6 | MAPPING  | UNMAPPED  | 'program schedule inception date' <- - | candidates: none | name - | AI - | no suitable mapping found
11:56:09 | run=2ca6 | MAPPING  | UNMAPPED  | 'territory' <- - | candidates: Risk State [SEMANTIC, name -, AI 80%] | name - | AI 80% | no suitable mapping found
11:56:09 | run=2ca6 | MAPPING  | AUTO      | 'underwriter name' <- UW | candidates: UW [SEMANTIC, name -, AI 95%] | name - | AI 95% | AI confirmed the same data at 95%
11:56:09 | run=2ca6 | MAPPING  | AUTO      | 'writing company' <- Carrier | candidates: Carrier [SEMANTIC, name -, AI 95%] | name - | AI 95% | AI confirmed the same data at 95%
11:57:44 | run=2ca6 | CACHE    | MISS      | var_reconcile e46205c3e957 | no stored answer for this exact input — model call required
11:57:45 | run=2ca6 | CACHE    | MISS      | var_reconcile 628d2a14c1c4 | no stored answer for this exact input — model call required
11:57:46 | run=2ca6 | CACHE    | MISS      | var_reconcile 25aebe2d443a | no stored answer for this exact input — model call required
11:57:47 | run=2ca6 | CACHE    | HIT       | var_reconcile 25aebe2d443a | answer reused — this model call did NOT happen
11:57:47 | run=2ca6 | CACHE    | MISS      | var_reconcile 5c895cd8ab77 | no stored answer for this exact input — model call required
11:57:48 | run=2ca6 | CACHE    | MISS      | var_reconcile 3bb860c97bf2 | no stored answer for this exact input — model call required
11:57:49 | run=2ca6 | CACHE    | MISS      | var_reconcile b6409e61b287 | no stored answer for this exact input — model call required
11:57:50 | run=2ca6 | CACHE    | MISS      | var_reconcile a217d7b2babf | no stored answer for this exact input — model call required
11:57:51 | run=2ca6 | CACHE    | MISS      | var_reconcile 8cf21f8ce130 | no stored answer for this exact input — model call required
11:00:17 | run=2ca6 | CACHE    | MISS      | contract_fields ad0d04a59397 | no stored answer for this exact input — model call required
11:00:19 | run=2ca6 | CACHE    | HIT       | column_candidates dd80b9ecb638 | answer reused — this model call did NOT happen
11:00:19 | run=2ca6 | CACHE    | HIT       | column_candidates 5b5b8666629e | answer reused — this model call did NOT happen
11:00:19 | run=2ca6 | CACHE    | HIT       | column_candidates cc38acb7b585 | answer reused — this model call did NOT happen
11:00:19 | run=2ca6 | CACHE    | HIT       | column_candidates ccc28dfe2aab | answer reused — this model call did NOT happen
11:00:19 | run=2ca6 | CACHE    | HIT       | column_candidates ab3c8853e5c6 | answer reused — this model call did NOT happen
11:00:19 | run=2ca6 | CACHE    | HIT       | column_candidates 7c258b2bfeb8 | answer reused — this model call did NOT happen
11:00:19 | run=2ca6 | CACHE    | HIT       | column_candidates 2e9379c210fa | answer reused — this model call did NOT happen
11:00:19 | run=2ca6 | CACHE    | HIT       | column_candidates d39dfecea09a | answer reused — this model call did NOT happen
11:00:19 | run=2ca6 | CACHE    | HIT       | column_candidates b013bd1780bf | answer reused — this model call did NOT happen
11:00:19 | run=2ca6 | CACHE    | HIT       | column_candidates 9014da19a4fd | answer reused — this model call did NOT happen
11:00:19 | run=2ca6 | CACHE    | HIT       | column_candidates 0d25b8a960a5 | answer reused — this model call did NOT happen
11:00:19 | run=2ca6 | CACHE    | HIT       | column_candidates 105519ab5672 | answer reused — this model call did NOT happen
11:00:19 | run=2ca6 | CACHE    | HIT       | column_candidates 25db2e681942 | answer reused — this model call did NOT happen
11:00:20 | run=2ca6 | CACHE    | HIT       | column_candidates d6a2ab11b9bc | answer reused — this model call did NOT happen
11:00:20 | run=2ca6 | CACHE    | HIT       | column_candidates 51dd50065165 | answer reused — this model call did NOT happen
11:00:21 | run=2ca6 | CACHE    | HIT       | column_candidates 395e91c4945a | answer reused — this model call did NOT happen
11:00:21 | run=2ca6 | CACHE    | HIT       | column_candidates 9e161b7e4802 | answer reused — this model call did NOT happen
11:00:21 | run=2ca6 | CACHE    | HIT       | column_candidates 104144f0d82b | answer reused — this model call did NOT happen
11:00:21 | run=2ca6 | CACHE    | HIT       | column_candidates e45d9399318c | answer reused — this model call did NOT happen
11:00:21 | run=2ca6 | CACHE    | HIT       | column_candidates 37e09da1167e | answer reused — this model call did NOT happen
11:00:21 | run=2ca6 | CACHE    | HIT       | column_candidates 76680fcbec71 | answer reused — this model call did NOT happen
11:00:21 | run=2ca6 | CACHE    | HIT       | column_candidates 0f3652821571 | answer reused — this model call did NOT happen
11:00:21 | run=2ca6 | CACHE    | HIT       | column_candidates 769f491bf77e | answer reused — this model call did NOT happen
11:00:21 | run=2ca6 | CACHE    | HIT       | column_candidates a2050ec3bd3d | answer reused — this model call did NOT happen
11:00:21 | run=2ca6 | CACHE    | HIT       | column_candidates 9fad8d575b1e | answer reused — this model call did NOT happen
11:00:21 | run=2ca6 | CACHE    | HIT       | column_candidates 3f0ac428f70e | answer reused — this model call did NOT happen
11:00:21 | run=2ca6 | CACHE    | HIT       | column_candidates 11e85d257610 | answer reused — this model call did NOT happen
11:00:21 | run=2ca6 | CACHE    | HIT       | column_candidates 63e7284e19e8 | answer reused — this model call did NOT happen
11:00:21 | run=2ca6 | CACHE    | HIT       | column_candidates 8efb2608f098 | answer reused — this model call did NOT happen
11:00:21 | run=2ca6 | CACHE    | HIT       | column_candidates 143fb05a4969 | answer reused — this model call did NOT happen
11:00:21 | run=2ca6 | CACHE    | HIT       | column_candidates 5cb331d35e60 | answer reused — this model call did NOT happen
11:00:21 | run=2ca6 | CACHE    | HIT       | column_candidates 7df1d400277c | answer reused — this model call did NOT happen
11:00:21 | run=2ca6 | CACHE    | HIT       | column_candidates 23d40d54bc09 | answer reused — this model call did NOT happen
11:00:22 | run=2ca6 | CACHE    | HIT       | column_candidates 994e78a37b77 | answer reused — this model call did NOT happen
11:00:22 | run=2ca6 | CACHE    | HIT       | column_candidates 77bcb2ecafe6 | answer reused — this model call did NOT happen
11:00:22 | run=2ca6 | CACHE    | HIT       | column_candidates 424a7e581d45 | answer reused — this model call did NOT happen
11:00:22 | run=2ca6 | CACHE    | HIT       | column_candidates e44692c42faf | answer reused — this model call did NOT happen
11:00:22 | run=2ca6 | CACHE    | HIT       | column_candidates a343bdcf7599 | answer reused — this model call did NOT happen
11:00:22 | run=2ca6 | CACHE    | HIT       | column_candidates ea56a4771229 | answer reused — this model call did NOT happen
11:00:22 | run=2ca6 | CACHE    | HIT       | column_candidates 6ce43c8805b3 | answer reused — this model call did NOT happen
11:00:22 | run=2ca6 | CACHE    | HIT       | column_candidates 387a1e01fcf2 | answer reused — this model call did NOT happen
11:00:22 | run=2ca6 | CACHE    | HIT       | column_candidates 269adff130ad | answer reused — this model call did NOT happen
11:00:22 | run=2ca6 | CACHE    | HIT       | column_candidates 08f1e9e21486 | answer reused — this model call did NOT happen
11:00:22 | run=2ca6 | CACHE    | HIT       | column_candidates 3e7ded5fdfda | answer reused — this model call did NOT happen
11:00:22 | run=2ca6 | CACHE    | HIT       | column_candidates c8bf8ac71422 | answer reused — this model call did NOT happen
11:00:22 | run=2ca6 | CACHE    | HIT       | column_candidates d5001caa169d | answer reused — this model call did NOT happen
11:00:22 | run=2ca6 | CACHE    | HIT       | column_candidates fe8fa6a8491d | answer reused — this model call did NOT happen
11:00:22 | run=2ca6 | CACHE    | HIT       | column_candidates 341dca8dcdbb | answer reused — this model call did NOT happen
11:00:22 | run=2ca6 | CACHE    | HIT       | column_candidates 0fd92c616ece | answer reused — this model call did NOT happen
11:00:22 | run=2ca6 | CACHE    | HIT       | column_candidates 87611b4702f2 | answer reused — this model call did NOT happen
11:00:22 | run=2ca6 | CACHE    | HIT       | column_candidates 900189043705 | answer reused — this model call did NOT happen
11:00:22 | run=2ca6 | CACHE    | HIT       | column_candidates 3e8e13a21e51 | answer reused — this model call did NOT happen
11:00:22 | run=2ca6 | CACHE    | HIT       | column_candidates 60182f076b74 | answer reused — this model call did NOT happen
11:00:22 | run=2ca6 | CACHE    | HIT       | column_candidates 92b9a93780d2 | answer reused — this model call did NOT happen
11:00:22 | run=2ca6 | CACHE    | HIT       | column_candidates 83f899495d4e | answer reused — this model call did NOT happen
11:00:22 | run=2ca6 | CACHE    | HIT       | column_candidates f912ab8533e4 | answer reused — this model call did NOT happen
11:00:22 | run=2ca6 | CACHE    | HIT       | column_candidates 74d37fd66dc0 | answer reused — this model call did NOT happen
11:00:22 | run=2ca6 | CACHE    | HIT       | column_candidates 50d2b354f07a | answer reused — this model call did NOT happen
11:00:22 | run=2ca6 | CACHE    | HIT       | column_candidates bd5a6ea4cdf8 | answer reused — this model call did NOT happen
11:00:22 | run=2ca6 | CACHE    | HIT       | column_candidates 2901e43bbd1c | answer reused — this model call did NOT happen
11:00:22 | run=2ca6 | CACHE    | HIT       | column_candidates 42b9c656f9d3 | answer reused — this model call did NOT happen
11:00:22 | run=2ca6 | CACHE    | HIT       | column_candidates 37f857e10cbb | answer reused — this model call did NOT happen
11:00:22 | run=2ca6 | CACHE    | HIT       | column_candidates dc5d507b2720 | answer reused — this model call did NOT happen
11:00:22 | run=2ca6 | CACHE    | HIT       | column_candidates 71055183aff9 | answer reused — this model call did NOT happen
11:00:22 | run=2ca6 | CACHE    | HIT       | column_candidates 4129cfe4f9e6 | answer reused — this model call did NOT happen
11:00:22 | run=2ca6 | CACHE    | HIT       | column_candidates 14273d1b3f2b | answer reused — this model call did NOT happen
11:00:22 | run=2ca6 | CACHE    | HIT       | column_candidates 7a9c4060815c | answer reused — this model call did NOT happen
11:00:22 | run=2ca6 | CACHE    | HIT       | column_candidates 4fd77a43c711 | answer reused — this model call did NOT happen
11:00:22 | run=2ca6 | CACHE    | HIT       | column_candidates f793871276c1 | answer reused — this model call did NOT happen
11:00:22 | run=2ca6 | CACHE    | HIT       | column_candidates 751d0f648564 | answer reused — this model call did NOT happen
11:00:22 | run=2ca6 | CACHE    | HIT       | column_candidates 09cbb1df4736 | answer reused — this model call did NOT happen
11:00:22 | run=2ca6 | CACHE    | HIT       | column_candidates 245c1e794045 | answer reused — this model call did NOT happen
11:00:22 | run=2ca6 | CACHE    | HIT       | column_candidates a4d08fb946ed | answer reused — this model call did NOT happen
11:00:22 | run=2ca6 | CACHE    | HIT       | column_candidates 1a0d51a8cee2 | answer reused — this model call did NOT happen
11:00:22 | run=2ca6 | CACHE    | HIT       | column_candidates 3f087de75838 | answer reused — this model call did NOT happen
11:00:22 | run=2ca6 | CACHE    | HIT       | column_candidates 73a6e0da8d46 | answer reused — this model call did NOT happen
11:00:22 | run=2ca6 | CACHE    | HIT       | column_candidates 7c018cfe52d5 | answer reused — this model call did NOT happen
11:00:22 | run=2ca6 | CACHE    | HIT       | column_candidates 6cd6eef04fe7 | answer reused — this model call did NOT happen
11:00:22 | run=2ca6 | CACHE    | HIT       | column_candidates 9f98e9e1d5b6 | answer reused — this model call did NOT happen
11:00:22 | run=2ca6 | CACHE    | HIT       | column_candidates 591ca3790c35 | answer reused — this model call did NOT happen
11:00:22 | run=2ca6 | CACHE    | HIT       | column_candidates b56ed3fce3b7 | answer reused — this model call did NOT happen
11:00:22 | run=2ca6 | CACHE    | HIT       | column_candidates 0638ba3b9f2f | answer reused — this model call did NOT happen
11:00:22 | run=2ca6 | CACHE    | HIT       | column_candidates 98ef8c02b7a2 | answer reused — this model call did NOT happen
11:00:23 | run=2ca6 | CACHE    | HIT       | column_candidates c41ef67e23a5 | answer reused — this model call did NOT happen
11:00:23 | run=2ca6 | CACHE    | HIT       | column_candidates 715f3bb4374a | answer reused — this model call did NOT happen
11:00:23 | run=2ca6 | CACHE    | HIT       | column_candidates 8b314d2ba767 | answer reused — this model call did NOT happen
11:00:23 | run=2ca6 | CACHE    | HIT       | column_candidates 40e363bb2268 | answer reused — this model call did NOT happen
11:00:23 | run=2ca6 | CACHE    | HIT       | column_candidates 80981a88d4b6 | answer reused — this model call did NOT happen
11:00:23 | run=2ca6 | CACHE    | HIT       | column_candidates 73833e482d9a | answer reused — this model call did NOT happen
11:00:23 | run=2ca6 | CACHE    | HIT       | column_candidates e1a6f7c7bb0f | answer reused — this model call did NOT happen
11:00:23 | run=2ca6 | CACHE    | HIT       | column_candidates 901ab3dbcd8c | answer reused — this model call did NOT happen
11:00:23 | run=2ca6 | CACHE    | HIT       | column_candidates 194caa219f75 | answer reused — this model call did NOT happen
11:00:23 | run=2ca6 | CACHE    | HIT       | column_candidates 2c54b2713ca7 | answer reused — this model call did NOT happen
11:00:23 | run=2ca6 | CACHE    | HIT       | column_candidates ca6501f38aca | answer reused — this model call did NOT happen
11:00:23 | run=2ca6 | CACHE    | HIT       | column_candidates d7a577041cd0 | answer reused — this model call did NOT happen
11:00:23 | run=2ca6 | CACHE    | HIT       | column_candidates ab14976292b2 | answer reused — this model call did NOT happen
11:00:23 | run=2ca6 | CACHE    | HIT       | column_candidates 9ab37aed251c | answer reused — this model call did NOT happen
11:00:23 | run=2ca6 | CACHE    | HIT       | column_candidates 692d9f02e594 | answer reused — this model call did NOT happen
11:00:23 | run=2ca6 | CACHE    | HIT       | column_candidates a83cfeca4254 | answer reused — this model call did NOT happen
11:00:23 | run=2ca6 | CACHE    | HIT       | column_candidates 9e5e71670240 | answer reused — this model call did NOT happen
11:00:23 | run=2ca6 | CACHE    | HIT       | column_candidates 702ac94e6551 | answer reused — this model call did NOT happen
11:00:23 | run=2ca6 | CACHE    | HIT       | column_candidates c2bdc748527f | answer reused — this model call did NOT happen
11:00:23 | run=2ca6 | CACHE    | HIT       | column_candidates c867b2308df8 | answer reused — this model call did NOT happen
11:00:23 | run=2ca6 | CACHE    | HIT       | column_candidates 181c383b497e | answer reused — this model call did NOT happen
11:00:23 | run=2ca6 | CACHE    | HIT       | column_candidates 984effcac8bc | answer reused — this model call did NOT happen
11:00:23 | run=2ca6 | CACHE    | HIT       | column_candidates 474816002db4 | answer reused — this model call did NOT happen
11:00:23 | run=2ca6 | CACHE    | HIT       | column_candidates b0153a40c013 | answer reused — this model call did NOT happen
11:00:23 | run=2ca6 | CACHE    | HIT       | column_candidates 514014080565 | answer reused — this model call did NOT happen
11:00:23 | run=2ca6 | CACHE    | HIT       | column_candidates 2f8efbc43c63 | answer reused — this model call did NOT happen
11:00:23 | run=2ca6 | CACHE    | HIT       | column_candidates 5ebc79e9c1ba | answer reused — this model call did NOT happen
11:00:23 | run=2ca6 | CACHE    | HIT       | column_candidates 5356db65dfe3 | answer reused — this model call did NOT happen
11:00:23 | run=2ca6 | CACHE    | HIT       | column_candidates 53e2954b0f96 | answer reused — this model call did NOT happen
11:00:23 | run=2ca6 | CACHE    | HIT       | column_candidates fe4eaa62ba7a | answer reused — this model call did NOT happen
11:00:23 | run=2ca6 | CACHE    | HIT       | column_candidates e74d4628e399 | answer reused — this model call did NOT happen
11:00:23 | run=2ca6 | CACHE    | HIT       | column_candidates ad3cc9da70e1 | answer reused — this model call did NOT happen
11:00:23 | run=2ca6 | CACHE    | HIT       | column_candidates a0306c51a7ff | answer reused — this model call did NOT happen
11:00:23 | run=2ca6 | CACHE    | HIT       | column_candidates b28dda164962 | answer reused — this model call did NOT happen
11:00:23 | run=2ca6 | CACHE    | HIT       | column_candidates 3b3354a30e0f | answer reused — this model call did NOT happen
11:00:23 | run=2ca6 | CACHE    | HIT       | column_candidates f7ac6c032fbb | answer reused — this model call did NOT happen
11:00:23 | run=2ca6 | CACHE    | HIT       | column_candidates f83c806c97b8 | answer reused — this model call did NOT happen
11:00:23 | run=2ca6 | CACHE    | HIT       | column_candidates 91fa42786df5 | answer reused — this model call did NOT happen
11:00:23 | run=2ca6 | CACHE    | HIT       | column_candidates 0cfb271283a8 | answer reused — this model call did NOT happen
11:00:23 | run=2ca6 | CACHE    | HIT       | column_candidates b8808efb35b1 | answer reused — this model call did NOT happen
11:00:23 | run=2ca6 | CACHE    | HIT       | column_candidates 149fd1ffd4ea | answer reused — this model call did NOT happen
11:00:23 | run=2ca6 | CACHE    | HIT       | column_candidates c6cba89ad45c | answer reused — this model call did NOT happen
11:00:23 | run=2ca6 | CACHE    | HIT       | column_candidates e1119df9fe69 | answer reused — this model call did NOT happen
11:00:23 | run=2ca6 | CACHE    | HIT       | column_candidates 167e032d0495 | answer reused — this model call did NOT happen
11:00:23 | run=2ca6 | CACHE    | HIT       | column_candidates 17c9acffe44d | answer reused — this model call did NOT happen
11:00:23 | run=2ca6 | CACHE    | HIT       | column_candidates 18587389d181 | answer reused — this model call did NOT happen
11:00:23 | run=2ca6 | CACHE    | HIT       | column_candidates b4740a7243a0 | answer reused — this model call did NOT happen
11:00:23 | run=2ca6 | CACHE    | HIT       | column_candidates 5cf65d664591 | answer reused — this model call did NOT happen
11:00:23 | run=2ca6 | CACHE    | HIT       | column_candidates 2a8eeb4fff38 | answer reused — this model call did NOT happen
11:00:23 | run=2ca6 | CACHE    | HIT       | column_candidates 729533bf604c | answer reused — this model call did NOT happen
11:00:24 | run=2ca6 | CACHE    | HIT       | column_candidates 71ce10d21d63 | answer reused — this model call did NOT happen
11:00:24 | run=2ca6 | CACHE    | HIT       | column_candidates 7e525cb395ae | answer reused — this model call did NOT happen
11:00:24 | run=2ca6 | CACHE    | HIT       | column_candidates 02ac517a9f26 | answer reused — this model call did NOT happen
11:00:24 | run=2ca6 | CACHE    | HIT       | column_candidates e62cbf97b50f | answer reused — this model call did NOT happen
11:00:24 | run=2ca6 | CACHE    | HIT       | column_candidates f70829582e4c | answer reused — this model call did NOT happen
11:00:24 | run=2ca6 | CACHE    | HIT       | column_candidates 846754532585 | answer reused — this model call did NOT happen
11:00:24 | run=2ca6 | CACHE    | HIT       | column_candidates c546e30728a8 | answer reused — this model call did NOT happen
11:00:24 | run=2ca6 | CACHE    | HIT       | column_candidates 39a695136a15 | answer reused — this model call did NOT happen
11:00:24 | run=2ca6 | CACHE    | HIT       | column_candidates 3e387c70a450 | answer reused — this model call did NOT happen
11:00:24 | run=2ca6 | CACHE    | HIT       | column_candidates de0df20d90e5 | answer reused — this model call did NOT happen
11:00:24 | run=2ca6 | CACHE    | HIT       | column_candidates 6689e5d4fa8c | answer reused — this model call did NOT happen
11:00:24 | run=2ca6 | CACHE    | HIT       | column_candidates f4df51ed8de0 | answer reused — this model call did NOT happen
11:00:24 | run=2ca6 | CACHE    | HIT       | column_candidates 4659da188734 | answer reused — this model call did NOT happen
11:00:24 | run=2ca6 | CACHE    | HIT       | column_candidates 385ee147e364 | answer reused — this model call did NOT happen
11:00:24 | run=2ca6 | CACHE    | HIT       | column_candidates 8e19555ef2ad | answer reused — this model call did NOT happen
11:00:24 | run=2ca6 | CACHE    | HIT       | column_candidates a3cf3e3dd13e | answer reused — this model call did NOT happen
11:00:24 | run=2ca6 | CACHE    | HIT       | column_candidates b5b562d40de8 | answer reused — this model call did NOT happen
11:00:24 | run=2ca6 | CACHE    | HIT       | column_candidates af7105803ef4 | answer reused — this model call did NOT happen
11:00:24 | run=2ca6 | CACHE    | HIT       | column_candidates 068e7f42c2db | answer reused — this model call did NOT happen
11:00:24 | run=2ca6 | CACHE    | HIT       | column_candidates a090116ca477 | answer reused — this model call did NOT happen
11:00:24 | run=2ca6 | CACHE    | HIT       | column_candidates 61c31940cfed | answer reused — this model call did NOT happen
11:00:24 | run=2ca6 | CACHE    | HIT       | column_candidates e54add4b6fb4 | answer reused — this model call did NOT happen
11:00:24 | run=2ca6 | CACHE    | HIT       | column_candidates 143eef5dc043 | answer reused — this model call did NOT happen
11:01:07 | run=2ca6 | CACHE    | HIT       | template_canonical 8f1987abc9b9 | answer reused — this model call did NOT happen
11:01:07 | run=2ca6 | CACHE    | HIT       | template_canonical 1c350e9f4774 | answer reused — this model call did NOT happen
11:01:07 | run=2ca6 | CACHE    | HIT       | template_canonical dd88f7d2140f | answer reused — this model call did NOT happen
11:01:07 | run=2ca6 | CACHE    | HIT       | template_canonical ed086d454406 | answer reused — this model call did NOT happen
11:01:07 | run=2ca6 | CACHE    | HIT       | template_canonical 5069c17c9399 | answer reused — this model call did NOT happen

============================================================================================================
RUN b479  started 2026-09-22 09:24:40  |  contract=tmpb3k2vlb2.pdf template_fields=0
============================================================================================================
09:24:40 | run=b479 | CACHE    | MISS      | clause_extraction 07e8ca86e89b | no stored answer for this exact input — model call required
09:26:24 | run=b479 | LLM      | THINKING_CAPPED | Pipeline1-FullDocument: 16,382 of 16,384 thinking tokens (gemini-2.5-flash) | reasoning ran out of budget — answers like this were measured to vary between identical requests
------------------------------------------------------------------------------------------------------------
TIMING run=b479   total 104.3s (1.7 min)
   Call 1 extraction            104.0s  99.7%  #######################################
   PDF parse (no AI)              0.2s   0.2%  
   (other / overlap)              0.1s
------------------------------------------------------------------------------------------------------------

============================================================================================================
RUN e8a6  started 2026-09-22 09:32:17  |  contract=tmpp9gedsej.pdf template_fields=0
============================================================================================================
09:32:17 | run=e8a6 | CACHE    | HIT       | clause_extraction 07e8ca86e89b | answer reused — this model call did NOT happen
09:32:17 | run=e8a6 | CALL1    | SKIPPED   | clauses served from cache (whole_document, gemini-2.5-flash) | same prompt, config, model and tenant as a complete earlier read — a re-ask could return a different clause set
09:32:17 | run=e8a6 | CACHE    | MISS      | rule_intents 4497874a7278 | no stored answer for this exact input — model call required
09:32:17 | run=e8a6 | CALL2    | ATTEMPT   | 59 clause(s) in ONE call | est answer ~19,947 of 45,875 tok budget (43%)
09:33:04 | run=e8a6 | CALL2    | SPOTCHECK | re-asked 8 of 37 rejected clause(s) | longest first — length is what dilutes attention
09:33:04 | run=e8a6 | CALL2    | OK        | single call accepted for all 59 clause(s) | spot-check found no false negatives
------------------------------------------------------------------------------------------------------------
TIMING run=e8a6   total 47.9s (0.8 min)
   Call 2 intents                46.4s  96.8%  ######################################
   PDF parse (no AI)              0.2s   0.5%  
   (other / overlap)              1.3s
------------------------------------------------------------------------------------------------------------
09:37:51 | run=e8a6 | CACHE    | MISS      | template_canonical daf260a505c4 | no stored answer for this exact input — model call required
09:38:00 | run=e8a6 | CACHE    | HIT       | template_canonical 813208a52306 | answer reused — this model call did NOT happen
09:38:00 | run=e8a6 | CACHE    | HIT       | template_canonical 3d0f363925e0 | answer reused — this model call did NOT happen
09:38:00 | run=e8a6 | CACHE    | MISS      | rule_intents b47bf9b20959 | no stored answer for this exact input — model call required
09:38:00 | run=e8a6 | CALL2    | ATTEMPT   | 59 clause(s) in ONE call | est answer ~14,157 of 45,875 tok budget (31%)
09:38:41 | run=e8a6 | CALL2    | SPOTCHECK | re-asked 8 of 37 rejected clause(s) | longest first — length is what dilutes attention
09:38:41 | run=e8a6 | CALL2    | OK        | single call accepted for all 59 clause(s) | spot-check found no false negatives
09:38:41 | run=e8a6 | CACHE    | HIT       | generic_bind 92320a5413e2 | answer reused — this model call did NOT happen
09:38:41 | run=e8a6 | CALL3    | SKIPPED   | library bind for 49 rule(s) served from cache | answer depends only on (library rows, template fields) — no contract input, so it is reused rather than re-bought
09:38:41 | run=e8a6 | CALL3    | ATTEMPT   | contract: 26 intent(s) in ONE call
09:38:41 | run=e8a6 | CACHE    | MISS      | rule_bind 502e5db33378 | no stored answer for this exact input — model call required
09:39:39 | run=e8a6 | CALL3    | OK        | contract: all 26 answered in ONE call | 6 DECLINED (no matching column) — a valid verdict, NOT a reason to re-batch; they go to relaxed retry / review
09:39:39 | run=e8a6 | CALL3    | RETRY     | relaxed retry for 6 unmapped intent(s) | the strict pass left these unbound — re-asking with the reconsider prompt before they are routed to review
09:39:39 | run=e8a6 | CACHE    | MISS      | rule_bind 5b326f721169 | no stored answer for this exact input — model call required
09:40:09 | run=e8a6 | CALL3    | RECOVERED | 1 of 6 rescued by the relaxed retry | 5 intent(s) still unbound — these become 'awaiting a column' clauses on the setup screen
09:40:09 | run=e8a6 | CACHE    | HIT       | formula_infer 2d6b1eade264 | answer reused — this model call did NOT happen
09:40:09 | run=e8a6 | CACHE    | HIT       | var_topup f7aca59898bd | answer reused — this model call did NOT happen
09:40:11 | run=e8a6 | MAPPING  | ATTEMPT   | sheet 'Sheet 2': 87 field(s), none needed AI
09:40:11 | run=e8a6 | MAPPING  | AUTO      | 'AccountID' <- AccountID | candidates: AccountID [EXACT, name -, AI -] | name - | AI - | the file uses the same column name
09:40:11 | run=e8a6 | MAPPING  | AUTO      | 'Invoice #' <- Invoice # | candidates: Invoice # [EXACT, name -, AI -] | name - | AI - | the file uses the same column name
09:40:11 | run=e8a6 | MAPPING  | AUTO      | 'Policy No' <- Policy No | candidates: Policy No [EXACT, name -, AI -] | name - | AI - | the file uses the same column name
09:40:11 | run=e8a6 | MAPPING  | AUTO      | 'Insured' <- Insured | candidates: Insured [EXACT, name -, AI -] | name - | AI - | the file uses the same column name
09:40:11 | run=e8a6 | MAPPING  | AUTO      | 'Insured Street' <- Insured Street | candidates: Insured Street [EXACT, name -, AI -] | name - | AI - | the file uses the same column name
09:40:11 | run=e8a6 | MAPPING  | AUTO      | 'Insured City' <- Insured City | candidates: Insured City [EXACT, name -, AI -] | name - | AI - | the file uses the same column name
09:40:11 | run=e8a6 | MAPPING  | AUTO      | 'Insured State' <- Insured State | candidates: Insured State [EXACT, name -, AI -] | name - | AI - | the file uses the same column name
09:40:11 | run=e8a6 | MAPPING  | AUTO      | 'Insured Zip Code' <- Insured Zip Code | candidates: Insured Zip Code [EXACT, name -, AI -] | name - | AI - | the file uses the same column name
09:40:11 | run=e8a6 | MAPPING  | AUTO      | 'Insured County' <- Insured County | candidates: Insured County [EXACT, name -, AI -] | name - | AI - | the file uses the same column name
09:40:11 | run=e8a6 | MAPPING  | AUTO      | 'PolicyInception' <- PolicyInception | candidates: PolicyInception [EXACT, name -, AI -] | name - | AI - | the file uses the same column name
09:40:11 | run=e8a6 | MAPPING  | AUTO      | 'PolicyExpiration' <- PolicyExpiration | candidates: PolicyExpiration [EXACT, name -, AI -] | name - | AI - | the file uses the same column name
09:40:11 | run=e8a6 | MAPPING  | AUTO      | 'New/Renewal' <- New/Renewal | candidates: New/Renewal [EXACT, name -, AI -] | name - | AI - | the file uses the same column name
09:40:11 | run=e8a6 | MAPPING  | AUTO      | 'ExpiringPolicyNumber' <- ExpiringPolicyNumber | candidates: ExpiringPolicyNumber [EXACT, name -, AI -] | name - | AI - | the file uses the same column name
09:40:11 | run=e8a6 | MAPPING  | AUTO      | 'Transaction Type' <- Transaction Type | candidates: Transaction Type [EXACT, name -, AI -] | name - | AI - | the file uses the same column name
09:40:11 | run=e8a6 | MAPPING  | AUTO      | 'Division' <- Division | candidates: Division [EXACT, name -, AI -] | name - | AI - | the file uses the same column name
09:40:11 | run=e8a6 | MAPPING  | AUTO      | 'Carrier' <- Carrier | candidates: Carrier [EXACT, name -, AI -] | name - | AI - | the file uses the same column name
09:40:11 | run=e8a6 | MAPPING  | AUTO      | 'UW' <- UW | candidates: UW [EXACT, name -, AI -] | name - | AI - | the file uses the same column name
09:40:11 | run=e8a6 | MAPPING  | AUTO      | 'Gross Premium' <- Gross Premium | candidates: Gross Premium [EXACT, name -, AI -] | name - | AI - | the file uses the same column name
09:40:11 | run=e8a6 | MAPPING  | AUTO      | 'Commission Rate' <- Commission Rate | candidates: Commission Rate [EXACT, name -, AI -] | name - | AI - | the file uses the same column name
09:40:11 | run=e8a6 | MAPPING  | AUTO      | 'Commission Amount' <- Commission Amount | candidates: Commission Amount [EXACT, name -, AI -] | name - | AI - | the file uses the same column name
09:40:11 | run=e8a6 | MAPPING  | AUTO      | 'Net Premium' <- Net Premium | candidates: Net Premium [EXACT, name -, AI -] | name - | AI - | the file uses the same column name
09:40:11 | run=e8a6 | MAPPING  | AUTO      | 'TRIA PREM' <- TRIA PREM | candidates: TRIA PREM [EXACT, name -, AI -] | name - | AI - | the file uses the same column name
09:40:11 | run=e8a6 | MAPPING  | AUTO      | 'TransactionDate' <- TransactionDate | candidates: TransactionDate [EXACT, name -, AI -] | name - | AI - | the file uses the same column name
09:40:11 | run=e8a6 | MAPPING  | AUTO      | 'TransactionEffectiveDate' <- TransactionEffectiveDate | candidates: TransactionEffectiveDate [EXACT, name -, AI -] | name - | AI - | the file uses the same column name
09:40:11 | run=e8a6 | MAPPING  | AUTO      | 'TransactionExpirationDate' <- TransactionExpirationDate | candidates: TransactionExpirationDate [EXACT, name -, AI -] | name - | AI - | the file uses the same column name
09:40:11 | run=e8a6 | MAPPING  | AUTO      | 'Risk State' <- Risk State | candidates: Risk State [EXACT, name -, AI -] | name - | AI - | the file uses the same column name
09:40:11 | run=e8a6 | MAPPING  | AUTO      | 'State of Filing' <- State of Filing | candidates: State of Filing [EXACT, name -, AI -] | name - | AI - | the file uses the same column name
09:40:11 | run=e8a6 | MAPPING  | AUTO      | 'BrokBranch' <- BrokBranch | candidates: BrokBranch [EXACT, name -, AI -] | name - | AI - | the file uses the same column name
09:40:11 | run=e8a6 | MAPPING  | AUTO      | 'Broker' <- Broker | candidates: Broker [EXACT, name -, AI -] | name - | AI - | the file uses the same column name
09:40:11 | run=e8a6 | MAPPING  | AUTO      | 'Surplus Lines Filing Broker' <- Surplus Lines Filing Broker | candidates: Surplus Lines Filing Broker [EXACT, name -, AI -] | name - | AI - | the file uses the same column name
09:40:11 | run=e8a6 | MAPPING  | AUTO      | 'Surplus Lines Broker Address' <- Surplus Lines Broker Address | candidates: Surplus Lines Broker Address [EXACT, name -, AI -] | name - | AI - | the file uses the same column name
09:40:11 | run=e8a6 | MAPPING  | AUTO      | 'Surplus Lines Broker City' <- Surplus Lines Broker City | candidates: Surplus Lines Broker City [EXACT, name -, AI -] | name - | AI - | the file uses the same column name
09:40:11 | run=e8a6 | MAPPING  | AUTO      | 'Surplus Lines Broker State' <- Surplus Lines Broker State | candidates: Surplus Lines Broker State [EXACT, name -, AI -] | name - | AI - | the file uses the same column name
09:40:11 | run=e8a6 | MAPPING  | AUTO      | 'Surplus Lines Broker Zip' <- Surplus Lines Broker Zip | candidates: Surplus Lines Broker Zip [EXACT, name -, AI -] | name - | AI - | the file uses the same column name
09:40:11 | run=e8a6 | MAPPING  | AUTO      | 'Surplus Lines Broker License' <- Surplus Lines Broker License | candidates: Surplus Lines Broker License [EXACT, name -, AI -] | name - | AI - | the file uses the same column name
09:40:11 | run=e8a6 | MAPPING  | AUTO      | 'NJ Transaction No' <- NJ Transaction No | candidates: NJ Transaction No [EXACT, name -, AI -] | name - | AI - | the file uses the same column name
09:40:11 | run=e8a6 | MAPPING  | AUTO      | 'LA SL Broker Phone No.' <- LA SL Broker Phone No. | candidates: LA SL Broker Phone No. [EXACT, name -, AI -] | name - | AI - | the file uses the same column name
09:40:11 | run=e8a6 | MAPPING  | AUTO      | 'Inception Prem' <- Inception Prem | candidates: Inception Prem [EXACT, name -, AI -] | name - | AI - | the file uses the same column name
09:40:11 | run=e8a6 | MAPPING  | AUTO      | 'Cumulative Prem' <- Cumulative Prem | candidates: Cumulative Prem [EXACT, name -, AI -] | name - | AI - | the file uses the same column name
09:40:11 | run=e8a6 | MAPPING  | AUTO      | 'Primary/Excess' <- Primary/Excess | candidates: Primary/Excess [EXACT, name -, AI -] | name - | AI - | the file uses the same column name
09:40:11 | run=e8a6 | MAPPING  | AUTO      | 'Endt No.' <- Endt No. | candidates: Endt No. [EXACT, name -, AI -] | name - | AI - | the file uses the same column name
09:40:11 | run=e8a6 | MAPPING  | AUTO      | 'Endt detail' <- Endt detail | candidates: Endt detail [EXACT, name -, AI -] | name - | AI - | the file uses the same column name
09:40:11 | run=e8a6 | MAPPING  | AUTO      | 'Cancel Reason' <- Cancel Reason | candidates: Cancel Reason [EXACT, name -, AI -] | name - | AI - | the file uses the same column name
09:40:11 | run=e8a6 | MAPPING  | AUTO      | 'Reporter Y/N' <- Reporter Y/N | candidates: Reporter Y/N [EXACT, name -, AI -] | name - | AI - | the file uses the same column name
09:40:11 | run=e8a6 | MAPPING  | AUTO      | 'EKVCmated Annual Premium' <- EKVCmated Annual Premium | candidates: EKVCmated Annual Premium [EXACT, name -, AI -] | name - | AI - | the file uses the same column name
09:40:11 | run=e8a6 | MAPPING  | AUTO      | 'Perils Covered APD' <- Perils Covered APD | candidates: Perils Covered APD [EXACT, name -, AI -] | name - | AI - | the file uses the same column name
09:40:11 | run=e8a6 | MAPPING  | AUTO      | 'Perils Covered MTC' <- Perils Covered MTC | candidates: Perils Covered MTC [EXACT, name -, AI -] | name - | AI - | the file uses the same column name
09:40:11 | run=e8a6 | MAPPING  | AUTO      | 'Pol Occ Limit' <- Pol Occ Limit | candidates: Pol Occ Limit [EXACT, name -, AI -] | name - | AI - | the file uses the same column name
09:40:11 | run=e8a6 | MAPPING  | AUTO      | 'APD  Unit Limit' <- APD  Unit Limit | candidates: APD  Unit Limit [EXACT, name -, AI -] | name - | AI - | the file uses the same column name
09:40:11 | run=e8a6 | MAPPING  | AUTO      | 'APD per Occ / Terminal Limit' <- APD per Occ / Terminal Limit | candidates: APD per Occ / Terminal Limit [EXACT, name -, AI -] | name - | AI - | the file uses the same column name
09:40:11 | run=e8a6 | MAPPING  | AUTO      | 'MTC per Vehicle Limit' <- MTC per Vehicle Limit | candidates: MTC per Vehicle Limit [EXACT, name -, AI -] | name - | AI - | the file uses the same column name
09:40:11 | run=e8a6 | MAPPING  | AUTO      | 'MTC per occurrence' <- MTC per occurrence | candidates: MTC per occurrence [EXACT, name -, AI -] | name - | AI - | the file uses the same column name
09:40:11 | run=e8a6 | MAPPING  | AUTO      | 'Terminal Limit Scheduled' <- Terminal Limit Scheduled | candidates: Terminal Limit Scheduled [EXACT, name -, AI -] | name - | AI - | the file uses the same column name
09:40:11 | run=e8a6 | MAPPING  | AUTO      | 'Terminal Limit UnScheduled' <- Terminal Limit UnScheduled | candidates: Terminal Limit UnScheduled [EXACT, name -, AI -] | name - | AI - | the file uses the same column name
09:40:11 | run=e8a6 | MAPPING  | AUTO      | 'Attachment Point' <- Attachment Point | candidates: Attachment Point [EXACT, name -, AI -] | name - | AI - | the file uses the same column name
09:40:11 | run=e8a6 | MAPPING  | AUTO      | 'APD Auditable (Y/N)' <- APD Auditable (Y/N) | candidates: APD Auditable (Y/N) [EXACT, name -, AI -] | name - | AI - | the file uses the same column name
09:40:11 | run=e8a6 | MAPPING  | AUTO      | 'MTC AUDITABLE (Y/N)' <- MTC AUDITABLE (Y/N) | candidates: MTC AUDITABLE (Y/N) [EXACT, name -, AI -] | name - | AI - | the file uses the same column name
09:40:11 | run=e8a6 | MAPPING  | AUTO      | 'APD Premium' <- APD Premium | candidates: APD Premium [EXACT, name -, AI -] | name - | AI - | the file uses the same column name
09:40:11 | run=e8a6 | MAPPING  | AUTO      | 'APD Deductible' <- APD Deductible | candidates: APD Deductible [EXACT, name -, AI -] | name - | AI - | the file uses the same column name
09:40:11 | run=e8a6 | MAPPING  | AUTO      | 'MTC Premium' <- MTC Premium | candidates: MTC Premium [EXACT, name -, AI -] | name - | AI - | the file uses the same column name
09:40:11 | run=e8a6 | MAPPING  | AUTO      | 'MTC Deductible' <- MTC Deductible | candidates: MTC Deductible [EXACT, name -, AI -] | name - | AI - | the file uses the same column name
09:40:11 | run=e8a6 | MAPPING  | AUTO      | 'Basket Deductible' <- Basket Deductible | candidates: Basket Deductible [EXACT, name -, AI -] | name - | AI - | the file uses the same column name
09:40:11 | run=e8a6 | MAPPING  | AUTO      | 'Aggregate Deductible APD' <- Aggregate Deductible APD | candidates: Aggregate Deductible APD [EXACT, name -, AI -] | name - | AI - | the file uses the same column name
09:40:11 | run=e8a6 | MAPPING  | AUTO      | 'Aggregate Deductible MTC' <- Aggregate Deductible MTC | candidates: Aggregate Deductible MTC [EXACT, name -, AI -] | name - | AI - | the file uses the same column name
09:40:11 | run=e8a6 | MAPPING  | AUTO      | 'BtotalPUnits' <- BtotalPUnits | candidates: BtotalPUnits [EXACT, name -, AI -] | name - | AI - | the file uses the same column name
09:40:11 | run=e8a6 | MAPPING  | AUTO      | 'BtotalTrailers' <- BtotalTrailers | candidates: BtotalTrailers [EXACT, name -, AI -] | name - | AI - | the file uses the same column name
09:40:11 | run=e8a6 | MAPPING  | AUTO      | 'BtotalTIV' <- BtotalTIV | candidates: BtotalTIV [EXACT, name -, AI -] | name - | AI - | the file uses the same column name
09:40:11 | run=e8a6 | MAPPING  | AUTO      | 'BtotalRev' <- BtotalRev | candidates: BtotalRev [EXACT, name -, AI -] | name - | AI - | the file uses the same column name
09:40:11 | run=e8a6 | MAPPING  | AUTO      | 'BtotalMileage' <- BtotalMileage | candidates: BtotalMileage [EXACT, name -, AI -] | name - | AI - | the file uses the same column name
09:40:11 | run=e8a6 | MAPPING  | AUTO      | 'Highest Value Unit' <- Highest Value Unit | candidates: Highest Value Unit [EXACT, name -, AI -] | name - | AI - | the file uses the same column name
09:40:11 | run=e8a6 | MAPPING  | AUTO      | 'IPRM APD' <- IPRM APD | candidates: IPRM APD [EXACT, name -, AI -] | name - | AI - | the file uses the same column name
09:40:11 | run=e8a6 | MAPPING  | AUTO      | 'IPRM MTC' <- IPRM MTC | candidates: IPRM MTC [EXACT, name -, AI -] | name - | AI - | the file uses the same column name
09:40:11 | run=e8a6 | MAPPING  | AUTO      | 'THBBdxDate' <- THBBdxDate | candidates: THBBdxDate [EXACT, name -, AI -] | name - | AI - | the file uses the same column name
09:40:11 | run=e8a6 | MAPPING  | AUTO      | 'Faculative Re(Y/N)' <- Faculative Re(Y/N) | candidates: Faculative Re(Y/N) [EXACT, name -, AI -] | name - | AI - | the file uses the same column name
09:40:11 | run=e8a6 | MAPPING  | AUTO      | 'Reinsurer' <- Reinsurer | candidates: Reinsurer [EXACT, name -, AI -] | name - | AI - | the file uses the same column name
09:40:11 | run=e8a6 | MAPPING  | AUTO      | 'Reinsurer Cert %' <- Reinsurer Cert % | candidates: Reinsurer Cert % [EXACT, name -, AI -] | name - | AI - | the file uses the same column name
09:40:11 | run=e8a6 | MAPPING  | AUTO      | 'Reins Eff Date' <- Reins Eff Date | candidates: Reins Eff Date [EXACT, name -, AI -] | name - | AI - | the file uses the same column name
09:40:11 | run=e8a6 | MAPPING  | AUTO      | 'Reins Exp Date' <- Reins Exp Date | candidates: Reins Exp Date [EXACT, name -, AI -] | name - | AI - | the file uses the same column name
09:40:11 | run=e8a6 | MAPPING  | AUTO      | 'Quote Share or Excess' <- Quote Share or Excess | candidates: Quote Share or Excess [EXACT, name -, AI -] | name - | AI - | the file uses the same column name
09:40:11 | run=e8a6 | MAPPING  | AUTO      | 'QS Reinsurers Participation%' <- QS Reinsurers Participation% | candidates: QS Reinsurers Participation% [EXACT, name -, AI -] | name - | AI - | the file uses the same column name
09:40:11 | run=e8a6 | MAPPING  | AUTO      | 'Participating Layer/TIV' <- Participating Layer/TIV | candidates: Participating Layer/TIV [EXACT, name -, AI -] | name - | AI - | the file uses the same column name
09:40:11 | run=e8a6 | MAPPING  | AUTO      | 'Reinsurance Limit' <- Reinsurance Limit | candidates: Reinsurance Limit [EXACT, name -, AI -] | name - | AI - | the file uses the same column name
09:40:11 | run=e8a6 | MAPPING  | AUTO      | 'Excess of' <- Excess of | candidates: Excess of [EXACT, name -, AI -] | name - | AI - | the file uses the same column name
09:40:11 | run=e8a6 | MAPPING  | AUTO      | 'Fac Coverage' <- Fac Coverage | candidates: Fac Coverage [EXACT, name -, AI -] | name - | AI - | the file uses the same column name
09:40:11 | run=e8a6 | MAPPING  | AUTO      | 'Perils Covered' <- Perils Covered | candidates: Perils Covered [EXACT, name -, AI -] | name - | AI - | the file uses the same column name
09:40:11 | run=e8a6 | MAPPING  | AUTO      | 'Fac Net Premium' <- Fac Net Premium | candidates: Fac Net Premium [EXACT, name -, AI -] | name - | AI - | the file uses the same column name
09:40:11 | run=e8a6 | MAPPING  | AUTO      | 'Carrier Net/Net Premium' <- Carrier Net/Net Premium | candidates: Carrier Net/Net Premium [EXACT, name -, AI -] | name - | AI - | the file uses the same column name
09:41:16 | run=e8a6 | CACHE    | MISS      | var_reconcile 6568d7c5a1de | no stored answer for this exact input — model call required
09:41:17 | run=e8a6 | CACHE    | MISS      | var_reconcile 6a353c0dea59 | no stored answer for this exact input — model call required
09:41:18 | run=e8a6 | CACHE    | MISS      | var_reconcile 6579a98925cf | no stored answer for this exact input — model call required
09:41:19 | run=e8a6 | CACHE    | MISS      | var_reconcile c578aeb509ae | no stored answer for this exact input — model call required
09:41:20 | run=e8a6 | CACHE    | MISS      | var_reconcile 6599624ec19f | no stored answer for this exact input — model call required
09:41:21 | run=e8a6 | CACHE    | MISS      | var_reconcile 830bd86c2f0a | no stored answer for this exact input — model call required
09:41:22 | run=e8a6 | CACHE    | MISS      | var_reconcile b01d7209d1a6 | no stored answer for this exact input — model call required

============================================================================================================
RUN 8047  started 2026-09-24 10:29:46  |  contract=tmpkf9fxq46.pdf template_fields=0
============================================================================================================
10:29:47 | run=8047 | CACHE    | HIT       | clause_extraction 07e8ca86e89b | answer reused — this model call did NOT happen
10:29:47 | run=8047 | CALL1    | SKIPPED   | clauses served from cache (whole_document, gemini-2.5-flash) | same prompt, config, model and tenant as a complete earlier read — a re-ask could return a different clause set
------------------------------------------------------------------------------------------------------------
TIMING run=8047   total 0.3s (0.0 min)
   PDF parse (no AI)              0.3s  86.3%  ##################################
   (other / overlap)              0.0s
------------------------------------------------------------------------------------------------------------

============================================================================================================
RUN ed55  started 2026-09-24 10:29:49  |  contract=tmpb4zpz_xd.pdf template_fields=0
============================================================================================================
10:29:49 | run=ed55 | CACHE    | HIT       | rule_intents 4497874a7278 | answer reused — this model call did NOT happen
10:29:49 | run=ed55 | CALL2    | SKIPPED   | intents for 59 clause(s) served from cache | answer depends only on the clause texts, which have not changed — the template arriving later cannot alter it
------------------------------------------------------------------------------------------------------------
TIMING run=ed55   total 0.2s (0.0 min)
   PDF parse (no AI)              0.2s  85.2%  ##################################
   (other / overlap)              0.0s
------------------------------------------------------------------------------------------------------------
10:30:20 | run=ed55 | CACHE    | HIT       | template_canonical daf260a505c4 | answer reused — this model call did NOT happen
10:30:20 | run=ed55 | CACHE    | HIT       | template_canonical 813208a52306 | answer reused — this model call did NOT happen
10:30:20 | run=ed55 | CACHE    | HIT       | template_canonical 3d0f363925e0 | answer reused — this model call did NOT happen
10:30:21 | run=ed55 | CACHE    | HIT       | rule_intents b47bf9b20959 | answer reused — this model call did NOT happen
10:30:21 | run=ed55 | CALL2    | SKIPPED   | intents for 59 clause(s) served from cache | answer depends only on the clause texts, which have not changed — the template arriving later cannot alter it
10:30:21 | run=ed55 | CACHE    | HIT       | generic_bind 92320a5413e2 | answer reused — this model call did NOT happen
10:30:21 | run=ed55 | CALL3    | SKIPPED   | library bind for 49 rule(s) served from cache | answer depends only on (library rows, template fields) — no contract input, so it is reused rather than re-bought
10:30:21 | run=ed55 | CALL3    | ATTEMPT   | contract: 26 intent(s) in ONE call
10:30:21 | run=ed55 | CACHE    | HIT       | rule_bind 502e5db33378 | answer reused — this model call did NOT happen
10:30:21 | run=ed55 | CALL3    | SKIPPED   | batch 1/1: 26 intent(s) served from cache | identical prompt, config and model to a fully answered earlier batch
10:30:21 | run=ed55 | CALL3    | OK        | contract: all 26 answered in ONE call | 6 DECLINED (no matching column) — a valid verdict, NOT a reason to re-batch; they go to relaxed retry / review
10:30:21 | run=ed55 | CALL3    | RETRY     | relaxed retry for 6 unmapped intent(s) | the strict pass left these unbound — re-asking with the reconsider prompt before they are routed to review
10:30:21 | run=ed55 | CACHE    | HIT       | rule_bind 5b326f721169 | answer reused — this model call did NOT happen
10:30:21 | run=ed55 | CALL3    | SKIPPED   | batch 1/1: 6 intent(s) served from cache | identical prompt, config and model to a fully answered earlier batch
10:30:21 | run=ed55 | CALL3    | RECOVERED | 1 of 6 rescued by the relaxed retry | 5 intent(s) still unbound — these become 'awaiting a column' clauses on the setup screen
10:30:21 | run=ed55 | CACHE    | HIT       | formula_infer 2d6b1eade264 | answer reused — this model call did NOT happen
10:30:21 | run=ed55 | CACHE    | HIT       | var_topup f7aca59898bd | answer reused — this model call did NOT happen
10:30:24 | run=ed55 | MAPPING  | ATTEMPT   | sheet 'Sheet 2': 87 field(s), none needed AI
10:30:24 | run=ed55 | MAPPING  | AUTO      | 'AccountID' <- AccountID | candidates: AccountID [EXACT, name -, AI -] | name - | AI - | the file uses the same column name
10:30:24 | run=ed55 | MAPPING  | AUTO      | 'Invoice #' <- Invoice # | candidates: Invoice # [EXACT, name -, AI -] | name - | AI - | the file uses the same column name
10:30:24 | run=ed55 | MAPPING  | AUTO      | 'Policy No' <- Policy No | candidates: Policy No [EXACT, name -, AI -] | name - | AI - | the file uses the same column name
10:30:24 | run=ed55 | MAPPING  | AUTO      | 'Insured' <- Insured | candidates: Insured [EXACT, name -, AI -] | name - | AI - | the file uses the same column name
10:30:24 | run=ed55 | MAPPING  | AUTO      | 'Insured Street' <- Insured Street | candidates: Insured Street [EXACT, name -, AI -] | name - | AI - | the file uses the same column name
10:30:24 | run=ed55 | MAPPING  | AUTO      | 'Insured City' <- Insured City | candidates: Insured City [EXACT, name -, AI -] | name - | AI - | the file uses the same column name
10:30:24 | run=ed55 | MAPPING  | AUTO      | 'Insured State' <- Insured State | candidates: Insured State [EXACT, name -, AI -] | name - | AI - | the file uses the same column name
10:30:24 | run=ed55 | MAPPING  | AUTO      | 'Insured Zip Code' <- Insured Zip Code | candidates: Insured Zip Code [EXACT, name -, AI -] | name - | AI - | the file uses the same column name
10:30:24 | run=ed55 | MAPPING  | AUTO      | 'Insured County' <- Insured County | candidates: Insured County [EXACT, name -, AI -] | name - | AI - | the file uses the same column name
10:30:24 | run=ed55 | MAPPING  | AUTO      | 'PolicyInception' <- PolicyInception | candidates: PolicyInception [EXACT, name -, AI -] | name - | AI - | the file uses the same column name
10:30:24 | run=ed55 | MAPPING  | AUTO      | 'PolicyExpiration' <- PolicyExpiration | candidates: PolicyExpiration [EXACT, name -, AI -] | name - | AI - | the file uses the same column name
10:30:24 | run=ed55 | MAPPING  | AUTO      | 'New/Renewal' <- New/Renewal | candidates: New/Renewal [EXACT, name -, AI -] | name - | AI - | the file uses the same column name
10:30:24 | run=ed55 | MAPPING  | AUTO      | 'ExpiringPolicyNumber' <- ExpiringPolicyNumber | candidates: ExpiringPolicyNumber [EXACT, name -, AI -] | name - | AI - | the file uses the same column name
10:30:24 | run=ed55 | MAPPING  | AUTO      | 'Transaction Type' <- Transaction Type | candidates: Transaction Type [EXACT, name -, AI -] | name - | AI - | the file uses the same column name
10:30:24 | run=ed55 | MAPPING  | AUTO      | 'Division' <- Division | candidates: Division [EXACT, name -, AI -] | name - | AI - | the file uses the same column name
10:30:24 | run=ed55 | MAPPING  | AUTO      | 'Carrier' <- Carrier | candidates: Carrier [EXACT, name -, AI -] | name - | AI - | the file uses the same column name
10:30:24 | run=ed55 | MAPPING  | AUTO      | 'UW' <- UW | candidates: UW [EXACT, name -, AI -] | name - | AI - | the file uses the same column name
10:30:24 | run=ed55 | MAPPING  | AUTO      | 'Gross Premium' <- Gross Premium | candidates: Gross Premium [EXACT, name -, AI -] | name - | AI - | the file uses the same column name
10:30:24 | run=ed55 | MAPPING  | AUTO      | 'Commission Rate' <- Commission Rate | candidates: Commission Rate [EXACT, name -, AI -] | name - | AI - | the file uses the same column name
10:30:24 | run=ed55 | MAPPING  | AUTO      | 'Commission Amount' <- Commission Amount | candidates: Commission Amount [EXACT, name -, AI -] | name - | AI - | the file uses the same column name
10:30:24 | run=ed55 | MAPPING  | AUTO      | 'Net Premium' <- Net Premium | candidates: Net Premium [EXACT, name -, AI -] | name - | AI - | the file uses the same column name
10:30:24 | run=ed55 | MAPPING  | AUTO      | 'TRIA PREM' <- TRIA PREM | candidates: TRIA PREM [EXACT, name -, AI -] | name - | AI - | the file uses the same column name
10:30:24 | run=ed55 | MAPPING  | AUTO      | 'TransactionDate' <- TransactionDate | candidates: TransactionDate [EXACT, name -, AI -] | name - | AI - | the file uses the same column name
10:30:24 | run=ed55 | MAPPING  | AUTO      | 'TransactionEffectiveDate' <- TransactionEffectiveDate | candidates: TransactionEffectiveDate [EXACT, name -, AI -] | name - | AI - | the file uses the same column name
10:30:24 | run=ed55 | MAPPING  | AUTO      | 'TransactionExpirationDate' <- TransactionExpirationDate | candidates: TransactionExpirationDate [EXACT, name -, AI -] | name - | AI - | the file uses the same column name
10:30:24 | run=ed55 | MAPPING  | AUTO      | 'Risk State' <- Risk State | candidates: Risk State [EXACT, name -, AI -] | name - | AI - | the file uses the same column name
10:30:24 | run=ed55 | MAPPING  | AUTO      | 'State of Filing' <- State of Filing | candidates: State of Filing [EXACT, name -, AI -] | name - | AI - | the file uses the same column name
10:30:24 | run=ed55 | MAPPING  | AUTO      | 'BrokBranch' <- BrokBranch | candidates: BrokBranch [EXACT, name -, AI -] | name - | AI - | the file uses the same column name
10:30:24 | run=ed55 | MAPPING  | AUTO      | 'Broker' <- Broker | candidates: Broker [EXACT, name -, AI -] | name - | AI - | the file uses the same column name
10:30:24 | run=ed55 | MAPPING  | AUTO      | 'Surplus Lines Filing Broker' <- Surplus Lines Filing Broker | candidates: Surplus Lines Filing Broker [EXACT, name -, AI -] | name - | AI - | the file uses the same column name
10:30:24 | run=ed55 | MAPPING  | AUTO      | 'Surplus Lines Broker Address' <- Surplus Lines Broker Address | candidates: Surplus Lines Broker Address [EXACT, name -, AI -] | name - | AI - | the file uses the same column name
10:30:24 | run=ed55 | MAPPING  | AUTO      | 'Surplus Lines Broker City' <- Surplus Lines Broker City | candidates: Surplus Lines Broker City [EXACT, name -, AI -] | name - | AI - | the file uses the same column name
10:30:24 | run=ed55 | MAPPING  | AUTO      | 'Surplus Lines Broker State' <- Surplus Lines Broker State | candidates: Surplus Lines Broker State [EXACT, name -, AI -] | name - | AI - | the file uses the same column name
10:30:24 | run=ed55 | MAPPING  | AUTO      | 'Surplus Lines Broker Zip' <- Surplus Lines Broker Zip | candidates: Surplus Lines Broker Zip [EXACT, name -, AI -] | name - | AI - | the file uses the same column name
10:30:24 | run=ed55 | MAPPING  | AUTO      | 'Surplus Lines Broker License' <- Surplus Lines Broker License | candidates: Surplus Lines Broker License [EXACT, name -, AI -] | name - | AI - | the file uses the same column name
10:30:24 | run=ed55 | MAPPING  | AUTO      | 'NJ Transaction No' <- NJ Transaction No | candidates: NJ Transaction No [EXACT, name -, AI -] | name - | AI - | the file uses the same column name
10:30:24 | run=ed55 | MAPPING  | AUTO      | 'LA SL Broker Phone No.' <- LA SL Broker Phone No. | candidates: LA SL Broker Phone No. [EXACT, name -, AI -] | name - | AI - | the file uses the same column name
10:30:24 | run=ed55 | MAPPING  | AUTO      | 'Inception Prem' <- Inception Prem | candidates: Inception Prem [EXACT, name -, AI -] | name - | AI - | the file uses the same column name
10:30:24 | run=ed55 | MAPPING  | AUTO      | 'Cumulative Prem' <- Cumulative Prem | candidates: Cumulative Prem [EXACT, name -, AI -] | name - | AI - | the file uses the same column name
10:30:24 | run=ed55 | MAPPING  | AUTO      | 'Primary/Excess' <- Primary/Excess | candidates: Primary/Excess [EXACT, name -, AI -] | name - | AI - | the file uses the same column name
10:30:24 | run=ed55 | MAPPING  | AUTO      | 'Endt No.' <- Endt No. | candidates: Endt No. [EXACT, name -, AI -] | name - | AI - | the file uses the same column name
10:30:24 | run=ed55 | MAPPING  | AUTO      | 'Endt detail' <- Endt detail | candidates: Endt detail [EXACT, name -, AI -] | name - | AI - | the file uses the same column name
10:30:24 | run=ed55 | MAPPING  | AUTO      | 'Cancel Reason' <- Cancel Reason | candidates: Cancel Reason [EXACT, name -, AI -] | name - | AI - | the file uses the same column name
10:30:24 | run=ed55 | MAPPING  | AUTO      | 'Reporter Y/N' <- Reporter Y/N | candidates: Reporter Y/N [EXACT, name -, AI -] | name - | AI - | the file uses the same column name
10:30:24 | run=ed55 | MAPPING  | AUTO      | 'EKVCmated Annual Premium' <- EKVCmated Annual Premium | candidates: EKVCmated Annual Premium [EXACT, name -, AI -] | name - | AI - | the file uses the same column name
10:30:24 | run=ed55 | MAPPING  | AUTO      | 'Perils Covered APD' <- Perils Covered APD | candidates: Perils Covered APD [EXACT, name -, AI -] | name - | AI - | the file uses the same column name
10:30:24 | run=ed55 | MAPPING  | AUTO      | 'Perils Covered MTC' <- Perils Covered MTC | candidates: Perils Covered MTC [EXACT, name -, AI -] | name - | AI - | the file uses the same column name
10:30:24 | run=ed55 | MAPPING  | AUTO      | 'Pol Occ Limit' <- Pol Occ Limit | candidates: Pol Occ Limit [EXACT, name -, AI -] | name - | AI - | the file uses the same column name
10:30:24 | run=ed55 | MAPPING  | AUTO      | 'APD  Unit Limit' <- APD  Unit Limit | candidates: APD  Unit Limit [EXACT, name -, AI -] | name - | AI - | the file uses the same column name
10:30:24 | run=ed55 | MAPPING  | AUTO      | 'APD per Occ / Terminal Limit' <- APD per Occ / Terminal Limit | candidates: APD per Occ / Terminal Limit [EXACT, name -, AI -] | name - | AI - | the file uses the same column name
10:30:24 | run=ed55 | MAPPING  | AUTO      | 'MTC per Vehicle Limit' <- MTC per Vehicle Limit | candidates: MTC per Vehicle Limit [EXACT, name -, AI -] | name - | AI - | the file uses the same column name
10:30:24 | run=ed55 | MAPPING  | AUTO      | 'MTC per occurrence' <- MTC per occurrence | candidates: MTC per occurrence [EXACT, name -, AI -] | name - | AI - | the file uses the same column name
10:30:24 | run=ed55 | MAPPING  | AUTO      | 'Terminal Limit Scheduled' <- Terminal Limit Scheduled | candidates: Terminal Limit Scheduled [EXACT, name -, AI -] | name - | AI - | the file uses the same column name
10:30:24 | run=ed55 | MAPPING  | AUTO      | 'Terminal Limit UnScheduled' <- Terminal Limit UnScheduled | candidates: Terminal Limit UnScheduled [EXACT, name -, AI -] | name - | AI - | the file uses the same column name
10:30:24 | run=ed55 | MAPPING  | AUTO      | 'Attachment Point' <- Attachment Point | candidates: Attachment Point [EXACT, name -, AI -] | name - | AI - | the file uses the same column name
10:30:24 | run=ed55 | MAPPING  | AUTO      | 'APD Auditable (Y/N)' <- APD Auditable (Y/N) | candidates: APD Auditable (Y/N) [EXACT, name -, AI -] | name - | AI - | the file uses the same column name
10:30:24 | run=ed55 | MAPPING  | AUTO      | 'MTC AUDITABLE (Y/N)' <- MTC AUDITABLE (Y/N) | candidates: MTC AUDITABLE (Y/N) [EXACT, name -, AI -] | name - | AI - | the file uses the same column name
10:30:24 | run=ed55 | MAPPING  | AUTO      | 'APD Premium' <- APD Premium | candidates: APD Premium [EXACT, name -, AI -] | name - | AI - | the file uses the same column name
10:30:24 | run=ed55 | MAPPING  | AUTO      | 'APD Deductible' <- APD Deductible | candidates: APD Deductible [EXACT, name -, AI -] | name - | AI - | the file uses the same column name
10:30:24 | run=ed55 | MAPPING  | AUTO      | 'MTC Premium' <- MTC Premium | candidates: MTC Premium [EXACT, name -, AI -] | name - | AI - | the file uses the same column name
10:30:24 | run=ed55 | MAPPING  | AUTO      | 'MTC Deductible' <- MTC Deductible | candidates: MTC Deductible [EXACT, name -, AI -] | name - | AI - | the file uses the same column name
10:30:24 | run=ed55 | MAPPING  | AUTO      | 'Basket Deductible' <- Basket Deductible | candidates: Basket Deductible [EXACT, name -, AI -] | name - | AI - | the file uses the same column name
10:30:24 | run=ed55 | MAPPING  | AUTO      | 'Aggregate Deductible APD' <- Aggregate Deductible APD | candidates: Aggregate Deductible APD [EXACT, name -, AI -] | name - | AI - | the file uses the same column name
10:30:24 | run=ed55 | MAPPING  | AUTO      | 'Aggregate Deductible MTC' <- Aggregate Deductible MTC | candidates: Aggregate Deductible MTC [EXACT, name -, AI -] | name - | AI - | the file uses the same column name
10:30:24 | run=ed55 | MAPPING  | AUTO      | 'BtotalPUnits' <- BtotalPUnits | candidates: BtotalPUnits [EXACT, name -, AI -] | name - | AI - | the file uses the same column name
10:30:24 | run=ed55 | MAPPING  | AUTO      | 'BtotalTrailers' <- BtotalTrailers | candidates: BtotalTrailers [EXACT, name -, AI -] | name - | AI - | the file uses the same column name
10:30:24 | run=ed55 | MAPPING  | AUTO      | 'BtotalTIV' <- BtotalTIV | candidates: BtotalTIV [EXACT, name -, AI -] | name - | AI - | the file uses the same column name
10:30:24 | run=ed55 | MAPPING  | AUTO      | 'BtotalRev' <- BtotalRev | candidates: BtotalRev [EXACT, name -, AI -] | name - | AI - | the file uses the same column name
10:30:24 | run=ed55 | MAPPING  | AUTO      | 'BtotalMileage' <- BtotalMileage | candidates: BtotalMileage [EXACT, name -, AI -] | name - | AI - | the file uses the same column name
10:30:24 | run=ed55 | MAPPING  | AUTO      | 'Highest Value Unit' <- Highest Value Unit | candidates: Highest Value Unit [EXACT, name -, AI -] | name - | AI - | the file uses the same column name
10:30:24 | run=ed55 | MAPPING  | AUTO      | 'IPRM APD' <- IPRM APD | candidates: IPRM APD [EXACT, name -, AI -] | name - | AI - | the file uses the same column name
10:30:24 | run=ed55 | MAPPING  | AUTO      | 'IPRM MTC' <- IPRM MTC | candidates: IPRM MTC [EXACT, name -, AI -] | name - | AI - | the file uses the same column name
10:30:24 | run=ed55 | MAPPING  | AUTO      | 'THBBdxDate' <- THBBdxDate | candidates: THBBdxDate [EXACT, name -, AI -] | name - | AI - | the file uses the same column name
10:30:24 | run=ed55 | MAPPING  | AUTO      | 'Faculative Re(Y/N)' <- Faculative Re(Y/N) | candidates: Faculative Re(Y/N) [EXACT, name -, AI -] | name - | AI - | the file uses the same column name
10:30:24 | run=ed55 | MAPPING  | AUTO      | 'Reinsurer' <- Reinsurer | candidates: Reinsurer [EXACT, name -, AI -] | name - | AI - | the file uses the same column name
10:30:24 | run=ed55 | MAPPING  | AUTO      | 'Reinsurer Cert %' <- Reinsurer Cert % | candidates: Reinsurer Cert % [EXACT, name -, AI -] | name - | AI - | the file uses the same column name
10:30:24 | run=ed55 | MAPPING  | AUTO      | 'Reins Eff Date' <- Reins Eff Date | candidates: Reins Eff Date [EXACT, name -, AI -] | name - | AI - | the file uses the same column name
10:30:24 | run=ed55 | MAPPING  | AUTO      | 'Reins Exp Date' <- Reins Exp Date | candidates: Reins Exp Date [EXACT, name -, AI -] | name - | AI - | the file uses the same column name
10:30:24 | run=ed55 | MAPPING  | AUTO      | 'Quote Share or Excess' <- Quote Share or Excess | candidates: Quote Share or Excess [EXACT, name -, AI -] | name - | AI - | the file uses the same column name
10:30:24 | run=ed55 | MAPPING  | AUTO      | 'QS Reinsurers Participation%' <- QS Reinsurers Participation% | candidates: QS Reinsurers Participation% [EXACT, name -, AI -] | name - | AI - | the file uses the same column name
10:30:24 | run=ed55 | MAPPING  | AUTO      | 'Participating Layer/TIV' <- Participating Layer/TIV | candidates: Participating Layer/TIV [EXACT, name -, AI -] | name - | AI - | the file uses the same column name
10:30:24 | run=ed55 | MAPPING  | AUTO      | 'Reinsurance Limit' <- Reinsurance Limit | candidates: Reinsurance Limit [EXACT, name -, AI -] | name - | AI - | the file uses the same column name
10:30:24 | run=ed55 | MAPPING  | AUTO      | 'Excess of' <- Excess of | candidates: Excess of [EXACT, name -, AI -] | name - | AI - | the file uses the same column name
10:30:24 | run=ed55 | MAPPING  | AUTO      | 'Fac Coverage' <- Fac Coverage | candidates: Fac Coverage [EXACT, name -, AI -] | name - | AI - | the file uses the same column name
10:30:24 | run=ed55 | MAPPING  | AUTO      | 'Perils Covered' <- Perils Covered | candidates: Perils Covered [EXACT, name -, AI -] | name - | AI - | the file uses the same column name
10:30:24 | run=ed55 | MAPPING  | AUTO      | 'Fac Net Premium' <- Fac Net Premium | candidates: Fac Net Premium [EXACT, name -, AI -] | name - | AI - | the file uses the same column name
10:30:24 | run=ed55 | MAPPING  | AUTO      | 'Carrier Net/Net Premium' <- Carrier Net/Net Premium | candidates: Carrier Net/Net Premium [EXACT, name -, AI -] | name - | AI - | the file uses the same column name
10:33:25 | run=ed55 | CACHE    | HIT       | var_reconcile 6599624ec19f | answer reused — this model call did NOT happen
10:33:25 | run=ed55 | CACHE    | HIT       | var_reconcile 6568d7c5a1de | answer reused — this model call did NOT happen
10:33:25 | run=ed55 | CACHE    | HIT       | var_reconcile 6579a98925cf | answer reused — this model call did NOT happen
10:33:25 | run=ed55 | CACHE    | HIT       | var_reconcile c578aeb509ae | answer reused — this model call did NOT happen
10:33:25 | run=ed55 | CACHE    | HIT       | var_reconcile 6a353c0dea59 | answer reused — this model call did NOT happen
10:33:26 | run=ed55 | CACHE    | HIT       | var_reconcile 830bd86c2f0a | answer reused — this model call did NOT happen
10:33:26 | run=ed55 | CACHE    | HIT       | var_reconcile b01d7209d1a6 | answer reused — this model call did NOT happen
11:08:45 | run=71d7 | CACHE    | HIT       | var_reconcile 6599624ec19f | answer reused — this model call did NOT happen
11:08:45 | run=71d7 | CACHE    | HIT       | var_reconcile 6568d7c5a1de | answer reused — this model call did NOT happen
11:08:45 | run=71d7 | CACHE    | HIT       | var_reconcile 6579a98925cf | answer reused — this model call did NOT happen
11:08:45 | run=71d7 | CACHE    | HIT       | var_reconcile c578aeb509ae | answer reused — this model call did NOT happen
11:08:45 | run=71d7 | CACHE    | HIT       | var_reconcile 6a353c0dea59 | answer reused — this model call did NOT happen
11:08:45 | run=71d7 | CACHE    | HIT       | var_reconcile 830bd86c2f0a | answer reused — this model call did NOT happen
11:08:46 | run=71d7 | CACHE    | HIT       | var_reconcile b01d7209d1a6 | answer reused — this model call did NOT happen
11:09:25 | run=71d7 | CACHE    | HIT       | var_reconcile 6313a5d828b8 | answer reused — this model call did NOT happen
11:22:37 | run=33a2 | CACHE    | HIT       | var_reconcile 6313a5d828b8 | answer reused — this model call did NOT happen
11:47:03 | run=2669 | CACHE    | HIT       | var_reconcile 6599624ec19f | answer reused — this model call did NOT happen
11:47:03 | run=2669 | CACHE    | HIT       | var_reconcile 6568d7c5a1de | answer reused — this model call did NOT happen
11:47:03 | run=2669 | CACHE    | HIT       | var_reconcile 6579a98925cf | answer reused — this model call did NOT happen
11:47:03 | run=2669 | CACHE    | HIT       | var_reconcile c578aeb509ae | answer reused — this model call did NOT happen
11:47:03 | run=2669 | CACHE    | HIT       | var_reconcile 6a353c0dea59 | answer reused — this model call did NOT happen
11:47:03 | run=2669 | CACHE    | HIT       | var_reconcile b01d7209d1a6 | answer reused — this model call did NOT happen
11:47:23 | run=2669 | CACHE    | HIT       | var_reconcile 6599624ec19f | answer reused — this model call did NOT happen
11:47:23 | run=2669 | CACHE    | HIT       | var_reconcile 6568d7c5a1de | answer reused — this model call did NOT happen
11:47:23 | run=2669 | CACHE    | HIT       | var_reconcile 6579a98925cf | answer reused — this model call did NOT happen
11:47:23 | run=2669 | CACHE    | HIT       | var_reconcile c578aeb509ae | answer reused — this model call did NOT happen
11:47:23 | run=2669 | CACHE    | HIT       | var_reconcile 6a353c0dea59 | answer reused — this model call did NOT happen
11:47:23 | run=2669 | CACHE    | HIT       | var_reconcile b01d7209d1a6 | answer reused — this model call did NOT happen
12:26:24 | run=ac24 | CACHE    | HIT       | var_reconcile 6568d7c5a1de | answer reused — this model call did NOT happen
12:26:24 | run=ac24 | CACHE    | HIT       | var_reconcile 6579a98925cf | answer reused — this model call did NOT happen
12:26:24 | run=ac24 | CACHE    | MISS      | var_reconcile 4b3a2f20817d | no stored answer for this exact input — model call required
12:26:25 | run=ac24 | CACHE    | HIT       | var_reconcile 6a353c0dea59 | answer reused — this model call did NOT happen
12:26:25 | run=ac24 | CACHE    | HIT       | var_reconcile b01d7209d1a6 | answer reused — this model call did NOT happen
14:53:06 | run=5ec8 | CACHE    | MISS      | contract_fields ed53ef8324cf | no stored answer for this exact input — model call required
14:53:15 | run=5ec8 | CACHE    | MISS      | column_candidates 642bdeb1be79 | no stored answer for this exact input — model call required
14:53:15 | run=5ec8 | CACHE    | MISS      | column_candidates 700405b9c2ee | no stored answer for this exact input — model call required
14:53:15 | run=5ec8 | CACHE    | HIT       | column_candidates 36d42c7f7e49 | answer reused — this model call did NOT happen
14:53:15 | run=5ec8 | CACHE    | HIT       | column_candidates 046364ccc9a3 | answer reused — this model call did NOT happen
14:53:15 | run=5ec8 | CACHE    | HIT       | column_candidates cfd89027b842 | answer reused — this model call did NOT happen
14:53:15 | run=5ec8 | CACHE    | HIT       | column_candidates 2f34bc5730f5 | answer reused — this model call did NOT happen
14:53:22 | run=5ec8 | CACHE    | MISS      | column_candidates 52e3d36bc2cb | no stored answer for this exact input — model call required
14:53:22 | run=5ec8 | CACHE    | MISS      | column_candidates 3459d9b03366 | no stored answer for this exact input — model call required
14:53:22 | run=5ec8 | CACHE    | MISS      | column_candidates c077556b94f1 | no stored answer for this exact input — model call required
14:53:22 | run=5ec8 | CACHE    | MISS      | column_candidates 990dfdfe165a | no stored answer for this exact input — model call required
14:53:22 | run=5ec8 | CACHE    | MISS      | column_candidates 7f1eee9bab20 | no stored answer for this exact input — model call required
14:53:22 | run=5ec8 | CACHE    | MISS      | column_candidates 59f3d5b6de8f | no stored answer for this exact input — model call required
14:53:22 | run=5ec8 | CACHE    | MISS      | column_candidates 5c77cddf231c | no stored answer for this exact input — model call required
14:53:22 | run=5ec8 | CACHE    | MISS      | column_candidates db0747fc3ce7 | no stored answer for this exact input — model call required
14:53:22 | run=5ec8 | CACHE    | MISS      | column_candidates abaca49240d3 | no stored answer for this exact input — model call required
14:53:22 | run=5ec8 | CACHE    | MISS      | column_candidates 8831a8dc696f | no stored answer for this exact input — model call required
14:53:22 | run=5ec8 | CACHE    | MISS      | column_candidates 7362ece376c6 | no stored answer for this exact input — model call required
14:53:22 | run=5ec8 | CACHE    | MISS      | column_candidates 90bc0eddce4e | no stored answer for this exact input — model call required
14:53:22 | run=5ec8 | CACHE    | MISS      | column_candidates 77f03445c321 | no stored answer for this exact input — model call required
14:53:23 | run=5ec8 | CACHE    | MISS      | column_candidates ea4ed2ac5c01 | no stored answer for this exact input — model call required
14:53:23 | run=5ec8 | CACHE    | MISS      | column_candidates d39e5316144f | no stored answer for this exact input — model call required
14:53:23 | run=5ec8 | CACHE    | MISS      | column_candidates 77c668c1f589 | no stored answer for this exact input — model call required
14:53:23 | run=5ec8 | CACHE    | MISS      | column_candidates 116e1c753cc0 | no stored answer for this exact input — model call required
14:53:23 | run=5ec8 | CACHE    | MISS      | column_candidates 572a543ef217 | no stored answer for this exact input — model call required
14:53:23 | run=5ec8 | CACHE    | MISS      | column_candidates 6a43f61488ff | no stored answer for this exact input — model call required
14:53:23 | run=5ec8 | CACHE    | MISS      | column_candidates 2f18c3ec1d18 | no stored answer for this exact input — model call required
14:53:23 | run=5ec8 | CACHE    | MISS      | column_candidates 5386e5dcc13c | no stored answer for this exact input — model call required
14:53:23 | run=5ec8 | CACHE    | MISS      | column_candidates edb9d918e902 | no stored answer for this exact input — model call required
14:53:23 | run=5ec8 | CACHE    | MISS      | column_candidates c7b712f62752 | no stored answer for this exact input — model call required
14:53:23 | run=5ec8 | CACHE    | MISS      | column_candidates 4cec478eb89b | no stored answer for this exact input — model call required
14:53:23 | run=5ec8 | CACHE    | MISS      | column_candidates 07226e1836e6 | no stored answer for this exact input — model call required
14:53:23 | run=5ec8 | CACHE    | MISS      | column_candidates ae4ad37e1e10 | no stored answer for this exact input — model call required
14:53:23 | run=5ec8 | CACHE    | MISS      | column_candidates be9d4d9b8f08 | no stored answer for this exact input — model call required
14:53:23 | run=5ec8 | CACHE    | MISS      | column_candidates 0299b91d3706 | no stored answer for this exact input — model call required
14:53:23 | run=5ec8 | CACHE    | MISS      | column_candidates cf060505aad9 | no stored answer for this exact input — model call required
14:53:23 | run=5ec8 | CACHE    | MISS      | column_candidates ca60545fe950 | no stored answer for this exact input — model call required
14:53:23 | run=5ec8 | CACHE    | MISS      | column_candidates d2c0a105fbbd | no stored answer for this exact input — model call required
14:53:23 | run=5ec8 | CACHE    | MISS      | column_candidates 7a2f2dbc4e95 | no stored answer for this exact input — model call required
14:53:23 | run=5ec8 | CACHE    | MISS      | column_candidates 895efcbb3a66 | no stored answer for this exact input — model call required
14:53:23 | run=5ec8 | CACHE    | MISS      | column_candidates ca797977af7e | no stored answer for this exact input — model call required
14:53:23 | run=5ec8 | CACHE    | MISS      | column_candidates 88ab90bdacb0 | no stored answer for this exact input — model call required
14:53:23 | run=5ec8 | CACHE    | MISS      | column_candidates be20772ee022 | no stored answer for this exact input — model call required
14:53:23 | run=5ec8 | CACHE    | MISS      | column_candidates 69f116a793cf | no stored answer for this exact input — model call required
14:53:23 | run=5ec8 | CACHE    | MISS      | column_candidates de14c10160c6 | no stored answer for this exact input — model call required
14:53:23 | run=5ec8 | CACHE    | MISS      | column_candidates 8835e1e8a2eb | no stored answer for this exact input — model call required
14:53:23 | run=5ec8 | CACHE    | MISS      | column_candidates a9bdda22fba5 | no stored answer for this exact input — model call required
14:53:23 | run=5ec8 | CACHE    | MISS      | column_candidates c3b4a878929a | no stored answer for this exact input — model call required
14:53:23 | run=5ec8 | CACHE    | MISS      | column_candidates 8570c44f3b01 | no stored answer for this exact input — model call required
14:53:23 | run=5ec8 | CACHE    | MISS      | column_candidates fbd2884f3b21 | no stored answer for this exact input — model call required
14:53:23 | run=5ec8 | CACHE    | MISS      | column_candidates 6c53565e2d3a | no stored answer for this exact input — model call required
14:53:23 | run=5ec8 | CACHE    | MISS      | column_candidates 81db522ceac8 | no stored answer for this exact input — model call required
14:53:23 | run=5ec8 | CACHE    | MISS      | column_candidates 8e2c31ab01a3 | no stored answer for this exact input — model call required
14:53:23 | run=5ec8 | CACHE    | MISS      | column_candidates 4af9bf5080e6 | no stored answer for this exact input — model call required
14:53:23 | run=5ec8 | CACHE    | MISS      | column_candidates bb5e8221f7f9 | no stored answer for this exact input — model call required
14:53:23 | run=5ec8 | CACHE    | MISS      | column_candidates 1feacea900b2 | no stored answer for this exact input — model call required
14:53:23 | run=5ec8 | CACHE    | MISS      | column_candidates 2c9a67ac3d4c | no stored answer for this exact input — model call required
14:53:23 | run=5ec8 | CACHE    | MISS      | column_candidates da956c9da3c5 | no stored answer for this exact input — model call required
14:53:23 | run=5ec8 | CACHE    | MISS      | column_candidates 35148b755cec | no stored answer for this exact input — model call required
14:53:23 | run=5ec8 | CACHE    | MISS      | column_candidates e62abe5883d9 | no stored answer for this exact input — model call required
14:53:23 | run=5ec8 | CACHE    | MISS      | column_candidates 84d9aedbdff9 | no stored answer for this exact input — model call required
14:53:23 | run=5ec8 | CACHE    | MISS      | column_candidates 6e966899e64a | no stored answer for this exact input — model call required
14:53:23 | run=5ec8 | CACHE    | MISS      | column_candidates f6465b4ac338 | no stored answer for this exact input — model call required
14:53:23 | run=5ec8 | CACHE    | MISS      | column_candidates 3876fa5270b4 | no stored answer for this exact input — model call required
14:53:23 | run=5ec8 | CACHE    | MISS      | column_candidates 640935f928ae | no stored answer for this exact input — model call required
14:53:23 | run=5ec8 | CACHE    | MISS      | column_candidates 5a7a817a4d33 | no stored answer for this exact input — model call required
14:53:23 | run=5ec8 | CACHE    | MISS      | column_candidates 904f035f85d2 | no stored answer for this exact input — model call required
14:53:23 | run=5ec8 | CACHE    | MISS      | column_candidates 6b36cb0e6617 | no stored answer for this exact input — model call required
14:53:23 | run=5ec8 | CACHE    | MISS      | column_candidates eb2744efc8a8 | no stored answer for this exact input — model call required
14:53:23 | run=5ec8 | CACHE    | MISS      | column_candidates 24d3c16df27c | no stored answer for this exact input — model call required
14:53:23 | run=5ec8 | CACHE    | MISS      | column_candidates 04cbf9d3b699 | no stored answer for this exact input — model call required
14:53:23 | run=5ec8 | CACHE    | MISS      | column_candidates 3fb681498c4e | no stored answer for this exact input — model call required
14:53:23 | run=5ec8 | CACHE    | MISS      | column_candidates 247c27cf99ec | no stored answer for this exact input — model call required
14:53:23 | run=5ec8 | CACHE    | MISS      | column_candidates 3c79096cd35a | no stored answer for this exact input — model call required
14:53:23 | run=5ec8 | CACHE    | MISS      | column_candidates 39eb6c680235 | no stored answer for this exact input — model call required
14:53:23 | run=5ec8 | CACHE    | MISS      | column_candidates bd2a7d9a7647 | no stored answer for this exact input — model call required
14:53:23 | run=5ec8 | CACHE    | MISS      | column_candidates f482bf7fcedd | no stored answer for this exact input — model call required
14:53:23 | run=5ec8 | CACHE    | MISS      | column_candidates 237ab5a55744 | no stored answer for this exact input — model call required
14:53:23 | run=5ec8 | CACHE    | MISS      | column_candidates 1b974d24a484 | no stored answer for this exact input — model call required
14:53:23 | run=5ec8 | CACHE    | MISS      | column_candidates 38e85664983a | no stored answer for this exact input — model call required
14:53:23 | run=5ec8 | CACHE    | MISS      | column_candidates 8bd5e60674c0 | no stored answer for this exact input — model call required
14:53:23 | run=5ec8 | CACHE    | MISS      | column_candidates ff78428f5d3b | no stored answer for this exact input — model call required
14:53:23 | run=5ec8 | CACHE    | MISS      | column_candidates 67162eee6f7d | no stored answer for this exact input — model call required
14:53:23 | run=5ec8 | CACHE    | MISS      | column_candidates 4f3ad755d126 | no stored answer for this exact input — model call required
14:53:23 | run=5ec8 | CACHE    | MISS      | column_candidates 135316a3bc76 | no stored answer for this exact input — model call required
14:53:23 | run=5ec8 | CACHE    | MISS      | column_candidates b91b41f34002 | no stored answer for this exact input — model call required
14:53:23 | run=5ec8 | CACHE    | MISS      | column_candidates e537fe8c990f | no stored answer for this exact input — model call required
14:53:23 | run=5ec8 | CACHE    | MISS      | column_candidates c9d30f034e8f | no stored answer for this exact input — model call required
14:53:23 | run=5ec8 | CACHE    | MISS      | column_candidates d900bdd8e8a3 | no stored answer for this exact input — model call required
14:53:23 | run=5ec8 | CACHE    | MISS      | column_candidates 40fcbf0de6ad | no stored answer for this exact input — model call required
14:53:23 | run=5ec8 | CACHE    | MISS      | column_candidates a606f1e77676 | no stored answer for this exact input — model call required
14:53:23 | run=5ec8 | CACHE    | MISS      | column_candidates 191a09664efe | no stored answer for this exact input — model call required
14:53:23 | run=5ec8 | CACHE    | MISS      | column_candidates 4cf98c626537 | no stored answer for this exact input — model call required
14:53:23 | run=5ec8 | CACHE    | MISS      | column_candidates f1dcccbf8e99 | no stored answer for this exact input — model call required
14:53:23 | run=5ec8 | CACHE    | MISS      | column_candidates 76ce141dec5c | no stored answer for this exact input — model call required
14:53:23 | run=5ec8 | CACHE    | MISS      | column_candidates b340f2b63935 | no stored answer for this exact input — model call required
14:53:23 | run=5ec8 | CACHE    | MISS      | column_candidates 72e03c16bf12 | no stored answer for this exact input — model call required
14:53:23 | run=5ec8 | CACHE    | MISS      | column_candidates 4465c3bdad08 | no stored answer for this exact input — model call required
14:53:23 | run=5ec8 | CACHE    | MISS      | column_candidates a37a686019ab | no stored answer for this exact input — model call required
14:53:23 | run=5ec8 | CACHE    | MISS      | column_candidates 28782e299df9 | no stored answer for this exact input — model call required
14:53:23 | run=5ec8 | CACHE    | MISS      | column_candidates 75c38427b942 | no stored answer for this exact input — model call required
14:53:23 | run=5ec8 | CACHE    | MISS      | column_candidates 6cf8697eef65 | no stored answer for this exact input — model call required
14:53:23 | run=5ec8 | CACHE    | MISS      | column_candidates c841e659f0e7 | no stored answer for this exact input — model call required
14:53:23 | run=5ec8 | CACHE    | MISS      | column_candidates 8c467275a1b2 | no stored answer for this exact input — model call required
14:53:23 | run=5ec8 | CACHE    | MISS      | column_candidates 411d9ef8546b | no stored answer for this exact input — model call required
14:53:23 | run=5ec8 | CACHE    | MISS      | column_candidates 6c796a651e3a | no stored answer for this exact input — model call required
14:53:23 | run=5ec8 | CACHE    | MISS      | column_candidates 11eb4d7a7c5c | no stored answer for this exact input — model call required
14:53:23 | run=5ec8 | CACHE    | MISS      | column_candidates cbc2e1b49baa | no stored answer for this exact input — model call required
14:53:23 | run=5ec8 | CACHE    | MISS      | column_candidates 9a005d2e893d | no stored answer for this exact input — model call required
14:53:23 | run=5ec8 | CACHE    | MISS      | column_candidates 5de029377575 | no stored answer for this exact input — model call required
14:53:23 | run=5ec8 | CACHE    | MISS      | column_candidates d57e4eaceac2 | no stored answer for this exact input — model call required
14:53:23 | run=5ec8 | CACHE    | MISS      | column_candidates 471c4ddbd3f8 | no stored answer for this exact input — model call required
14:53:23 | run=5ec8 | CACHE    | MISS      | column_candidates 4efc57731260 | no stored answer for this exact input — model call required
14:53:23 | run=5ec8 | CACHE    | MISS      | column_candidates 667f1f0f72e7 | no stored answer for this exact input — model call required
14:53:23 | run=5ec8 | CACHE    | MISS      | column_candidates 9d820959a48a | no stored answer for this exact input — model call required
14:53:23 | run=5ec8 | CACHE    | MISS      | column_candidates 654eb11b0a8a | no stored answer for this exact input — model call required
14:53:23 | run=5ec8 | CACHE    | MISS      | column_candidates 1d16ad957cb8 | no stored answer for this exact input — model call required
14:53:23 | run=5ec8 | CACHE    | MISS      | column_candidates d430c8877691 | no stored answer for this exact input — model call required
14:53:23 | run=5ec8 | CACHE    | MISS      | column_candidates aa034d08409e | no stored answer for this exact input — model call required
14:53:23 | run=5ec8 | CACHE    | MISS      | column_candidates fe7416927720 | no stored answer for this exact input — model call required
14:53:23 | run=5ec8 | CACHE    | MISS      | column_candidates bbc0690f61fb | no stored answer for this exact input — model call required
14:53:23 | run=5ec8 | CACHE    | MISS      | column_candidates a4d99a0a7d8d | no stored answer for this exact input — model call required
14:53:23 | run=5ec8 | CACHE    | MISS      | column_candidates a47afd867129 | no stored answer for this exact input — model call required
14:53:23 | run=5ec8 | CACHE    | MISS      | column_candidates eea1c776dd5a | no stored answer for this exact input — model call required
14:53:23 | run=5ec8 | CACHE    | MISS      | column_candidates ac56aed0a9f2 | no stored answer for this exact input — model call required
14:53:23 | run=5ec8 | CACHE    | MISS      | column_candidates 7f643f43120f | no stored answer for this exact input — model call required
14:53:23 | run=5ec8 | CACHE    | MISS      | column_candidates b5130c133338 | no stored answer for this exact input — model call required
14:53:23 | run=5ec8 | CACHE    | MISS      | column_candidates dd7801eb7b0d | no stored answer for this exact input — model call required
14:53:23 | run=5ec8 | CACHE    | MISS      | column_candidates 1857038d9c94 | no stored answer for this exact input — model call required
14:53:23 | run=5ec8 | CACHE    | MISS      | column_candidates b08b825130c1 | no stored answer for this exact input — model call required
14:53:23 | run=5ec8 | CACHE    | MISS      | column_candidates e974a6a7971c | no stored answer for this exact input — model call required
14:53:23 | run=5ec8 | CACHE    | MISS      | column_candidates d24ad14ced41 | no stored answer for this exact input — model call required
14:53:23 | run=5ec8 | CACHE    | MISS      | column_candidates ab4bef88399f | no stored answer for this exact input — model call required
14:53:23 | run=5ec8 | CACHE    | MISS      | column_candidates d8850155ad45 | no stored answer for this exact input — model call required
14:53:23 | run=5ec8 | CACHE    | MISS      | column_candidates ccc2b3bdb80e | no stored answer for this exact input — model call required
14:53:23 | run=5ec8 | CACHE    | MISS      | column_candidates b40a8ebc7163 | no stored answer for this exact input — model call required
14:53:23 | run=5ec8 | CACHE    | MISS      | column_candidates b82710212b61 | no stored answer for this exact input — model call required
14:53:23 | run=5ec8 | CACHE    | MISS      | column_candidates eaf15f967fa4 | no stored answer for this exact input — model call required
14:53:23 | run=5ec8 | CACHE    | MISS      | column_candidates 681989dd4ab1 | no stored answer for this exact input — model call required
14:53:23 | run=5ec8 | CACHE    | MISS      | column_candidates b947af426c46 | no stored answer for this exact input — model call required
15:21:18 | run=c974 | CACHE    | MISS      | template_canonical 7e445a2e24a0 | no stored answer for this exact input — model call required
15:21:38 | run=c974 | CACHE    | MISS      | template_canonical 9b3745ea7795 | no stored answer for this exact input — model call required
15:21:48 | run=c974 | CACHE    | MISS      | template_canonical aa1160fdfc12 | no stored answer for this exact input — model call required
15:21:59 | run=c974 | CACHE    | MISS      | template_canonical cbef42d32019 | no stored answer for this exact input — model call required
15:22:09 | run=c974 | CACHE    | MISS      | template_canonical ada1ec9bc04f | no stored answer for this exact input — model call required
15:51:51 | run=e004 | CACHE    | MISS      | contract_fields 76b2c2008b72 | no stored answer for this exact input — model call required
15:51:54 | run=e004 | CACHE    | HIT       | column_candidates 264366b5f802 | answer reused — this model call did NOT happen
15:51:54 | run=e004 | CACHE    | HIT       | column_candidates 5f4c8a6303da | answer reused — this model call did NOT happen
15:51:54 | run=e004 | CACHE    | HIT       | column_candidates b323d1876902 | answer reused — this model call did NOT happen
15:51:54 | run=e004 | CACHE    | HIT       | column_candidates aad62cb37843 | answer reused — this model call did NOT happen
15:51:54 | run=e004 | CACHE    | HIT       | column_candidates 7a39cab04403 | answer reused — this model call did NOT happen
15:51:54 | run=e004 | CACHE    | HIT       | column_candidates 642bdeb1be79 | answer reused — this model call did NOT happen
15:51:54 | run=e004 | CACHE    | MISS      | column_candidates 92f646bbbdf9 | no stored answer for this exact input — model call required
15:51:54 | run=e004 | CACHE    | MISS      | column_candidates 40031e5c391f | no stored answer for this exact input — model call required
15:51:54 | run=e004 | CACHE    | HIT       | column_candidates b6ad1b153da2 | answer reused — this model call did NOT happen
15:51:59 | run=e004 | CACHE    | HIT       | column_candidates 52e3d36bc2cb | answer reused — this model call did NOT happen
15:51:59 | run=e004 | CACHE    | HIT       | column_candidates 3459d9b03366 | answer reused — this model call did NOT happen
15:51:59 | run=e004 | CACHE    | HIT       | column_candidates c077556b94f1 | answer reused — this model call did NOT happen
15:51:59 | run=e004 | CACHE    | HIT       | column_candidates 990dfdfe165a | answer reused — this model call did NOT happen
15:51:59 | run=e004 | CACHE    | HIT       | column_candidates 7f1eee9bab20 | answer reused — this model call did NOT happen
15:51:59 | run=e004 | CACHE    | HIT       | column_candidates 59f3d5b6de8f | answer reused — this model call did NOT happen
15:51:59 | run=e004 | CACHE    | HIT       | column_candidates 5c77cddf231c | answer reused — this model call did NOT happen
15:51:59 | run=e004 | CACHE    | HIT       | column_candidates db0747fc3ce7 | answer reused — this model call did NOT happen
15:51:59 | run=e004 | CACHE    | HIT       | column_candidates abaca49240d3 | answer reused — this model call did NOT happen
15:51:59 | run=e004 | CACHE    | HIT       | column_candidates 8831a8dc696f | answer reused — this model call did NOT happen
15:51:59 | run=e004 | CACHE    | HIT       | column_candidates 7362ece376c6 | answer reused — this model call did NOT happen
15:51:59 | run=e004 | CACHE    | HIT       | column_candidates 90bc0eddce4e | answer reused — this model call did NOT happen
15:51:59 | run=e004 | CACHE    | HIT       | column_candidates 77f03445c321 | answer reused — this model call did NOT happen
15:51:59 | run=e004 | CACHE    | HIT       | column_candidates ea4ed2ac5c01 | answer reused — this model call did NOT happen
15:51:59 | run=e004 | CACHE    | HIT       | column_candidates d39e5316144f | answer reused — this model call did NOT happen
15:51:59 | run=e004 | CACHE    | HIT       | column_candidates 77c668c1f589 | answer reused — this model call did NOT happen
15:51:59 | run=e004 | CACHE    | HIT       | column_candidates 116e1c753cc0 | answer reused — this model call did NOT happen
15:51:59 | run=e004 | CACHE    | HIT       | column_candidates 572a543ef217 | answer reused — this model call did NOT happen
15:51:59 | run=e004 | CACHE    | HIT       | column_candidates 6a43f61488ff | answer reused — this model call did NOT happen
15:51:59 | run=e004 | CACHE    | HIT       | column_candidates 2f18c3ec1d18 | answer reused — this model call did NOT happen
15:51:59 | run=e004 | CACHE    | HIT       | column_candidates 5386e5dcc13c | answer reused — this model call did NOT happen
15:51:59 | run=e004 | CACHE    | HIT       | column_candidates edb9d918e902 | answer reused — this model call did NOT happen
15:51:59 | run=e004 | CACHE    | HIT       | column_candidates c7b712f62752 | answer reused — this model call did NOT happen
15:51:59 | run=e004 | CACHE    | HIT       | column_candidates 4cec478eb89b | answer reused — this model call did NOT happen
15:51:59 | run=e004 | CACHE    | HIT       | column_candidates 07226e1836e6 | answer reused — this model call did NOT happen
15:51:59 | run=e004 | CACHE    | HIT       | column_candidates ae4ad37e1e10 | answer reused — this model call did NOT happen
15:51:59 | run=e004 | CACHE    | HIT       | column_candidates be9d4d9b8f08 | answer reused — this model call did NOT happen
15:51:59 | run=e004 | CACHE    | HIT       | column_candidates 0299b91d3706 | answer reused — this model call did NOT happen
15:51:59 | run=e004 | CACHE    | HIT       | column_candidates cf060505aad9 | answer reused — this model call did NOT happen
15:51:59 | run=e004 | CACHE    | HIT       | column_candidates ca60545fe950 | answer reused — this model call did NOT happen
15:51:59 | run=e004 | CACHE    | HIT       | column_candidates d2c0a105fbbd | answer reused — this model call did NOT happen
15:51:59 | run=e004 | CACHE    | HIT       | column_candidates 7a2f2dbc4e95 | answer reused — this model call did NOT happen
15:51:59 | run=e004 | CACHE    | HIT       | column_candidates 895efcbb3a66 | answer reused — this model call did NOT happen
15:51:59 | run=e004 | CACHE    | HIT       | column_candidates ca797977af7e | answer reused — this model call did NOT happen
15:51:59 | run=e004 | CACHE    | HIT       | column_candidates 88ab90bdacb0 | answer reused — this model call did NOT happen
15:52:00 | run=e004 | CACHE    | HIT       | column_candidates be20772ee022 | answer reused — this model call did NOT happen
15:52:00 | run=e004 | CACHE    | HIT       | column_candidates 69f116a793cf | answer reused — this model call did NOT happen
15:52:00 | run=e004 | CACHE    | HIT       | column_candidates de14c10160c6 | answer reused — this model call did NOT happen
15:52:00 | run=e004 | CACHE    | HIT       | column_candidates 8835e1e8a2eb | answer reused — this model call did NOT happen
15:52:00 | run=e004 | CACHE    | HIT       | column_candidates a9bdda22fba5 | answer reused — this model call did NOT happen
15:52:00 | run=e004 | CACHE    | HIT       | column_candidates c3b4a878929a | answer reused — this model call did NOT happen
15:52:00 | run=e004 | CACHE    | HIT       | column_candidates 8570c44f3b01 | answer reused — this model call did NOT happen
15:52:00 | run=e004 | CACHE    | HIT       | column_candidates fbd2884f3b21 | answer reused — this model call did NOT happen
15:52:00 | run=e004 | CACHE    | HIT       | column_candidates 6c53565e2d3a | answer reused — this model call did NOT happen
15:52:00 | run=e004 | CACHE    | HIT       | column_candidates 81db522ceac8 | answer reused — this model call did NOT happen
15:52:00 | run=e004 | CACHE    | HIT       | column_candidates 8e2c31ab01a3 | answer reused — this model call did NOT happen
15:52:00 | run=e004 | CACHE    | HIT       | column_candidates 4af9bf5080e6 | answer reused — this model call did NOT happen
15:52:00 | run=e004 | CACHE    | HIT       | column_candidates bb5e8221f7f9 | answer reused — this model call did NOT happen
15:52:00 | run=e004 | CACHE    | HIT       | column_candidates 1feacea900b2 | answer reused — this model call did NOT happen
15:52:00 | run=e004 | CACHE    | HIT       | column_candidates 2c9a67ac3d4c | answer reused — this model call did NOT happen
15:52:00 | run=e004 | CACHE    | HIT       | column_candidates da956c9da3c5 | answer reused — this model call did NOT happen
15:52:00 | run=e004 | CACHE    | HIT       | column_candidates 35148b755cec | answer reused — this model call did NOT happen
15:52:00 | run=e004 | CACHE    | HIT       | column_candidates e62abe5883d9 | answer reused — this model call did NOT happen
15:52:00 | run=e004 | CACHE    | HIT       | column_candidates 84d9aedbdff9 | answer reused — this model call did NOT happen
15:52:00 | run=e004 | CACHE    | HIT       | column_candidates 6e966899e64a | answer reused — this model call did NOT happen
15:52:00 | run=e004 | CACHE    | HIT       | column_candidates f6465b4ac338 | answer reused — this model call did NOT happen
15:52:00 | run=e004 | CACHE    | HIT       | column_candidates 3876fa5270b4 | answer reused — this model call did NOT happen
15:52:00 | run=e004 | CACHE    | HIT       | column_candidates 640935f928ae | answer reused — this model call did NOT happen
15:52:00 | run=e004 | CACHE    | HIT       | column_candidates 5a7a817a4d33 | answer reused — this model call did NOT happen
15:52:00 | run=e004 | CACHE    | HIT       | column_candidates 904f035f85d2 | answer reused — this model call did NOT happen
15:52:00 | run=e004 | CACHE    | HIT       | column_candidates 6b36cb0e6617 | answer reused — this model call did NOT happen
15:52:00 | run=e004 | CACHE    | HIT       | column_candidates eb2744efc8a8 | answer reused — this model call did NOT happen
15:52:00 | run=e004 | CACHE    | HIT       | column_candidates 24d3c16df27c | answer reused — this model call did NOT happen
15:52:00 | run=e004 | CACHE    | HIT       | column_candidates 04cbf9d3b699 | answer reused — this model call did NOT happen
15:52:00 | run=e004 | CACHE    | HIT       | column_candidates 3fb681498c4e | answer reused — this model call did NOT happen
15:52:00 | run=e004 | CACHE    | HIT       | column_candidates 247c27cf99ec | answer reused — this model call did NOT happen
15:52:00 | run=e004 | CACHE    | HIT       | column_candidates 3c79096cd35a | answer reused — this model call did NOT happen
15:52:00 | run=e004 | CACHE    | HIT       | column_candidates 39eb6c680235 | answer reused — this model call did NOT happen
15:52:00 | run=e004 | CACHE    | HIT       | column_candidates bd2a7d9a7647 | answer reused — this model call did NOT happen
15:52:00 | run=e004 | CACHE    | HIT       | column_candidates f482bf7fcedd | answer reused — this model call did NOT happen
15:52:00 | run=e004 | CACHE    | HIT       | column_candidates 237ab5a55744 | answer reused — this model call did NOT happen
15:52:00 | run=e004 | CACHE    | HIT       | column_candidates 1b974d24a484 | answer reused — this model call did NOT happen
15:52:00 | run=e004 | CACHE    | HIT       | column_candidates 38e85664983a | answer reused — this model call did NOT happen
15:52:00 | run=e004 | CACHE    | HIT       | column_candidates 8bd5e60674c0 | answer reused — this model call did NOT happen
15:52:00 | run=e004 | CACHE    | HIT       | column_candidates ff78428f5d3b | answer reused — this model call did NOT happen
15:52:00 | run=e004 | CACHE    | HIT       | column_candidates 67162eee6f7d | answer reused — this model call did NOT happen
15:52:00 | run=e004 | CACHE    | HIT       | column_candidates 4f3ad755d126 | answer reused — this model call did NOT happen
15:52:00 | run=e004 | CACHE    | HIT       | column_candidates 135316a3bc76 | answer reused — this model call did NOT happen
15:52:00 | run=e004 | CACHE    | HIT       | column_candidates b91b41f34002 | answer reused — this model call did NOT happen
15:52:00 | run=e004 | CACHE    | HIT       | column_candidates e537fe8c990f | answer reused — this model call did NOT happen
15:52:00 | run=e004 | CACHE    | HIT       | column_candidates c9d30f034e8f | answer reused — this model call did NOT happen
15:52:00 | run=e004 | CACHE    | HIT       | column_candidates d900bdd8e8a3 | answer reused — this model call did NOT happen
15:52:00 | run=e004 | CACHE    | HIT       | column_candidates 40fcbf0de6ad | answer reused — this model call did NOT happen
15:52:00 | run=e004 | CACHE    | HIT       | column_candidates a606f1e77676 | answer reused — this model call did NOT happen
15:52:00 | run=e004 | CACHE    | HIT       | column_candidates 191a09664efe | answer reused — this model call did NOT happen
15:52:00 | run=e004 | CACHE    | HIT       | column_candidates 4cf98c626537 | answer reused — this model call did NOT happen
15:52:00 | run=e004 | CACHE    | HIT       | column_candidates f1dcccbf8e99 | answer reused — this model call did NOT happen
15:52:00 | run=e004 | CACHE    | HIT       | column_candidates 76ce141dec5c | answer reused — this model call did NOT happen
15:52:00 | run=e004 | CACHE    | HIT       | column_candidates b340f2b63935 | answer reused — this model call did NOT happen
15:52:00 | run=e004 | CACHE    | HIT       | column_candidates 72e03c16bf12 | answer reused — this model call did NOT happen
15:52:00 | run=e004 | CACHE    | HIT       | column_candidates 4465c3bdad08 | answer reused — this model call did NOT happen
15:52:00 | run=e004 | CACHE    | HIT       | column_candidates a37a686019ab | answer reused — this model call did NOT happen
15:52:00 | run=e004 | CACHE    | HIT       | column_candidates 28782e299df9 | answer reused — this model call did NOT happen
15:52:00 | run=e004 | CACHE    | HIT       | column_candidates 75c38427b942 | answer reused — this model call did NOT happen
15:52:00 | run=e004 | CACHE    | HIT       | column_candidates 6cf8697eef65 | answer reused — this model call did NOT happen
15:52:00 | run=e004 | CACHE    | HIT       | column_candidates c841e659f0e7 | answer reused — this model call did NOT happen
15:52:00 | run=e004 | CACHE    | HIT       | column_candidates 8c467275a1b2 | answer reused — this model call did NOT happen
15:52:00 | run=e004 | CACHE    | HIT       | column_candidates 411d9ef8546b | answer reused — this model call did NOT happen
15:52:00 | run=e004 | CACHE    | HIT       | column_candidates 6c796a651e3a | answer reused — this model call did NOT happen
15:52:00 | run=e004 | CACHE    | HIT       | column_candidates 11eb4d7a7c5c | answer reused — this model call did NOT happen
15:52:00 | run=e004 | CACHE    | HIT       | column_candidates cbc2e1b49baa | answer reused — this model call did NOT happen
15:52:00 | run=e004 | CACHE    | HIT       | column_candidates 9a005d2e893d | answer reused — this model call did NOT happen
15:52:00 | run=e004 | CACHE    | HIT       | column_candidates 5de029377575 | answer reused — this model call did NOT happen
15:52:00 | run=e004 | CACHE    | HIT       | column_candidates d57e4eaceac2 | answer reused — this model call did NOT happen
15:52:00 | run=e004 | CACHE    | HIT       | column_candidates 471c4ddbd3f8 | answer reused — this model call did NOT happen
15:52:00 | run=e004 | CACHE    | HIT       | column_candidates 4efc57731260 | answer reused — this model call did NOT happen
15:52:00 | run=e004 | CACHE    | HIT       | column_candidates 667f1f0f72e7 | answer reused — this model call did NOT happen
15:52:01 | run=e004 | CACHE    | HIT       | column_candidates 9d820959a48a | answer reused — this model call did NOT happen
15:52:01 | run=e004 | CACHE    | HIT       | column_candidates 654eb11b0a8a | answer reused — this model call did NOT happen
15:52:01 | run=e004 | CACHE    | HIT       | column_candidates 1d16ad957cb8 | answer reused — this model call did NOT happen
15:52:01 | run=e004 | CACHE    | HIT       | column_candidates d430c8877691 | answer reused — this model call did NOT happen
15:52:01 | run=e004 | CACHE    | HIT       | column_candidates aa034d08409e | answer reused — this model call did NOT happen
15:52:01 | run=e004 | CACHE    | HIT       | column_candidates fe7416927720 | answer reused — this model call did NOT happen
15:52:01 | run=e004 | CACHE    | HIT       | column_candidates bbc0690f61fb | answer reused — this model call did NOT happen
15:52:01 | run=e004 | CACHE    | HIT       | column_candidates a4d99a0a7d8d | answer reused — this model call did NOT happen
15:52:01 | run=e004 | CACHE    | HIT       | column_candidates a47afd867129 | answer reused — this model call did NOT happen
15:52:01 | run=e004 | CACHE    | HIT       | column_candidates eea1c776dd5a | answer reused — this model call did NOT happen
15:52:01 | run=e004 | CACHE    | HIT       | column_candidates ac56aed0a9f2 | answer reused — this model call did NOT happen
15:52:01 | run=e004 | CACHE    | HIT       | column_candidates 7f643f43120f | answer reused — this model call did NOT happen
15:52:01 | run=e004 | CACHE    | HIT       | column_candidates b5130c133338 | answer reused — this model call did NOT happen
15:52:01 | run=e004 | CACHE    | HIT       | column_candidates dd7801eb7b0d | answer reused — this model call did NOT happen
15:52:01 | run=e004 | CACHE    | HIT       | column_candidates 1857038d9c94 | answer reused — this model call did NOT happen
15:52:01 | run=e004 | CACHE    | HIT       | column_candidates b08b825130c1 | answer reused — this model call did NOT happen
15:52:01 | run=e004 | CACHE    | HIT       | column_candidates e974a6a7971c | answer reused — this model call did NOT happen
15:52:01 | run=e004 | CACHE    | HIT       | column_candidates d24ad14ced41 | answer reused — this model call did NOT happen
15:52:01 | run=e004 | CACHE    | HIT       | column_candidates ab4bef88399f | answer reused — this model call did NOT happen
15:52:01 | run=e004 | CACHE    | HIT       | column_candidates d8850155ad45 | answer reused — this model call did NOT happen
15:52:01 | run=e004 | CACHE    | HIT       | column_candidates ccc2b3bdb80e | answer reused — this model call did NOT happen
15:52:01 | run=e004 | CACHE    | MISS      | column_candidates 82d8f8249978 | no stored answer for this exact input — model call required
15:52:01 | run=e004 | CACHE    | MISS      | column_candidates cec64175a9d0 | no stored answer for this exact input — model call required
15:52:01 | run=e004 | CACHE    | MISS      | column_candidates 4cbb5ecdb5c3 | no stored answer for this exact input — model call required
15:52:01 | run=e004 | CACHE    | MISS      | column_candidates a36baeeb13a8 | no stored answer for this exact input — model call required
15:52:01 | run=e004 | CACHE    | MISS      | column_candidates 99c14ac3eb5d | no stored answer for this exact input — model call required
15:52:20 | run=e004 | CACHE    | MISS      | template_canonical 6fab7aff4775 | no stored answer for this exact input — model call required
15:52:29 | run=e004 | CACHE    | MISS      | template_canonical 372eac1083e3 | no stored answer for this exact input — model call required
15:52:40 | run=e004 | CACHE    | MISS      | template_canonical 26a129e3a502 | no stored answer for this exact input — model call required
15:52:53 | run=e004 | CACHE    | MISS      | template_canonical 6ed825025b46 | no stored answer for this exact input — model call required
15:53:03 | run=e004 | CACHE    | MISS      | template_canonical a1bad49a2ca9 | no stored answer for this exact input — model call required

============================================================================================================
RUN ca0b  started 2026-09-24 16:22:26  |  contract=tmpm2458w7u.pdf template_fields=0
============================================================================================================
16:22:26 | run=ca0b | CACHE    | HIT       | clause_extraction 07e8ca86e89b | answer reused — this model call did NOT happen
16:22:26 | run=ca0b | CALL1    | SKIPPED   | clauses served from cache (whole_document, gemini-2.5-flash) | same prompt, config, model and tenant as a complete earlier read — a re-ask could return a different clause set
------------------------------------------------------------------------------------------------------------
TIMING run=ca0b   total 0.2s (0.0 min)
   PDF parse (no AI)              0.2s  81.5%  ################################
   (other / overlap)              0.0s
------------------------------------------------------------------------------------------------------------

============================================================================================================
RUN 9bde  started 2026-09-24 16:22:28  |  contract=tmpzqaok8oi.pdf template_fields=0
============================================================================================================
16:22:28 | run=9bde | CACHE    | HIT       | rule_intents 4497874a7278 | answer reused — this model call did NOT happen
16:22:28 | run=9bde | CALL2    | SKIPPED   | intents for 59 clause(s) served from cache | answer depends only on the clause texts, which have not changed — the template arriving later cannot alter it
------------------------------------------------------------------------------------------------------------
TIMING run=9bde   total 0.2s (0.0 min)
   PDF parse (no AI)              0.2s  87.3%  ##################################
   (other / overlap)              0.0s
------------------------------------------------------------------------------------------------------------
16:50:41 | run=9bde | CACHE    | HIT       | template_canonical daf260a505c4 | answer reused — this model call did NOT happen
16:50:41 | run=9bde | CACHE    | HIT       | template_canonical 813208a52306 | answer reused — this model call did NOT happen
16:50:41 | run=9bde | CACHE    | HIT       | template_canonical 3d0f363925e0 | answer reused — this model call did NOT happen
16:50:42 | run=9bde | CACHE    | HIT       | rule_intents b47bf9b20959 | answer reused — this model call did NOT happen
16:50:42 | run=9bde | CALL2    | SKIPPED   | intents for 59 clause(s) served from cache | answer depends only on the clause texts, which have not changed — the template arriving later cannot alter it
16:50:42 | run=9bde | CACHE    | HIT       | generic_bind 92320a5413e2 | answer reused — this model call did NOT happen
16:50:42 | run=9bde | CALL3    | SKIPPED   | library bind for 49 rule(s) served from cache | answer depends only on (library rows, template fields) — no contract input, so it is reused rather than re-bought
16:50:42 | run=9bde | CALL3    | ATTEMPT   | contract: 26 intent(s) in ONE call
16:50:42 | run=9bde | CACHE    | HIT       | rule_bind 502e5db33378 | answer reused — this model call did NOT happen
16:50:42 | run=9bde | CALL3    | SKIPPED   | batch 1/1: 26 intent(s) served from cache | identical prompt, config and model to a fully answered earlier batch
16:50:42 | run=9bde | CALL3    | OK        | contract: all 26 answered in ONE call | 6 DECLINED (no matching column) — a valid verdict, NOT a reason to re-batch; they go to relaxed retry / review
16:50:42 | run=9bde | CALL3    | RETRY     | relaxed retry for 6 unmapped intent(s) | the strict pass left these unbound — re-asking with the reconsider prompt before they are routed to review
16:50:42 | run=9bde | CACHE    | HIT       | rule_bind 5b326f721169 | answer reused — this model call did NOT happen
16:50:42 | run=9bde | CALL3    | SKIPPED   | batch 1/1: 6 intent(s) served from cache | identical prompt, config and model to a fully answered earlier batch
16:50:42 | run=9bde | CALL3    | RECOVERED | 1 of 6 rescued by the relaxed retry | 5 intent(s) still unbound — these become 'awaiting a column' clauses on the setup screen
16:50:42 | run=9bde | CACHE    | HIT       | formula_infer 2d6b1eade264 | answer reused — this model call did NOT happen
16:50:42 | run=9bde | CACHE    | HIT       | var_topup f7aca59898bd | answer reused — this model call did NOT happen
16:50:45 | run=9bde | MAPPING  | ATTEMPT   | sheet 'Sheet 2': 87 field(s), none needed AI
16:50:45 | run=9bde | MAPPING  | AUTO      | 'AccountID' <- AccountID | candidates: AccountID [EXACT, name -, AI -] | name - | AI - | the file uses the same column name
16:50:45 | run=9bde | MAPPING  | AUTO      | 'Invoice #' <- Invoice # | candidates: Invoice # [EXACT, name -, AI -] | name - | AI - | the file uses the same column name
16:50:45 | run=9bde | MAPPING  | AUTO      | 'Policy No' <- Policy No | candidates: Policy No [EXACT, name -, AI -] | name - | AI - | the file uses the same column name
16:50:45 | run=9bde | MAPPING  | AUTO      | 'Insured' <- Insured | candidates: Insured [EXACT, name -, AI -] | name - | AI - | the file uses the same column name
16:50:45 | run=9bde | MAPPING  | AUTO      | 'Insured Street' <- Insured Street | candidates: Insured Street [EXACT, name -, AI -] | name - | AI - | the file uses the same column name
16:50:45 | run=9bde | MAPPING  | AUTO      | 'Insured City' <- Insured City | candidates: Insured City [EXACT, name -, AI -] | name - | AI - | the file uses the same column name
16:50:45 | run=9bde | MAPPING  | AUTO      | 'Insured State' <- Insured State | candidates: Insured State [EXACT, name -, AI -] | name - | AI - | the file uses the same column name
16:50:45 | run=9bde | MAPPING  | AUTO      | 'Insured Zip Code' <- Insured Zip Code | candidates: Insured Zip Code [EXACT, name -, AI -] | name - | AI - | the file uses the same column name
16:50:45 | run=9bde | MAPPING  | AUTO      | 'Insured County' <- Insured County | candidates: Insured County [EXACT, name -, AI -] | name - | AI - | the file uses the same column name
16:50:45 | run=9bde | MAPPING  | AUTO      | 'PolicyInception' <- PolicyInception | candidates: PolicyInception [EXACT, name -, AI -] | name - | AI - | the file uses the same column name
16:50:45 | run=9bde | MAPPING  | AUTO      | 'PolicyExpiration' <- PolicyExpiration | candidates: PolicyExpiration [EXACT, name -, AI -] | name - | AI - | the file uses the same column name
16:50:45 | run=9bde | MAPPING  | AUTO      | 'New/Renewal' <- New/Renewal | candidates: New/Renewal [EXACT, name -, AI -] | name - | AI - | the file uses the same column name
16:50:45 | run=9bde | MAPPING  | AUTO      | 'ExpiringPolicyNumber' <- ExpiringPolicyNumber | candidates: ExpiringPolicyNumber [EXACT, name -, AI -] | name - | AI - | the file uses the same column name
16:50:45 | run=9bde | MAPPING  | AUTO      | 'Transaction Type' <- Transaction Type | candidates: Transaction Type [EXACT, name -, AI -] | name - | AI - | the file uses the same column name
16:50:45 | run=9bde | MAPPING  | AUTO      | 'Division' <- Division | candidates: Division [EXACT, name -, AI -] | name - | AI - | the file uses the same column name
16:50:45 | run=9bde | MAPPING  | AUTO      | 'Carrier' <- Carrier | candidates: Carrier [EXACT, name -, AI -] | name - | AI - | the file uses the same column name
16:50:45 | run=9bde | MAPPING  | AUTO      | 'UW' <- UW | candidates: UW [EXACT, name -, AI -] | name - | AI - | the file uses the same column name
16:50:45 | run=9bde | MAPPING  | AUTO      | 'Gross Premium' <- Gross Premium | candidates: Gross Premium [EXACT, name -, AI -] | name - | AI - | the file uses the same column name
16:50:45 | run=9bde | MAPPING  | AUTO      | 'Commission Rate' <- Commission Rate | candidates: Commission Rate [EXACT, name -, AI -] | name - | AI - | the file uses the same column name
16:50:45 | run=9bde | MAPPING  | AUTO      | 'Commission Amount' <- Commission Amount | candidates: Commission Amount [EXACT, name -, AI -] | name - | AI - | the file uses the same column name
16:50:45 | run=9bde | MAPPING  | AUTO      | 'Net Premium' <- Net Premium | candidates: Net Premium [EXACT, name -, AI -] | name - | AI - | the file uses the same column name
16:50:45 | run=9bde | MAPPING  | AUTO      | 'TRIA PREM' <- TRIA PREM | candidates: TRIA PREM [EXACT, name -, AI -] | name - | AI - | the file uses the same column name
16:50:45 | run=9bde | MAPPING  | AUTO      | 'TransactionDate' <- TransactionDate | candidates: TransactionDate [EXACT, name -, AI -] | name - | AI - | the file uses the same column name
16:50:45 | run=9bde | MAPPING  | AUTO      | 'TransactionEffectiveDate' <- TransactionEffectiveDate | candidates: TransactionEffectiveDate [EXACT, name -, AI -] | name - | AI - | the file uses the same column name
16:50:45 | run=9bde | MAPPING  | AUTO      | 'TransactionExpirationDate' <- TransactionExpirationDate | candidates: TransactionExpirationDate [EXACT, name -, AI -] | name - | AI - | the file uses the same column name
16:50:45 | run=9bde | MAPPING  | AUTO      | 'Risk State' <- Risk State | candidates: Risk State [EXACT, name -, AI -] | name - | AI - | the file uses the same column name
16:50:45 | run=9bde | MAPPING  | AUTO      | 'State of Filing' <- State of Filing | candidates: State of Filing [EXACT, name -, AI -] | name - | AI - | the file uses the same column name
16:50:45 | run=9bde | MAPPING  | AUTO      | 'BrokBranch' <- BrokBranch | candidates: BrokBranch [EXACT, name -, AI -] | name - | AI - | the file uses the same column name
16:50:45 | run=9bde | MAPPING  | AUTO      | 'Broker' <- Broker | candidates: Broker [EXACT, name -, AI -] | name - | AI - | the file uses the same column name
16:50:45 | run=9bde | MAPPING  | AUTO      | 'Surplus Lines Filing Broker' <- Surplus Lines Filing Broker | candidates: Surplus Lines Filing Broker [EXACT, name -, AI -] | name - | AI - | the file uses the same column name
16:50:45 | run=9bde | MAPPING  | AUTO      | 'Surplus Lines Broker Address' <- Surplus Lines Broker Address | candidates: Surplus Lines Broker Address [EXACT, name -, AI -] | name - | AI - | the file uses the same column name
16:50:45 | run=9bde | MAPPING  | AUTO      | 'Surplus Lines Broker City' <- Surplus Lines Broker City | candidates: Surplus Lines Broker City [EXACT, name -, AI -] | name - | AI - | the file uses the same column name
16:50:45 | run=9bde | MAPPING  | AUTO      | 'Surplus Lines Broker State' <- Surplus Lines Broker State | candidates: Surplus Lines Broker State [EXACT, name -, AI -] | name - | AI - | the file uses the same column name
16:50:45 | run=9bde | MAPPING  | AUTO      | 'Surplus Lines Broker Zip' <- Surplus Lines Broker Zip | candidates: Surplus Lines Broker Zip [EXACT, name -, AI -] | name - | AI - | the file uses the same column name
16:50:45 | run=9bde | MAPPING  | AUTO      | 'Surplus Lines Broker License' <- Surplus Lines Broker License | candidates: Surplus Lines Broker License [EXACT, name -, AI -] | name - | AI - | the file uses the same column name
16:50:45 | run=9bde | MAPPING  | AUTO      | 'NJ Transaction No' <- NJ Transaction No | candidates: NJ Transaction No [EXACT, name -, AI -] | name - | AI - | the file uses the same column name
16:50:45 | run=9bde | MAPPING  | AUTO      | 'LA SL Broker Phone No.' <- LA SL Broker Phone No. | candidates: LA SL Broker Phone No. [EXACT, name -, AI -] | name - | AI - | the file uses the same column name
16:50:45 | run=9bde | MAPPING  | AUTO      | 'Inception Prem' <- Inception Prem | candidates: Inception Prem [EXACT, name -, AI -] | name - | AI - | the file uses the same column name
16:50:45 | run=9bde | MAPPING  | AUTO      | 'Cumulative Prem' <- Cumulative Prem | candidates: Cumulative Prem [EXACT, name -, AI -] | name - | AI - | the file uses the same column name
16:50:45 | run=9bde | MAPPING  | AUTO      | 'Primary/Excess' <- Primary/Excess | candidates: Primary/Excess [EXACT, name -, AI -] | name - | AI - | the file uses the same column name
16:50:45 | run=9bde | MAPPING  | AUTO      | 'Endt No.' <- Endt No. | candidates: Endt No. [EXACT, name -, AI -] | name - | AI - | the file uses the same column name
16:50:45 | run=9bde | MAPPING  | AUTO      | 'Endt detail' <- Endt detail | candidates: Endt detail [EXACT, name -, AI -] | name - | AI - | the file uses the same column name
16:50:45 | run=9bde | MAPPING  | AUTO      | 'Cancel Reason' <- Cancel Reason | candidates: Cancel Reason [EXACT, name -, AI -] | name - | AI - | the file uses the same column name
16:50:45 | run=9bde | MAPPING  | AUTO      | 'Reporter Y/N' <- Reporter Y/N | candidates: Reporter Y/N [EXACT, name -, AI -] | name - | AI - | the file uses the same column name
16:50:45 | run=9bde | MAPPING  | AUTO      | 'EKVCmated Annual Premium' <- EKVCmated Annual Premium | candidates: EKVCmated Annual Premium [EXACT, name -, AI -] | name - | AI - | the file uses the same column name
16:50:45 | run=9bde | MAPPING  | AUTO      | 'Perils Covered APD' <- Perils Covered APD | candidates: Perils Covered APD [EXACT, name -, AI -] | name - | AI - | the file uses the same column name
16:50:45 | run=9bde | MAPPING  | AUTO      | 'Perils Covered MTC' <- Perils Covered MTC | candidates: Perils Covered MTC [EXACT, name -, AI -] | name - | AI - | the file uses the same column name
16:50:45 | run=9bde | MAPPING  | AUTO      | 'Pol Occ Limit' <- Pol Occ Limit | candidates: Pol Occ Limit [EXACT, name -, AI -] | name - | AI - | the file uses the same column name
16:50:45 | run=9bde | MAPPING  | AUTO      | 'APD  Unit Limit' <- APD  Unit Limit | candidates: APD  Unit Limit [EXACT, name -, AI -] | name - | AI - | the file uses the same column name
16:50:45 | run=9bde | MAPPING  | AUTO      | 'APD per Occ / Terminal Limit' <- APD per Occ / Terminal Limit | candidates: APD per Occ / Terminal Limit [EXACT, name -, AI -] | name - | AI - | the file uses the same column name
16:50:45 | run=9bde | MAPPING  | AUTO      | 'MTC per Vehicle Limit' <- MTC per Vehicle Limit | candidates: MTC per Vehicle Limit [EXACT, name -, AI -] | name - | AI - | the file uses the same column name
16:50:45 | run=9bde | MAPPING  | AUTO      | 'MTC per occurrence' <- MTC per occurrence | candidates: MTC per occurrence [EXACT, name -, AI -] | name - | AI - | the file uses the same column name
16:50:45 | run=9bde | MAPPING  | AUTO      | 'Terminal Limit Scheduled' <- Terminal Limit Scheduled | candidates: Terminal Limit Scheduled [EXACT, name -, AI -] | name - | AI - | the file uses the same column name
16:50:45 | run=9bde | MAPPING  | AUTO      | 'Terminal Limit UnScheduled' <- Terminal Limit UnScheduled | candidates: Terminal Limit UnScheduled [EXACT, name -, AI -] | name - | AI - | the file uses the same column name
16:50:45 | run=9bde | MAPPING  | AUTO      | 'Attachment Point' <- Attachment Point | candidates: Attachment Point [EXACT, name -, AI -] | name - | AI - | the file uses the same column name
16:50:45 | run=9bde | MAPPING  | AUTO      | 'APD Auditable (Y/N)' <- APD Auditable (Y/N) | candidates: APD Auditable (Y/N) [EXACT, name -, AI -] | name - | AI - | the file uses the same column name
16:50:45 | run=9bde | MAPPING  | AUTO      | 'MTC AUDITABLE (Y/N)' <- MTC AUDITABLE (Y/N) | candidates: MTC AUDITABLE (Y/N) [EXACT, name -, AI -] | name - | AI - | the file uses the same column name
16:50:45 | run=9bde | MAPPING  | AUTO      | 'APD Premium' <- APD Premium | candidates: APD Premium [EXACT, name -, AI -] | name - | AI - | the file uses the same column name
16:50:45 | run=9bde | MAPPING  | AUTO      | 'APD Deductible' <- APD Deductible | candidates: APD Deductible [EXACT, name -, AI -] | name - | AI - | the file uses the same column name
16:50:45 | run=9bde | MAPPING  | AUTO      | 'MTC Premium' <- MTC Premium | candidates: MTC Premium [EXACT, name -, AI -] | name - | AI - | the file uses the same column name
16:50:45 | run=9bde | MAPPING  | AUTO      | 'MTC Deductible' <- MTC Deductible | candidates: MTC Deductible [EXACT, name -, AI -] | name - | AI - | the file uses the same column name
16:50:45 | run=9bde | MAPPING  | AUTO      | 'Basket Deductible' <- Basket Deductible | candidates: Basket Deductible [EXACT, name -, AI -] | name - | AI - | the file uses the same column name
16:50:45 | run=9bde | MAPPING  | AUTO      | 'Aggregate Deductible APD' <- Aggregate Deductible APD | candidates: Aggregate Deductible APD [EXACT, name -, AI -] | name - | AI - | the file uses the same column name
16:50:45 | run=9bde | MAPPING  | AUTO      | 'Aggregate Deductible MTC' <- Aggregate Deductible MTC | candidates: Aggregate Deductible MTC [EXACT, name -, AI -] | name - | AI - | the file uses the same column name
16:50:45 | run=9bde | MAPPING  | AUTO      | 'BtotalPUnits' <- BtotalPUnits | candidates: BtotalPUnits [EXACT, name -, AI -] | name - | AI - | the file uses the same column name
16:50:45 | run=9bde | MAPPING  | AUTO      | 'BtotalTrailers' <- BtotalTrailers | candidates: BtotalTrailers [EXACT, name -, AI -] | name - | AI - | the file uses the same column name
16:50:45 | run=9bde | MAPPING  | AUTO      | 'BtotalTIV' <- BtotalTIV | candidates: BtotalTIV [EXACT, name -, AI -] | name - | AI - | the file uses the same column name
16:50:45 | run=9bde | MAPPING  | AUTO      | 'BtotalRev' <- BtotalRev | candidates: BtotalRev [EXACT, name -, AI -] | name - | AI - | the file uses the same column name
16:50:45 | run=9bde | MAPPING  | AUTO      | 'BtotalMileage' <- BtotalMileage | candidates: BtotalMileage [EXACT, name -, AI -] | name - | AI - | the file uses the same column name
16:50:45 | run=9bde | MAPPING  | AUTO      | 'Highest Value Unit' <- Highest Value Unit | candidates: Highest Value Unit [EXACT, name -, AI -] | name - | AI - | the file uses the same column name
16:50:45 | run=9bde | MAPPING  | AUTO      | 'IPRM APD' <- IPRM APD | candidates: IPRM APD [EXACT, name -, AI -] | name - | AI - | the file uses the same column name
16:50:45 | run=9bde | MAPPING  | AUTO      | 'IPRM MTC' <- IPRM MTC | candidates: IPRM MTC [EXACT, name -, AI -] | name - | AI - | the file uses the same column name
16:50:45 | run=9bde | MAPPING  | AUTO      | 'THBBdxDate' <- THBBdxDate | candidates: THBBdxDate [EXACT, name -, AI -] | name - | AI - | the file uses the same column name
16:50:45 | run=9bde | MAPPING  | AUTO      | 'Faculative Re(Y/N)' <- Faculative Re(Y/N) | candidates: Faculative Re(Y/N) [EXACT, name -, AI -] | name - | AI - | the file uses the same column name
16:50:45 | run=9bde | MAPPING  | AUTO      | 'Reinsurer' <- Reinsurer | candidates: Reinsurer [EXACT, name -, AI -] | name - | AI - | the file uses the same column name
16:50:45 | run=9bde | MAPPING  | AUTO      | 'Reinsurer Cert %' <- Reinsurer Cert % | candidates: Reinsurer Cert % [EXACT, name -, AI -] | name - | AI - | the file uses the same column name
16:50:45 | run=9bde | MAPPING  | AUTO      | 'Reins Eff Date' <- Reins Eff Date | candidates: Reins Eff Date [EXACT, name -, AI -] | name - | AI - | the file uses the same column name
16:50:45 | run=9bde | MAPPING  | AUTO      | 'Reins Exp Date' <- Reins Exp Date | candidates: Reins Exp Date [EXACT, name -, AI -] | name - | AI - | the file uses the same column name
16:50:45 | run=9bde | MAPPING  | AUTO      | 'Quote Share or Excess' <- Quote Share or Excess | candidates: Quote Share or Excess [EXACT, name -, AI -] | name - | AI - | the file uses the same column name
16:50:45 | run=9bde | MAPPING  | AUTO      | 'QS Reinsurers Participation%' <- QS Reinsurers Participation% | candidates: QS Reinsurers Participation% [EXACT, name -, AI -] | name - | AI - | the file uses the same column name
16:50:45 | run=9bde | MAPPING  | AUTO      | 'Participating Layer/TIV' <- Participating Layer/TIV | candidates: Participating Layer/TIV [EXACT, name -, AI -] | name - | AI - | the file uses the same column name
16:50:45 | run=9bde | MAPPING  | AUTO      | 'Reinsurance Limit' <- Reinsurance Limit | candidates: Reinsurance Limit [EXACT, name -, AI -] | name - | AI - | the file uses the same column name
16:50:45 | run=9bde | MAPPING  | AUTO      | 'Excess of' <- Excess of | candidates: Excess of [EXACT, name -, AI -] | name - | AI - | the file uses the same column name
16:50:45 | run=9bde | MAPPING  | AUTO      | 'Fac Coverage' <- Fac Coverage | candidates: Fac Coverage [EXACT, name -, AI -] | name - | AI - | the file uses the same column name
16:50:45 | run=9bde | MAPPING  | AUTO      | 'Perils Covered' <- Perils Covered | candidates: Perils Covered [EXACT, name -, AI -] | name - | AI - | the file uses the same column name
16:50:45 | run=9bde | MAPPING  | AUTO      | 'Fac Net Premium' <- Fac Net Premium | candidates: Fac Net Premium [EXACT, name -, AI -] | name - | AI - | the file uses the same column name
16:50:45 | run=9bde | MAPPING  | AUTO      | 'Carrier Net/Net Premium' <- Carrier Net/Net Premium | candidates: Carrier Net/Net Premium [EXACT, name -, AI -] | name - | AI - | the file uses the same column name
17:04:00 | run=1572 | MAPPING  | ATTEMPT   | sheet 'Sheet 2': 87 field(s), none needed AI
17:04:00 | run=1572 | MAPPING  | AUTO      | 'AccountID' <- AccountID | candidates: AccountID [EXACT, name -, AI -] | name - | AI - | the file uses the same column name
17:04:00 | run=1572 | MAPPING  | AUTO      | 'Invoice #' <- Invoice # | candidates: Invoice # [EXACT, name -, AI -] | name - | AI - | the file uses the same column name
17:04:00 | run=1572 | MAPPING  | AUTO      | 'Policy No' <- Policy No | candidates: Policy No [EXACT, name -, AI -] | name - | AI - | the file uses the same column name
17:04:00 | run=1572 | MAPPING  | AUTO      | 'Insured' <- Insured | candidates: Insured [EXACT, name -, AI -] | name - | AI - | the file uses the same column name
17:04:00 | run=1572 | MAPPING  | AUTO      | 'Insured Street' <- Insured Street | candidates: Insured Street [EXACT, name -, AI -] | name - | AI - | the file uses the same column name
17:04:00 | run=1572 | MAPPING  | AUTO      | 'Insured City' <- Insured City | candidates: Insured City [EXACT, name -, AI -] | name - | AI - | the file uses the same column name
17:04:00 | run=1572 | MAPPING  | AUTO      | 'Insured State' <- Insured State | candidates: Insured State [EXACT, name -, AI -] | name - | AI - | the file uses the same column name
17:04:00 | run=1572 | MAPPING  | AUTO      | 'Insured Zip Code' <- Insured Zip Code | candidates: Insured Zip Code [EXACT, name -, AI -] | name - | AI - | the file uses the same column name
17:04:00 | run=1572 | MAPPING  | AUTO      | 'Insured County' <- Insured County | candidates: Insured County [EXACT, name -, AI -] | name - | AI - | the file uses the same column name
17:04:00 | run=1572 | MAPPING  | AUTO      | 'PolicyInception' <- PolicyInception | candidates: PolicyInception [EXACT, name -, AI -] | name - | AI - | the file uses the same column name
17:04:00 | run=1572 | MAPPING  | AUTO      | 'PolicyExpiration' <- PolicyExpiration | candidates: PolicyExpiration [EXACT, name -, AI -] | name - | AI - | the file uses the same column name
17:04:00 | run=1572 | MAPPING  | AUTO      | 'New/Renewal' <- New/Renewal | candidates: New/Renewal [EXACT, name -, AI -] | name - | AI - | the file uses the same column name
17:04:00 | run=1572 | MAPPING  | AUTO      | 'ExpiringPolicyNumber' <- ExpiringPolicyNumber | candidates: ExpiringPolicyNumber [EXACT, name -, AI -] | name - | AI - | the file uses the same column name
17:04:00 | run=1572 | MAPPING  | AUTO      | 'Transaction Type' <- Transaction Type | candidates: Transaction Type [EXACT, name -, AI -] | name - | AI - | the file uses the same column name
17:04:00 | run=1572 | MAPPING  | AUTO      | 'Division' <- Division | candidates: Division [EXACT, name -, AI -] | name - | AI - | the file uses the same column name
17:04:00 | run=1572 | MAPPING  | AUTO      | 'Carrier' <- Carrier | candidates: Carrier [EXACT, name -, AI -] | name - | AI - | the file uses the same column name
17:04:00 | run=1572 | MAPPING  | AUTO      | 'UW' <- UW | candidates: UW [EXACT, name -, AI -] | name - | AI - | the file uses the same column name
17:04:00 | run=1572 | MAPPING  | AUTO      | 'Gross Premium' <- Gross Premium | candidates: Gross Premium [EXACT, name -, AI -] | name - | AI - | the file uses the same column name
17:04:00 | run=1572 | MAPPING  | AUTO      | 'Commission Rate' <- Commission Rate | candidates: Commission Rate [EXACT, name -, AI -] | name - | AI - | the file uses the same column name
17:04:00 | run=1572 | MAPPING  | AUTO      | 'Commission Amount' <- Commission Amount | candidates: Commission Amount [EXACT, name -, AI -] | name - | AI - | the file uses the same column name
17:04:00 | run=1572 | MAPPING  | AUTO      | 'Net Premium' <- Net Premium | candidates: Net Premium [EXACT, name -, AI -] | name - | AI - | the file uses the same column name
17:04:00 | run=1572 | MAPPING  | AUTO      | 'TRIA PREM' <- TRIA PREM | candidates: TRIA PREM [EXACT, name -, AI -] | name - | AI - | the file uses the same column name
17:04:00 | run=1572 | MAPPING  | AUTO      | 'TransactionDate' <- TransactionDate | candidates: TransactionDate [EXACT, name -, AI -] | name - | AI - | the file uses the same column name
17:04:00 | run=1572 | MAPPING  | AUTO      | 'TransactionEffectiveDate' <- TransactionEffectiveDate | candidates: TransactionEffectiveDate [EXACT, name -, AI -] | name - | AI - | the file uses the same column name
17:04:00 | run=1572 | MAPPING  | AUTO      | 'TransactionExpirationDate' <- TransactionExpirationDate | candidates: TransactionExpirationDate [EXACT, name -, AI -] | name - | AI - | the file uses the same column name
17:04:00 | run=1572 | MAPPING  | AUTO      | 'Risk State' <- Risk State | candidates: Risk State [EXACT, name -, AI -] | name - | AI - | the file uses the same column name
17:04:00 | run=1572 | MAPPING  | AUTO      | 'State of Filing' <- State of Filing | candidates: State of Filing [EXACT, name -, AI -] | name - | AI - | the file uses the same column name
17:04:00 | run=1572 | MAPPING  | AUTO      | 'BrokBranch' <- BrokBranch | candidates: BrokBranch [EXACT, name -, AI -] | name - | AI - | the file uses the same column name
17:04:00 | run=1572 | MAPPING  | AUTO      | 'Broker' <- Broker | candidates: Broker [EXACT, name -, AI -] | name - | AI - | the file uses the same column name
17:04:00 | run=1572 | MAPPING  | AUTO      | 'Surplus Lines Filing Broker' <- Surplus Lines Filing Broker | candidates: Surplus Lines Filing Broker [EXACT, name -, AI -] | name - | AI - | the file uses the same column name
17:04:00 | run=1572 | MAPPING  | AUTO      | 'Surplus Lines Broker Address' <- Surplus Lines Broker Address | candidates: Surplus Lines Broker Address [EXACT, name -, AI -] | name - | AI - | the file uses the same column name
17:04:00 | run=1572 | MAPPING  | AUTO      | 'Surplus Lines Broker City' <- Surplus Lines Broker City | candidates: Surplus Lines Broker City [EXACT, name -, AI -] | name - | AI - | the file uses the same column name
17:04:00 | run=1572 | MAPPING  | AUTO      | 'Surplus Lines Broker State' <- Surplus Lines Broker State | candidates: Surplus Lines Broker State [EXACT, name -, AI -] | name - | AI - | the file uses the same column name
17:04:00 | run=1572 | MAPPING  | AUTO      | 'Surplus Lines Broker Zip' <- Surplus Lines Broker Zip | candidates: Surplus Lines Broker Zip [EXACT, name -, AI -] | name - | AI - | the file uses the same column name
17:04:00 | run=1572 | MAPPING  | AUTO      | 'Surplus Lines Broker License' <- Surplus Lines Broker License | candidates: Surplus Lines Broker License [EXACT, name -, AI -] | name - | AI - | the file uses the same column name
17:04:00 | run=1572 | MAPPING  | AUTO      | 'NJ Transaction No' <- NJ Transaction No | candidates: NJ Transaction No [EXACT, name -, AI -] | name - | AI - | the file uses the same column name
17:04:00 | run=1572 | MAPPING  | AUTO      | 'LA SL Broker Phone No.' <- LA SL Broker Phone No. | candidates: LA SL Broker Phone No. [EXACT, name -, AI -] | name - | AI - | the file uses the same column name
17:04:00 | run=1572 | MAPPING  | AUTO      | 'Inception Prem' <- Inception Prem | candidates: Inception Prem [EXACT, name -, AI -] | name - | AI - | the file uses the same column name
17:04:00 | run=1572 | MAPPING  | AUTO      | 'Cumulative Prem' <- Cumulative Prem | candidates: Cumulative Prem [EXACT, name -, AI -] | name - | AI - | the file uses the same column name
17:04:00 | run=1572 | MAPPING  | AUTO      | 'Primary/Excess' <- Primary/Excess | candidates: Primary/Excess [EXACT, name -, AI -] | name - | AI - | the file uses the same column name
17:04:00 | run=1572 | MAPPING  | AUTO      | 'Endt No.' <- Endt No. | candidates: Endt No. [EXACT, name -, AI -] | name - | AI - | the file uses the same column name
17:04:00 | run=1572 | MAPPING  | AUTO      | 'Endt detail' <- Endt detail | candidates: Endt detail [EXACT, name -, AI -] | name - | AI - | the file uses the same column name
17:04:00 | run=1572 | MAPPING  | AUTO      | 'Cancel Reason' <- Cancel Reason | candidates: Cancel Reason [EXACT, name -, AI -] | name - | AI - | the file uses the same column name
17:04:00 | run=1572 | MAPPING  | AUTO      | 'Reporter Y/N' <- Reporter Y/N | candidates: Reporter Y/N [EXACT, name -, AI -] | name - | AI - | the file uses the same column name
17:04:00 | run=1572 | MAPPING  | AUTO      | 'EKVCmated Annual Premium' <- EKVCmated Annual Premium | candidates: EKVCmated Annual Premium [EXACT, name -, AI -] | name - | AI - | the file uses the same column name
17:04:00 | run=1572 | MAPPING  | AUTO      | 'Perils Covered APD' <- Perils Covered APD | candidates: Perils Covered APD [EXACT, name -, AI -] | name - | AI - | the file uses the same column name
17:04:00 | run=1572 | MAPPING  | AUTO      | 'Perils Covered MTC' <- Perils Covered MTC | candidates: Perils Covered MTC [EXACT, name -, AI -] | name - | AI - | the file uses the same column name
17:04:00 | run=1572 | MAPPING  | AUTO      | 'Pol Occ Limit' <- Pol Occ Limit | candidates: Pol Occ Limit [EXACT, name -, AI -] | name - | AI - | the file uses the same column name
17:04:00 | run=1572 | MAPPING  | AUTO      | 'APD  Unit Limit' <- APD  Unit Limit | candidates: APD  Unit Limit [EXACT, name -, AI -] | name - | AI - | the file uses the same column name
17:04:00 | run=1572 | MAPPING  | AUTO      | 'APD per Occ / Terminal Limit' <- APD per Occ / Terminal Limit | candidates: APD per Occ / Terminal Limit [EXACT, name -, AI -] | name - | AI - | the file uses the same column name
17:04:00 | run=1572 | MAPPING  | AUTO      | 'MTC per Vehicle Limit' <- MTC per Vehicle Limit | candidates: MTC per Vehicle Limit [EXACT, name -, AI -] | name - | AI - | the file uses the same column name
17:04:00 | run=1572 | MAPPING  | AUTO      | 'MTC per occurrence' <- MTC per occurrence | candidates: MTC per occurrence [EXACT, name -, AI -] | name - | AI - | the file uses the same column name
17:04:00 | run=1572 | MAPPING  | AUTO      | 'Terminal Limit Scheduled' <- Terminal Limit Scheduled | candidates: Terminal Limit Scheduled [EXACT, name -, AI -] | name - | AI - | the file uses the same column name
17:04:00 | run=1572 | MAPPING  | AUTO      | 'Terminal Limit UnScheduled' <- Terminal Limit UnScheduled | candidates: Terminal Limit UnScheduled [EXACT, name -, AI -] | name - | AI - | the file uses the same column name
17:04:00 | run=1572 | MAPPING  | AUTO      | 'Attachment Point' <- Attachment Point | candidates: Attachment Point [EXACT, name -, AI -] | name - | AI - | the file uses the same column name
17:04:00 | run=1572 | MAPPING  | AUTO      | 'APD Auditable (Y/N)' <- APD Auditable (Y/N) | candidates: APD Auditable (Y/N) [EXACT, name -, AI -] | name - | AI - | the file uses the same column name
17:04:00 | run=1572 | MAPPING  | AUTO      | 'MTC AUDITABLE (Y/N)' <- MTC AUDITABLE (Y/N) | candidates: MTC AUDITABLE (Y/N) [EXACT, name -, AI -] | name - | AI - | the file uses the same column name
17:04:00 | run=1572 | MAPPING  | AUTO      | 'APD Premium' <- APD Premium | candidates: APD Premium [EXACT, name -, AI -] | name - | AI - | the file uses the same column name
17:04:00 | run=1572 | MAPPING  | AUTO      | 'APD Deductible' <- APD Deductible | candidates: APD Deductible [EXACT, name -, AI -] | name - | AI - | the file uses the same column name
17:04:00 | run=1572 | MAPPING  | AUTO      | 'MTC Premium' <- MTC Premium | candidates: MTC Premium [EXACT, name -, AI -] | name - | AI - | the file uses the same column name
17:04:00 | run=1572 | MAPPING  | AUTO      | 'MTC Deductible' <- MTC Deductible | candidates: MTC Deductible [EXACT, name -, AI -] | name - | AI - | the file uses the same column name
17:04:00 | run=1572 | MAPPING  | AUTO      | 'Basket Deductible' <- Basket Deductible | candidates: Basket Deductible [EXACT, name -, AI -] | name - | AI - | the file uses the same column name
17:04:00 | run=1572 | MAPPING  | AUTO      | 'Aggregate Deductible APD' <- Aggregate Deductible APD | candidates: Aggregate Deductible APD [EXACT, name -, AI -] | name - | AI - | the file uses the same column name
17:04:00 | run=1572 | MAPPING  | AUTO      | 'Aggregate Deductible MTC' <- Aggregate Deductible MTC | candidates: Aggregate Deductible MTC [EXACT, name -, AI -] | name - | AI - | the file uses the same column name
17:04:00 | run=1572 | MAPPING  | AUTO      | 'BtotalPUnits' <- BtotalPUnits | candidates: BtotalPUnits [EXACT, name -, AI -] | name - | AI - | the file uses the same column name
17:04:00 | run=1572 | MAPPING  | AUTO      | 'BtotalTrailers' <- BtotalTrailers | candidates: BtotalTrailers [EXACT, name -, AI -] | name - | AI - | the file uses the same column name
17:04:00 | run=1572 | MAPPING  | AUTO      | 'BtotalTIV' <- BtotalTIV | candidates: BtotalTIV [EXACT, name -, AI -] | name - | AI - | the file uses the same column name
17:04:00 | run=1572 | MAPPING  | AUTO      | 'BtotalRev' <- BtotalRev | candidates: BtotalRev [EXACT, name -, AI -] | name - | AI - | the file uses the same column name
17:04:00 | run=1572 | MAPPING  | AUTO      | 'BtotalMileage' <- BtotalMileage | candidates: BtotalMileage [EXACT, name -, AI -] | name - | AI - | the file uses the same column name
17:04:00 | run=1572 | MAPPING  | AUTO      | 'Highest Value Unit' <- Highest Value Unit | candidates: Highest Value Unit [EXACT, name -, AI -] | name - | AI - | the file uses the same column name
17:04:00 | run=1572 | MAPPING  | AUTO      | 'IPRM APD' <- IPRM APD | candidates: IPRM APD [EXACT, name -, AI -] | name - | AI - | the file uses the same column name
17:04:00 | run=1572 | MAPPING  | AUTO      | 'IPRM MTC' <- IPRM MTC | candidates: IPRM MTC [EXACT, name -, AI -] | name - | AI - | the file uses the same column name
17:04:00 | run=1572 | MAPPING  | AUTO      | 'THBBdxDate' <- THBBdxDate | candidates: THBBdxDate [EXACT, name -, AI -] | name - | AI - | the file uses the same column name
17:04:00 | run=1572 | MAPPING  | AUTO      | 'Faculative Re(Y/N)' <- Faculative Re(Y/N) | candidates: Faculative Re(Y/N) [EXACT, name -, AI -] | name - | AI - | the file uses the same column name
17:04:00 | run=1572 | MAPPING  | AUTO      | 'Reinsurer' <- Reinsurer | candidates: Reinsurer [EXACT, name -, AI -] | name - | AI - | the file uses the same column name
17:04:00 | run=1572 | MAPPING  | AUTO      | 'Reinsurer Cert %' <- Reinsurer Cert % | candidates: Reinsurer Cert % [EXACT, name -, AI -] | name - | AI - | the file uses the same column name
17:04:00 | run=1572 | MAPPING  | AUTO      | 'Reins Eff Date' <- Reins Eff Date | candidates: Reins Eff Date [EXACT, name -, AI -] | name - | AI - | the file uses the same column name
17:04:00 | run=1572 | MAPPING  | AUTO      | 'Reins Exp Date' <- Reins Exp Date | candidates: Reins Exp Date [EXACT, name -, AI -] | name - | AI - | the file uses the same column name
17:04:00 | run=1572 | MAPPING  | AUTO      | 'Quote Share or Excess' <- Quote Share or Excess | candidates: Quote Share or Excess [EXACT, name -, AI -] | name - | AI - | the file uses the same column name
17:04:00 | run=1572 | MAPPING  | AUTO      | 'QS Reinsurers Participation%' <- QS Reinsurers Participation% | candidates: QS Reinsurers Participation% [EXACT, name -, AI -] | name - | AI - | the file uses the same column name
17:04:00 | run=1572 | MAPPING  | AUTO      | 'Participating Layer/TIV' <- Participating Layer/TIV | candidates: Participating Layer/TIV [EXACT, name -, AI -] | name - | AI - | the file uses the same column name
17:04:00 | run=1572 | MAPPING  | AUTO      | 'Reinsurance Limit' <- Reinsurance Limit | candidates: Reinsurance Limit [EXACT, name -, AI -] | name - | AI - | the file uses the same column name
17:04:00 | run=1572 | MAPPING  | AUTO      | 'Excess of' <- Excess of | candidates: Excess of [EXACT, name -, AI -] | name - | AI - | the file uses the same column name
17:04:00 | run=1572 | MAPPING  | AUTO      | 'Fac Coverage' <- Fac Coverage | candidates: Fac Coverage [EXACT, name -, AI -] | name - | AI - | the file uses the same column name
17:04:00 | run=1572 | MAPPING  | AUTO      | 'Perils Covered' <- Perils Covered | candidates: Perils Covered [EXACT, name -, AI -] | name - | AI - | the file uses the same column name
17:04:00 | run=1572 | MAPPING  | AUTO      | 'Fac Net Premium' <- Fac Net Premium | candidates: Fac Net Premium [EXACT, name -, AI -] | name - | AI - | the file uses the same column name
17:04:00 | run=1572 | MAPPING  | AUTO      | 'Carrier Net/Net Premium' <- Carrier Net/Net Premium | candidates: Carrier Net/Net Premium [EXACT, name -, AI -] | name - | AI - | the file uses the same column name
17:31:15 | run=892f | CACHE    | HIT       | var_reconcile 6579a98925cf | answer reused — this model call did NOT happen
17:31:15 | run=892f | CACHE    | HIT       | var_reconcile 6599624ec19f | answer reused — this model call did NOT happen
17:31:15 | run=892f | CACHE    | HIT       | var_reconcile 830bd86c2f0a | answer reused — this model call did NOT happen
17:31:15 | run=892f | CACHE    | HIT       | var_reconcile 6a353c0dea59 | answer reused — this model call did NOT happen
17:31:15 | run=892f | CACHE    | HIT       | var_reconcile 6568d7c5a1de | answer reused — this model call did NOT happen
17:31:15 | run=892f | CACHE    | HIT       | var_reconcile c578aeb509ae | answer reused — this model call did NOT happen
17:31:15 | run=892f | CACHE    | HIT       | var_reconcile b01d7209d1a6 | answer reused — this model call did NOT happen
08:53:50 | run=971d | CACHE    | HIT       | var_reconcile 6579a98925cf | answer reused — this model call did NOT happen
08:53:50 | run=971d | CACHE    | HIT       | var_reconcile 6599624ec19f | answer reused — this model call did NOT happen
08:53:51 | run=971d | CACHE    | HIT       | var_reconcile 830bd86c2f0a | answer reused — this model call did NOT happen
08:53:51 | run=971d | CACHE    | HIT       | var_reconcile 6a353c0dea59 | answer reused — this model call did NOT happen
08:53:51 | run=971d | CACHE    | HIT       | var_reconcile 6568d7c5a1de | answer reused — this model call did NOT happen
08:53:51 | run=971d | CACHE    | HIT       | var_reconcile c578aeb509ae | answer reused — this model call did NOT happen
08:53:51 | run=971d | CACHE    | HIT       | var_reconcile b01d7209d1a6 | answer reused — this model call did NOT happen
23:15:07 | run=6fbb | CACHE    | MISS      | contract_fields 94dfa85b260f | no stored answer for this exact input — model call required
23:15:11 | run=6fbb | CACHE    | HIT       | column_candidates 264366b5f802 | answer reused — this model call did NOT happen
23:15:11 | run=6fbb | CACHE    | HIT       | column_candidates 5f4c8a6303da | answer reused — this model call did NOT happen
23:15:11 | run=6fbb | CACHE    | HIT       | column_candidates b323d1876902 | answer reused — this model call did NOT happen
23:15:11 | run=6fbb | CACHE    | HIT       | column_candidates aad62cb37843 | answer reused — this model call did NOT happen
23:15:11 | run=6fbb | CACHE    | MISS      | column_candidates 04c21dda565d | no stored answer for this exact input — model call required
23:15:11 | run=6fbb | CACHE    | MISS      | column_candidates 87c70eec3530 | no stored answer for this exact input — model call required
23:15:11 | run=6fbb | CACHE    | HIT       | column_candidates b6ad1b153da2 | answer reused — this model call did NOT happen
23:15:11 | run=6fbb | CACHE    | MISS      | column_candidates 6e21c02c2276 | no stored answer for this exact input — model call required
23:15:21 | run=6fbb | CACHE    | HIT       | column_candidates 52e3d36bc2cb | answer reused — this model call did NOT happen
23:15:21 | run=6fbb | CACHE    | HIT       | column_candidates 3459d9b03366 | answer reused — this model call did NOT happen
23:15:21 | run=6fbb | CACHE    | HIT       | column_candidates c077556b94f1 | answer reused — this model call did NOT happen
23:15:21 | run=6fbb | CACHE    | HIT       | column_candidates 990dfdfe165a | answer reused — this model call did NOT happen
23:15:21 | run=6fbb | CACHE    | HIT       | column_candidates 7f1eee9bab20 | answer reused — this model call did NOT happen
23:15:21 | run=6fbb | CACHE    | HIT       | column_candidates 59f3d5b6de8f | answer reused — this model call did NOT happen
23:15:21 | run=6fbb | CACHE    | HIT       | column_candidates 5c77cddf231c | answer reused — this model call did NOT happen
23:15:21 | run=6fbb | CACHE    | HIT       | column_candidates db0747fc3ce7 | answer reused — this model call did NOT happen
23:15:21 | run=6fbb | CACHE    | HIT       | column_candidates abaca49240d3 | answer reused — this model call did NOT happen
23:15:21 | run=6fbb | CACHE    | HIT       | column_candidates 8831a8dc696f | answer reused — this model call did NOT happen
23:15:21 | run=6fbb | CACHE    | HIT       | column_candidates 7362ece376c6 | answer reused — this model call did NOT happen
23:15:21 | run=6fbb | CACHE    | HIT       | column_candidates 90bc0eddce4e | answer reused — this model call did NOT happen
23:15:21 | run=6fbb | CACHE    | HIT       | column_candidates 77f03445c321 | answer reused — this model call did NOT happen
23:15:21 | run=6fbb | CACHE    | HIT       | column_candidates ea4ed2ac5c01 | answer reused — this model call did NOT happen
23:15:21 | run=6fbb | CACHE    | HIT       | column_candidates d39e5316144f | answer reused — this model call did NOT happen
23:15:21 | run=6fbb | CACHE    | HIT       | column_candidates 77c668c1f589 | answer reused — this model call did NOT happen
23:15:21 | run=6fbb | CACHE    | HIT       | column_candidates 116e1c753cc0 | answer reused — this model call did NOT happen
23:15:21 | run=6fbb | CACHE    | HIT       | column_candidates 572a543ef217 | answer reused — this model call did NOT happen
23:15:21 | run=6fbb | CACHE    | HIT       | column_candidates 6a43f61488ff | answer reused — this model call did NOT happen
23:15:21 | run=6fbb | CACHE    | HIT       | column_candidates 2f18c3ec1d18 | answer reused — this model call did NOT happen
23:15:21 | run=6fbb | CACHE    | HIT       | column_candidates 5386e5dcc13c | answer reused — this model call did NOT happen
23:15:21 | run=6fbb | CACHE    | HIT       | column_candidates edb9d918e902 | answer reused — this model call did NOT happen
23:15:21 | run=6fbb | CACHE    | HIT       | column_candidates c7b712f62752 | answer reused — this model call did NOT happen
23:15:21 | run=6fbb | CACHE    | HIT       | column_candidates 4cec478eb89b | answer reused — this model call did NOT happen
23:15:21 | run=6fbb | CACHE    | HIT       | column_candidates 07226e1836e6 | answer reused — this model call did NOT happen
23:15:21 | run=6fbb | CACHE    | HIT       | column_candidates ae4ad37e1e10 | answer reused — this model call did NOT happen
23:15:21 | run=6fbb | CACHE    | HIT       | column_candidates be9d4d9b8f08 | answer reused — this model call did NOT happen
23:15:21 | run=6fbb | CACHE    | HIT       | column_candidates 0299b91d3706 | answer reused — this model call did NOT happen
23:15:21 | run=6fbb | CACHE    | HIT       | column_candidates cf060505aad9 | answer reused — this model call did NOT happen
23:15:21 | run=6fbb | CACHE    | HIT       | column_candidates ca60545fe950 | answer reused — this model call did NOT happen
23:15:21 | run=6fbb | CACHE    | HIT       | column_candidates d2c0a105fbbd | answer reused — this model call did NOT happen
23:15:21 | run=6fbb | CACHE    | HIT       | column_candidates 7a2f2dbc4e95 | answer reused — this model call did NOT happen
23:15:21 | run=6fbb | CACHE    | HIT       | column_candidates 895efcbb3a66 | answer reused — this model call did NOT happen
23:15:21 | run=6fbb | CACHE    | HIT       | column_candidates ca797977af7e | answer reused — this model call did NOT happen
23:15:21 | run=6fbb | CACHE    | HIT       | column_candidates 88ab90bdacb0 | answer reused — this model call did NOT happen
23:15:21 | run=6fbb | CACHE    | HIT       | column_candidates be20772ee022 | answer reused — this model call did NOT happen
23:15:21 | run=6fbb | CACHE    | HIT       | column_candidates 69f116a793cf | answer reused — this model call did NOT happen
23:15:21 | run=6fbb | CACHE    | HIT       | column_candidates de14c10160c6 | answer reused — this model call did NOT happen
23:15:21 | run=6fbb | CACHE    | HIT       | column_candidates 8835e1e8a2eb | answer reused — this model call did NOT happen
23:15:21 | run=6fbb | CACHE    | HIT       | column_candidates a9bdda22fba5 | answer reused — this model call did NOT happen
23:15:21 | run=6fbb | CACHE    | HIT       | column_candidates c3b4a878929a | answer reused — this model call did NOT happen
23:15:21 | run=6fbb | CACHE    | HIT       | column_candidates 8570c44f3b01 | answer reused — this model call did NOT happen
23:15:22 | run=6fbb | CACHE    | HIT       | column_candidates fbd2884f3b21 | answer reused — this model call did NOT happen
23:15:22 | run=6fbb | CACHE    | HIT       | column_candidates 6c53565e2d3a | answer reused — this model call did NOT happen
23:15:22 | run=6fbb | CACHE    | HIT       | column_candidates 81db522ceac8 | answer reused — this model call did NOT happen
23:15:22 | run=6fbb | CACHE    | HIT       | column_candidates 8e2c31ab01a3 | answer reused — this model call did NOT happen
23:15:22 | run=6fbb | CACHE    | HIT       | column_candidates 4af9bf5080e6 | answer reused — this model call did NOT happen
23:15:22 | run=6fbb | CACHE    | HIT       | column_candidates bb5e8221f7f9 | answer reused — this model call did NOT happen
23:15:22 | run=6fbb | CACHE    | HIT       | column_candidates 1feacea900b2 | answer reused — this model call did NOT happen
23:15:22 | run=6fbb | CACHE    | HIT       | column_candidates 2c9a67ac3d4c | answer reused — this model call did NOT happen
23:15:22 | run=6fbb | CACHE    | HIT       | column_candidates da956c9da3c5 | answer reused — this model call did NOT happen
23:15:22 | run=6fbb | CACHE    | HIT       | column_candidates 35148b755cec | answer reused — this model call did NOT happen
23:15:22 | run=6fbb | CACHE    | HIT       | column_candidates e62abe5883d9 | answer reused — this model call did NOT happen
23:15:22 | run=6fbb | CACHE    | HIT       | column_candidates 84d9aedbdff9 | answer reused — this model call did NOT happen
23:15:22 | run=6fbb | CACHE    | HIT       | column_candidates 6e966899e64a | answer reused — this model call did NOT happen
23:15:22 | run=6fbb | CACHE    | HIT       | column_candidates f6465b4ac338 | answer reused — this model call did NOT happen
23:15:22 | run=6fbb | CACHE    | HIT       | column_candidates 3876fa5270b4 | answer reused — this model call did NOT happen
23:15:22 | run=6fbb | CACHE    | HIT       | column_candidates 640935f928ae | answer reused — this model call did NOT happen
23:15:22 | run=6fbb | CACHE    | HIT       | column_candidates 5a7a817a4d33 | answer reused — this model call did NOT happen
23:15:22 | run=6fbb | CACHE    | HIT       | column_candidates 904f035f85d2 | answer reused — this model call did NOT happen
23:15:22 | run=6fbb | CACHE    | HIT       | column_candidates 6b36cb0e6617 | answer reused — this model call did NOT happen
23:15:22 | run=6fbb | CACHE    | HIT       | column_candidates eb2744efc8a8 | answer reused — this model call did NOT happen
23:15:22 | run=6fbb | CACHE    | HIT       | column_candidates 24d3c16df27c | answer reused — this model call did NOT happen
23:15:22 | run=6fbb | CACHE    | HIT       | column_candidates 04cbf9d3b699 | answer reused — this model call did NOT happen
23:15:22 | run=6fbb | CACHE    | HIT       | column_candidates 3fb681498c4e | answer reused — this model call did NOT happen
23:15:22 | run=6fbb | CACHE    | HIT       | column_candidates 247c27cf99ec | answer reused — this model call did NOT happen
23:15:22 | run=6fbb | CACHE    | HIT       | column_candidates 3c79096cd35a | answer reused — this model call did NOT happen
23:15:22 | run=6fbb | CACHE    | HIT       | column_candidates 39eb6c680235 | answer reused — this model call did NOT happen
23:15:22 | run=6fbb | CACHE    | HIT       | column_candidates bd2a7d9a7647 | answer reused — this model call did NOT happen
23:15:22 | run=6fbb | CACHE    | HIT       | column_candidates f482bf7fcedd | answer reused — this model call did NOT happen
23:15:22 | run=6fbb | CACHE    | HIT       | column_candidates 237ab5a55744 | answer reused — this model call did NOT happen
23:15:22 | run=6fbb | CACHE    | HIT       | column_candidates 1b974d24a484 | answer reused — this model call did NOT happen
23:15:22 | run=6fbb | CACHE    | HIT       | column_candidates 38e85664983a | answer reused — this model call did NOT happen
23:15:22 | run=6fbb | CACHE    | HIT       | column_candidates 8bd5e60674c0 | answer reused — this model call did NOT happen
23:15:22 | run=6fbb | CACHE    | HIT       | column_candidates ff78428f5d3b | answer reused — this model call did NOT happen
23:15:22 | run=6fbb | CACHE    | HIT       | column_candidates 67162eee6f7d | answer reused — this model call did NOT happen
23:15:22 | run=6fbb | CACHE    | HIT       | column_candidates 4f3ad755d126 | answer reused — this model call did NOT happen
23:15:22 | run=6fbb | CACHE    | HIT       | column_candidates 135316a3bc76 | answer reused — this model call did NOT happen
23:15:22 | run=6fbb | CACHE    | HIT       | column_candidates b91b41f34002 | answer reused — this model call did NOT happen
23:15:22 | run=6fbb | CACHE    | HIT       | column_candidates e537fe8c990f | answer reused — this model call did NOT happen
23:15:22 | run=6fbb | CACHE    | HIT       | column_candidates c9d30f034e8f | answer reused — this model call did NOT happen
23:15:22 | run=6fbb | CACHE    | HIT       | column_candidates d900bdd8e8a3 | answer reused — this model call did NOT happen
23:15:22 | run=6fbb | CACHE    | HIT       | column_candidates 40fcbf0de6ad | answer reused — this model call did NOT happen
23:15:22 | run=6fbb | CACHE    | HIT       | column_candidates a606f1e77676 | answer reused — this model call did NOT happen
23:15:22 | run=6fbb | CACHE    | HIT       | column_candidates 191a09664efe | answer reused — this model call did NOT happen
23:15:22 | run=6fbb | CACHE    | HIT       | column_candidates 4cf98c626537 | answer reused — this model call did NOT happen
23:15:22 | run=6fbb | CACHE    | HIT       | column_candidates f1dcccbf8e99 | answer reused — this model call did NOT happen
23:15:22 | run=6fbb | CACHE    | HIT       | column_candidates 76ce141dec5c | answer reused — this model call did NOT happen
23:15:22 | run=6fbb | CACHE    | HIT       | column_candidates b340f2b63935 | answer reused — this model call did NOT happen
23:15:22 | run=6fbb | CACHE    | HIT       | column_candidates 72e03c16bf12 | answer reused — this model call did NOT happen
23:15:22 | run=6fbb | CACHE    | HIT       | column_candidates 4465c3bdad08 | answer reused — this model call did NOT happen
23:15:22 | run=6fbb | CACHE    | HIT       | column_candidates a37a686019ab | answer reused — this model call did NOT happen
23:15:23 | run=6fbb | CACHE    | HIT       | column_candidates 28782e299df9 | answer reused — this model call did NOT happen
23:15:23 | run=6fbb | CACHE    | HIT       | column_candidates 75c38427b942 | answer reused — this model call did NOT happen
23:15:23 | run=6fbb | CACHE    | HIT       | column_candidates 6cf8697eef65 | answer reused — this model call did NOT happen
23:15:23 | run=6fbb | CACHE    | HIT       | column_candidates c841e659f0e7 | answer reused — this model call did NOT happen
23:15:23 | run=6fbb | CACHE    | HIT       | column_candidates 8c467275a1b2 | answer reused — this model call did NOT happen
23:15:23 | run=6fbb | CACHE    | HIT       | column_candidates 411d9ef8546b | answer reused — this model call did NOT happen
23:15:23 | run=6fbb | CACHE    | HIT       | column_candidates 6c796a651e3a | answer reused — this model call did NOT happen
23:15:23 | run=6fbb | CACHE    | HIT       | column_candidates 11eb4d7a7c5c | answer reused — this model call did NOT happen
23:15:23 | run=6fbb | CACHE    | HIT       | column_candidates cbc2e1b49baa | answer reused — this model call did NOT happen
23:15:23 | run=6fbb | CACHE    | HIT       | column_candidates 9a005d2e893d | answer reused — this model call did NOT happen
23:15:23 | run=6fbb | CACHE    | HIT       | column_candidates 5de029377575 | answer reused — this model call did NOT happen
23:15:23 | run=6fbb | CACHE    | HIT       | column_candidates d57e4eaceac2 | answer reused — this model call did NOT happen
23:15:23 | run=6fbb | CACHE    | HIT       | column_candidates 471c4ddbd3f8 | answer reused — this model call did NOT happen
23:15:23 | run=6fbb | CACHE    | HIT       | column_candidates 4efc57731260 | answer reused — this model call did NOT happen
23:15:23 | run=6fbb | CACHE    | HIT       | column_candidates 667f1f0f72e7 | answer reused — this model call did NOT happen
23:15:23 | run=6fbb | CACHE    | HIT       | column_candidates 9d820959a48a | answer reused — this model call did NOT happen
23:15:23 | run=6fbb | CACHE    | HIT       | column_candidates 654eb11b0a8a | answer reused — this model call did NOT happen
23:15:23 | run=6fbb | CACHE    | HIT       | column_candidates 1d16ad957cb8 | answer reused — this model call did NOT happen
23:15:23 | run=6fbb | CACHE    | HIT       | column_candidates d430c8877691 | answer reused — this model call did NOT happen
23:15:23 | run=6fbb | CACHE    | HIT       | column_candidates aa034d08409e | answer reused — this model call did NOT happen
23:15:23 | run=6fbb | CACHE    | HIT       | column_candidates fe7416927720 | answer reused — this model call did NOT happen
23:15:23 | run=6fbb | CACHE    | HIT       | column_candidates bbc0690f61fb | answer reused — this model call did NOT happen
23:15:23 | run=6fbb | CACHE    | HIT       | column_candidates a4d99a0a7d8d | answer reused — this model call did NOT happen
23:15:23 | run=6fbb | CACHE    | HIT       | column_candidates a47afd867129 | answer reused — this model call did NOT happen
23:15:23 | run=6fbb | CACHE    | HIT       | column_candidates eea1c776dd5a | answer reused — this model call did NOT happen
23:15:23 | run=6fbb | CACHE    | HIT       | column_candidates ac56aed0a9f2 | answer reused — this model call did NOT happen
23:15:23 | run=6fbb | CACHE    | HIT       | column_candidates 7f643f43120f | answer reused — this model call did NOT happen
23:15:23 | run=6fbb | CACHE    | HIT       | column_candidates b5130c133338 | answer reused — this model call did NOT happen
23:15:23 | run=6fbb | CACHE    | HIT       | column_candidates dd7801eb7b0d | answer reused — this model call did NOT happen
23:15:23 | run=6fbb | CACHE    | HIT       | column_candidates 1857038d9c94 | answer reused — this model call did NOT happen
23:15:23 | run=6fbb | CACHE    | HIT       | column_candidates b08b825130c1 | answer reused — this model call did NOT happen
23:15:23 | run=6fbb | CACHE    | HIT       | column_candidates e974a6a7971c | answer reused — this model call did NOT happen
23:15:23 | run=6fbb | CACHE    | HIT       | column_candidates d24ad14ced41 | answer reused — this model call did NOT happen
23:15:23 | run=6fbb | CACHE    | HIT       | column_candidates ab4bef88399f | answer reused — this model call did NOT happen
23:15:23 | run=6fbb | CACHE    | HIT       | column_candidates d8850155ad45 | answer reused — this model call did NOT happen
23:15:23 | run=6fbb | CACHE    | HIT       | column_candidates ccc2b3bdb80e | answer reused — this model call did NOT happen
23:15:23 | run=6fbb | CACHE    | HIT       | column_candidates 82d8f8249978 | answer reused — this model call did NOT happen
23:15:23 | run=6fbb | CACHE    | HIT       | column_candidates cec64175a9d0 | answer reused — this model call did NOT happen
23:15:23 | run=6fbb | CACHE    | MISS      | column_candidates f03869233f15 | no stored answer for this exact input — model call required
23:15:23 | run=6fbb | CACHE    | HIT       | column_candidates 99c14ac3eb5d | answer reused — this model call did NOT happen
23:15:23 | run=6fbb | CACHE    | MISS      | column_candidates 1681039857ff | no stored answer for this exact input — model call required
23:15:46 | run=6fbb | CACHE    | MISS      | template_canonical 1e608f2bfbe5 | no stored answer for this exact input — model call required
23:15:55 | run=6fbb | CACHE    | MISS      | template_canonical 06f00c98a2c2 | no stored answer for this exact input — model call required
23:16:06 | run=6fbb | CACHE    | MISS      | template_canonical 2d8689ca5301 | no stored answer for this exact input — model call required
23:16:18 | run=6fbb | CACHE    | MISS      | template_canonical 9c0f34a9391e | no stored answer for this exact input — model call required
23:16:28 | run=6fbb | CACHE    | MISS      | template_canonical 4da2d483fd10 | no stored answer for this exact input — model call required
23:18:21 | run=6fbb | CACHE    | MISS      | rule_intents 47b2ddb45f64 | no stored answer for this exact input — model call required
23:18:21 | run=6fbb | CALL2    | ATTEMPT   | 5 clause(s) in ONE call | est answer ~1,467 of 45,875 tok budget (3%)
23:18:37 | run=6fbb | CALL2    | SPOTCHECK | re-asked 1 of 1 rejected clause(s) | longest first — length is what dilutes attention
23:18:37 | run=6fbb | CALL2    | OK        | single call accepted for all 5 clause(s) | spot-check found no false negatives
23:18:37 | run=6fbb | CACHE    | MISS      | generic_bind 591a1b2abc24 | no stored answer for this exact input — model call required
23:18:37 | run=6fbb | CALL3    | ATTEMPT   | contract: 13 intent(s) in ONE call
23:18:37 | run=6fbb | CACHE    | MISS      | rule_bind d5ffeaf755d5 | no stored answer for this exact input — model call required
23:19:06 | run=6fbb | CALL3    | OK        | contract: all 13 answered in ONE call | 0 DECLINED (no matching column) — a valid verdict, NOT a reason to re-batch; they go to relaxed retry / review
23:19:06 | run=6fbb | CALL3    | ATTEMPT   | library: 49 intent(s) in ONE call
23:20:48 | run=6fbb | CALL3    | OK        | library: all 49 answered in ONE call | 27 DECLINED (no matching column) — a valid verdict, NOT a reason to re-batch; they go to relaxed retry / review
23:20:48 | run=6fbb | CACHE    | MISS      | formula_infer 7e81772d4ede | no stored answer for this exact input — model call required
23:21:03 | run=6fbb | CACHE    | MISS      | var_topup 4e27cf684ff6 | no stored answer for this exact input — model call required
23:21:08 | run=6fbb | CACHE    | HIT       | column_candidates 52e3d36bc2cb | answer reused — this model call did NOT happen
23:21:08 | run=6fbb | CACHE    | HIT       | column_candidates c077556b94f1 | answer reused — this model call did NOT happen
23:21:08 | run=6fbb | CACHE    | HIT       | column_candidates 59f3d5b6de8f | answer reused — this model call did NOT happen
23:21:08 | run=6fbb | CACHE    | HIT       | column_candidates 8831a8dc696f | answer reused — this model call did NOT happen
23:21:08 | run=6fbb | CACHE    | HIT       | column_candidates 77f03445c321 | answer reused — this model call did NOT happen
23:21:08 | run=6fbb | CACHE    | HIT       | column_candidates d39e5316144f | answer reused — this model call did NOT happen
23:21:08 | run=6fbb | CACHE    | HIT       | column_candidates 77c668c1f589 | answer reused — this model call did NOT happen
23:21:08 | run=6fbb | CACHE    | MISS      | column_candidates 4dfc48c9d09c | no stored answer for this exact input — model call required
23:21:08 | run=6fbb | CACHE    | HIT       | column_candidates 572a543ef217 | answer reused — this model call did NOT happen
23:21:08 | run=6fbb | CACHE    | HIT       | column_candidates 6a43f61488ff | answer reused — this model call did NOT happen
23:21:08 | run=6fbb | CACHE    | HIT       | column_candidates 2f18c3ec1d18 | answer reused — this model call did NOT happen
23:21:08 | run=6fbb | CACHE    | HIT       | column_candidates 5386e5dcc13c | answer reused — this model call did NOT happen
23:21:08 | run=6fbb | CACHE    | MISS      | column_candidates 069aa109f979 | no stored answer for this exact input — model call required
23:21:08 | run=6fbb | CACHE    | HIT       | column_candidates c7b712f62752 | answer reused — this model call did NOT happen
23:21:08 | run=6fbb | CACHE    | HIT       | column_candidates 4cec478eb89b | answer reused — this model call did NOT happen
23:21:08 | run=6fbb | CACHE    | HIT       | column_candidates 07226e1836e6 | answer reused — this model call did NOT happen
23:21:08 | run=6fbb | CACHE    | MISS      | column_candidates c6450316d15f | no stored answer for this exact input — model call required
23:21:08 | run=6fbb | CACHE    | HIT       | column_candidates be9d4d9b8f08 | answer reused — this model call did NOT happen
23:21:08 | run=6fbb | CACHE    | MISS      | column_candidates 9934f6dbfa37 | no stored answer for this exact input — model call required
23:21:08 | run=6fbb | CACHE    | HIT       | column_candidates cf060505aad9 | answer reused — this model call did NOT happen
23:21:08 | run=6fbb | CACHE    | HIT       | column_candidates d2c0a105fbbd | answer reused — this model call did NOT happen
23:21:08 | run=6fbb | CACHE    | MISS      | column_candidates 2bccc129bf9e | no stored answer for this exact input — model call required
23:21:08 | run=6fbb | CACHE    | HIT       | column_candidates ca797977af7e | answer reused — this model call did NOT happen
23:21:08 | run=6fbb | CACHE    | HIT       | column_candidates be20772ee022 | answer reused — this model call did NOT happen
23:21:08 | run=6fbb | CACHE    | MISS      | column_candidates 7ff236e825bc | no stored answer for this exact input — model call required
23:21:08 | run=6fbb | CACHE    | MISS      | column_candidates 01fff1e619b3 | no stored answer for this exact input — model call required
23:21:08 | run=6fbb | CACHE    | MISS      | column_candidates 6f1af9aca268 | no stored answer for this exact input — model call required
23:21:08 | run=6fbb | CACHE    | MISS      | column_candidates 3b78cd92112b | no stored answer for this exact input — model call required
23:21:08 | run=6fbb | CACHE    | HIT       | column_candidates 8e2c31ab01a3 | answer reused — this model call did NOT happen
23:21:08 | run=6fbb | CACHE    | HIT       | column_candidates 2c9a67ac3d4c | answer reused — this model call did NOT happen
23:21:08 | run=6fbb | CACHE    | HIT       | column_candidates da956c9da3c5 | answer reused — this model call did NOT happen
23:21:08 | run=6fbb | CACHE    | HIT       | column_candidates f1dcccbf8e99 | answer reused — this model call did NOT happen
23:21:08 | run=6fbb | CACHE    | HIT       | column_candidates c841e659f0e7 | answer reused — this model call did NOT happen
23:21:09 | run=6fbb | CACHE    | HIT       | column_candidates 411d9ef8546b | answer reused — this model call did NOT happen
23:21:09 | run=6fbb | CACHE    | HIT       | column_candidates 6c796a651e3a | answer reused — this model call did NOT happen
23:21:09 | run=6fbb | CACHE    | HIT       | column_candidates 471c4ddbd3f8 | answer reused — this model call did NOT happen
23:21:09 | run=6fbb | CACHE    | HIT       | column_candidates 4efc57731260 | answer reused — this model call did NOT happen
23:21:09 | run=6fbb | CACHE    | HIT       | column_candidates 667f1f0f72e7 | answer reused — this model call did NOT happen
23:21:09 | run=6fbb | CACHE    | HIT       | column_candidates 9d820959a48a | answer reused — this model call did NOT happen
23:21:09 | run=6fbb | CACHE    | HIT       | column_candidates 654eb11b0a8a | answer reused — this model call did NOT happen
23:21:09 | run=6fbb | CACHE    | HIT       | column_candidates 1d16ad957cb8 | answer reused — this model call did NOT happen
23:21:09 | run=6fbb | CACHE    | MISS      | column_candidates a1b89bac2d51 | no stored answer for this exact input — model call required
23:21:09 | run=6fbb | CACHE    | HIT       | column_candidates bbc0690f61fb | answer reused — this model call did NOT happen
23:21:09 | run=6fbb | CACHE    | HIT       | column_candidates a4d99a0a7d8d | answer reused — this model call did NOT happen
23:21:09 | run=6fbb | CACHE    | HIT       | column_candidates dd7801eb7b0d | answer reused — this model call did NOT happen
23:21:09 | run=6fbb | CACHE    | HIT       | column_candidates e974a6a7971c | answer reused — this model call did NOT happen
23:21:09 | run=6fbb | CACHE    | MISS      | column_candidates 0cd5a432dffb | no stored answer for this exact input — model call required
23:21:09 | run=6fbb | CACHE    | MISS      | column_candidates 2ca420d774db | no stored answer for this exact input — model call required
23:21:09 | run=6fbb | CACHE    | HIT       | column_candidates 82d8f8249978 | answer reused — this model call did NOT happen
23:21:09 | run=6fbb | CACHE    | HIT       | column_candidates cec64175a9d0 | answer reused — this model call did NOT happen
23:21:09 | run=6fbb | CACHE    | HIT       | column_candidates f03869233f15 | answer reused — this model call did NOT happen
23:21:09 | run=6fbb | CACHE    | HIT       | column_candidates 99c14ac3eb5d | answer reused — this model call did NOT happen
23:21:09 | run=6fbb | CACHE    | HIT       | column_candidates 1681039857ff | answer reused — this model call did NOT happen
23:21:27 | run=6fbb | MAPPING  | ATTEMPT   | sheet 'Lloyds v5.2 US - temp test 1': 53 of 61 field(s) sent to AI (1 call(s), 41 answered from cache) | AI ok
23:21:27 | run=6fbb | MAPPING  | UNMAPPED  | 'Coverholder Name' <- - | candidates: none | name - | AI - | no suitable mapping found
23:21:27 | run=6fbb | MAPPING  | AUTO      | 'Unique Market Reference (UMR)' <- UMR | candidates: UMR [SEMANTIC, name -, AI 100%] | name - | AI 100% | AI confirmed the same data at 100%
23:21:27 | run=6fbb | MAPPING  | NOT-INPUT | 'Agreement No' <- - | candidates: none | name - | AI - | not taken from the bordereau
23:21:27 | run=6fbb | MAPPING  | UNMAPPED  | 'Reporting Period (End Date)' <- - | candidates: none | name - | AI - | no suitable mapping found
23:21:27 | run=6fbb | MAPPING  | UNMAPPED  | 'Type of Insurance (Direct or Type or Reinsurance)' <- - | candidates: Faculative Re(Y/N) [SEMANTIC, name -, AI 70%] | name - | AI 70% | no suitable mapping found
23:21:27 | run=6fbb | MAPPING  | UNMAPPED  | 'Certificate Ref' <- - | candidates: none | name - | AI - | no suitable mapping found
23:21:27 | run=6fbb | MAPPING  | AUTO      | 'Insured Full Name, Last Name or Company Name' <- Insured | candidates: Insured [SEMANTIC, name -, AI 100%] | name - | AI 100% | AI confirmed the same data at 100%
23:21:27 | run=6fbb | MAPPING  | AUTO      | 'Insured Country Sub-division: State, Province, Territory, Canton etc.' <- Insured State | candidates: Insured State [SEMANTIC, name -, AI 100%] | name - | AI 100% | AI confirmed the same data at 100%
23:21:27 | run=6fbb | MAPPING  | UNMAPPED  | 'Insured Country (see code list)' <- - | candidates: Insured [SIMILAR, name 83%, AI -] | name 83% | AI - | no suitable mapping found
23:21:27 | run=6fbb | MAPPING  | VERIFY    | 'Risk Inception Date' <- PolicyInception | candidates: PolicyInception [SEMANTIC, name -, AI 95%] | name - | AI 95% | AI confirmed the same data at 95% — the same input column is also taken for contract inception date — confirm which one it belongs to
23:21:27 | run=6fbb | MAPPING  | VERIFY    | 'Risk Expiry Date' <- PolicyExpiration | candidates: PolicyExpiration [SEMANTIC, name -, AI 95%] | name - | AI 95% | AI confirmed the same data at 95% — the same input column is also taken for contract expiry date — confirm which one it belongs to
23:21:27 | run=6fbb | MAPPING  | UNMAPPED  | 'Location of risk - Country' <- - | candidates: none | name - | AI - | no suitable mapping found
23:21:27 | run=6fbb | MAPPING  | VERIFY    | 'Location of Risk - Country Sub-division: State, Province, Territory, Canton etc.' <- Risk State | candidates: Risk State [SEMANTIC, name -, AI 100%] | name - | AI 100% | AI confirmed the same data at 100% — the same input column is also taken for risk territory — confirm which one it belongs to
23:21:27 | run=6fbb | MAPPING  | AUTO      | 'Transaction Type - Original Premium etc.' <- Transaction Type | candidates: Transaction Type [SEMANTIC, name 83%, AI 90%] | name 83% | AI 90% | AI confirmed the same data at 90%
23:21:27 | run=6fbb | MAPPING  | AUTO      | 'Effective Date of Transaction' <- TransactionEffectiveDate | candidates: TransactionEffectiveDate [SEMANTIC, name -, AI 100%] | name - | AI 100% | AI confirmed the same data at 100%
23:21:27 | run=6fbb | MAPPING  | AUTO      | 'Expiry Date of Transaction' <- TransactionExpirationDate | candidates: TransactionExpirationDate [SEMANTIC, name -, AI 100%] | name - | AI 100% | AI confirmed the same data at 100%
23:21:27 | run=6fbb | MAPPING  | UNMAPPED  | 'Original Currency' <- - | candidates: none | name - | AI - | no suitable mapping found
23:21:27 | run=6fbb | MAPPING  | AUTO      | 'Gross premium paid this time' <- Gross Premium | candidates: Gross Premium [SEMANTIC, name 83%, AI 100%] | name 83% | AI 100% | AI confirmed the same data at 100%
23:21:27 | run=6fbb | MAPPING  | UNMAPPED  | 'Terrorism premium' <- - | candidates: TRIA PREM [SEMANTIC, name -, AI 70%] | name - | AI 70% | no suitable mapping found
23:21:27 | run=6fbb | MAPPING  | AUTO      | 'Commission %' <- Commission Rate | candidates: Commission Rate [ALIAS, name -, AI 100%] | name - | AI 100% | 'Commission Rate' is a known way of writing this field
23:21:27 | run=6fbb | MAPPING  | AUTO      | 'Commission Amount' <- Commission Amount | candidates: Commission Amount [EXACT, name -, AI -] | name - | AI - | the file uses the same column name
23:21:27 | run=6fbb | MAPPING  | AUTO      | 'Net Premium to London in original currency' <- Net Premium to London in Original Currency | candidates: Net Premium to London in Original Currency [EXACT, name -, AI -] | name - | AI - | the file uses the same column name
23:21:27 | run=6fbb | MAPPING  | UNMAPPED  | 'Settlement Currency' <- - | candidates: none | name - | AI - | no suitable mapping found
23:21:27 | run=6fbb | MAPPING  | VERIFY    | 'Net Premium to London in Settlement Currency' <- Net Premium to London in Original Currency | candidates: Net Premium to London in Original Currency [SEMANTIC, name -, AI 85%] | name - | AI 85% | AI 85% — needs a person to confirm
23:21:27 | run=6fbb | MAPPING  | AUTO      | 'State of Filing (see code list)' <- State of Filing | candidates: State of Filing [SEMANTIC, name 100%, AI 100%] | name 100% | AI 100% | AI confirmed the same data at 100%
23:21:27 | run=6fbb | MAPPING  | AUTO      | 'Surplus Lines Broker Name' <- Surplus Lines Filing Broker | candidates: Surplus Lines Filing Broker [SEMANTIC, name -, AI 95%] | name - | AI 95% | AI confirmed the same data at 95%
23:21:27 | run=6fbb | MAPPING  | NOT-INPUT | 'Surplus Lines Broker Licence No' <- - | candidates: none | name - | AI - | not taken from the bordereau
23:21:27 | run=6fbb | MAPPING  | UNMAPPED  | 'New Jersey SLA No' <- - | candidates: NJ Transaction No [SEMANTIC, name -, AI 70%] | name - | AI 70% | no suitable mapping found
23:21:27 | run=6fbb | MAPPING  | AUTO      | 'Surplus Lines Broker Address' <- Surplus Lines Broker Address | candidates: Surplus Lines Broker Address [EXACT, name -, AI -] | name - | AI - | the file uses the same column name
23:21:27 | run=6fbb | MAPPING  | AUTO      | 'Surplus Lines Broker State' <- Surplus Lines Broker State | candidates: Surplus Lines Broker State [EXACT, name -, AI -] | name - | AI - | the file uses the same column name
23:21:27 | run=6fbb | MAPPING  | AUTO      | 'Surplus Lines Broker Zip Code' <- Surplus Lines Broker Zip | candidates: Surplus Lines Broker Zip [SEMANTIC, name 100%, AI 100%] | name 100% | AI 100% | AI confirmed the same data at 100%
23:21:27 | run=6fbb | MAPPING  | AUTO      | 'Total gross written premium' <- Gross Premium | candidates: Gross Premium [SEMANTIC, name 83%, AI 95%] | name 83% | AI 95% | AI confirmed the same data at 95%
23:21:27 | run=6fbb | MAPPING  | UNMAPPED  | 'Insured Address' <- - | candidates: Insured Street [SEMANTIC, name -, AI 70%], Insured [SIMILAR, name 83%, AI -] | name 83% | AI 70% | no suitable mapping found
23:21:27 | run=6fbb | MAPPING  | AUTO      | 'Insured Postcode, Zip Code or Similar' <- Insured Zip Code | candidates: Insured Zip Code [SEMANTIC, name 83%, AI 100%] | name 83% | AI 100% | AI confirmed the same data at 100%
23:21:27 | run=6fbb | MAPPING  | AUTO      | 'Policy or Group Ref' <- Policy No | candidates: Policy No [SEMANTIC, name -, AI 100%] | name - | AI 100% | AI confirmed the same data at 100%
23:21:27 | run=6fbb | MAPPING  | UNMAPPED  | 'Sum Insured Currency (see code list)' <- - | candidates: none | name - | AI - | no suitable mapping found
23:21:27 | run=6fbb | MAPPING  | AUTO      | 'Sum Insured Amount' <- Sum Insured Amount | candidates: Sum Insured Amount [EXACT, name -, AI -] | name - | AI - | the file uses the same column name
23:21:27 | run=6fbb | MAPPING  | UNMAPPED  | 'Tax 1 - Jurisdiction: Country, State, Province, Territory' <- - | candidates: State of Filing [SEMANTIC, name -, AI 60%] | name - | AI 60% | no suitable mapping found
23:21:27 | run=6fbb | MAPPING  | UNMAPPED  | 'Tax 5 - Jurisdiction: Country, State, Province, Territory' <- - | candidates: State of Filing [SEMANTIC, name -, AI 70%] | name - | AI 70% | no suitable mapping found
23:21:27 | run=6fbb | MAPPING  | AUTO      | 'Other Fees or Deductions Description' <- Endt detail | candidates: Endt detail [SEMANTIC, name -, AI 90%] | name - | AI 90% | AI confirmed the same data at 90%
23:21:27 | run=6fbb | MAPPING  | UNMAPPED  | 'Intermediary 1 - Role' <- - | candidates: Broker [SEMANTIC, name -, AI 80%] | name - | AI 80% | no suitable mapping found
23:21:27 | run=6fbb | MAPPING  | VERIFY    | 'Intermediary 1 - Name' <- Broker | candidates: Broker [SEMANTIC, name -, AI 90%] | name - | AI 90% | AI confirmed the same data at 90% — the same input column is also taken for broker name — confirm which one it belongs to
23:21:27 | run=6fbb | MAPPING  | VERIFY    | 'Intermediary 2 - Role' <- Surplus Lines Filing Broker | candidates: Surplus Lines Filing Broker [SEMANTIC, name -, AI 90%] | name - | AI 90% | AI confirmed the same data at 90% — the same input column is also taken for Surplus Lines Broker Name, Intermediary 2 - Name — confirm which one it belongs to
23:21:27 | run=6fbb | MAPPING  | VERIFY    | 'Intermediary 2 - Name' <- Surplus Lines Filing Broker | candidates: Surplus Lines Filing Broker [SEMANTIC, name -, AI 90%] | name - | AI 90% | AI confirmed the same data at 90% — the same input column is also taken for Surplus Lines Broker Name, Intermediary 2 - Role — confirm which one it belongs to
23:21:27 | run=6fbb | MAPPING  | AUTO      | 'Intermediary 2 - Reference No etc.' <- Surplus Lines Broker License | candidates: Surplus Lines Broker License [SEMANTIC, name -, AI 90%] | name - | AI 90% | AI confirmed the same data at 90%
23:21:27 | run=6fbb | MAPPING  | AUTO      | 'Intermediary 2 - Address' <- Surplus Lines Broker Address | candidates: Surplus Lines Broker Address [SEMANTIC, name -, AI 90%] | name - | AI 90% | AI confirmed the same data at 90%
23:21:27 | run=6fbb | MAPPING  | AUTO      | 'Intermediary 2 - Country Sub-division: State, Province, Territory, Canton etc.' <- Surplus Lines Broker State | candidates: Surplus Lines Broker State [SEMANTIC, name -, AI 90%] | name - | AI 90% | AI confirmed the same data at 90%
23:21:27 | run=6fbb | MAPPING  | AUTO      | 'Intermediary 2 - Postcode, zip or similar' <- Surplus Lines Broker Zip | candidates: Surplus Lines Broker Zip [SEMANTIC, name -, AI 90%] | name - | AI 90% | AI confirmed the same data at 90%
23:21:27 | run=6fbb | MAPPING  | UNMAPPED  | 'Brokerage % of gross premium' <- - | candidates: Commission Rate [SEMANTIC, name -, AI 80%], Gross Premium [SIMILAR, name 83%, AI -] | name 83% | AI 80% | no suitable mapping found
23:21:27 | run=6fbb | MAPPING  | UNMAPPED  | 'Brokerage Amount (Original Currency)' <- - | candidates: Commission Amount [SEMANTIC, name -, AI 80%] | name - | AI 80% | no suitable mapping found
23:21:27 | run=6fbb | MAPPING  | VERIFY    | 'Final Net Premium (Original Currency)' <- Net Premium to London in Original Currency | candidates: Net Premium to London in Original Currency [SEMANTIC, name -, AI 90%] | name - | AI 90% | AI confirmed the same data at 90% — the same input column is also taken for Net Premium to London in original currency — confirm which one it belongs to
23:21:27 | run=6fbb | MAPPING  | VERIFY    | 'Policy issuance date' <- PolicyInception | candidates: PolicyInception [SEMANTIC, name -, AI 85%] | name - | AI 85% | AI 85% — needs a person to confirm
23:21:27 | run=6fbb | MAPPING  | AUTO      | 'Transaction number' <- Invoice # | candidates: Invoice # [SEMANTIC, name -, AI 90%] | name - | AI 90% | AI confirmed the same data at 90%
23:21:27 | run=6fbb | MAPPING  | NOT-INPUT | 'Reinsurance basis' <- - | candidates: none | name - | AI - | not taken from the bordereau
23:21:27 | run=6fbb | MAPPING  | AUTO      | 'broker name' <- Broker | candidates: Broker [ALIAS, name 83%, AI 100%] | name 83% | AI 100% | 'Broker' is a known way of writing this field
23:21:27 | run=6fbb | MAPPING  | AUTO      | 'carrier name' <- Carrier | candidates: Carrier [ALIAS, name 83%, AI 100%] | name 83% | AI 100% | 'Carrier' is a known way of writing this field
23:21:27 | run=6fbb | MAPPING  | VERIFY    | 'contract expiry date' <- PolicyExpiration | candidates: PolicyExpiration [SEMANTIC, name -, AI 95%] | name - | AI 95% | AI confirmed the same data at 95% — the same input column is also taken for Risk Expiry Date — confirm which one it belongs to
23:21:27 | run=6fbb | MAPPING  | VERIFY    | 'contract inception date' <- PolicyInception | candidates: PolicyInception [SEMANTIC, name -, AI 95%] | name - | AI 95% | AI confirmed the same data at 95% — the same input column is also taken for Risk Inception Date — confirm which one it belongs to
23:21:27 | run=6fbb | MAPPING  | VERIFY    | 'risk territory' <- Risk State | candidates: Risk State [SEMANTIC, name -, AI 100%] | name - | AI 100% | AI confirmed the same data at 100% — the same input column is also taken for Location of Risk - Country Sub-division: State, Province, Territory, Canton etc. — confirm which one it belongs to
23:21:27 | run=6fbb | MAPPING  | UNMAPPED  | 'type of cover' <- - | candidates: Perils Covered APD [SEMANTIC, name -, AI 80%] | name - | AI 80% | no suitable mapping found
23:21:27 | run=6fbb | MAPPING  | UNMAPPED  | 'excluded risk territory' <- - | candidates: none | name - | AI - | no suitable mapping found
14:32:31 | run=7b0c | CACHE    | MISS      | contract_fields e4c7e2ff46ce | no stored answer for this exact input — model call required
14:32:36 | run=7b0c | CACHE    | HIT       | column_candidates 264366b5f802 | answer reused — this model call did NOT happen
14:32:36 | run=7b0c | CACHE    | HIT       | column_candidates 5f4c8a6303da | answer reused — this model call did NOT happen
14:32:36 | run=7b0c | CACHE    | HIT       | column_candidates e66d43d9c5ac | answer reused — this model call did NOT happen
14:32:36 | run=7b0c | CACHE    | MISS      | column_candidates bac754762bd8 | no stored answer for this exact input — model call required
14:32:36 | run=7b0c | CACHE    | HIT       | column_candidates 08edbdeabbee | answer reused — this model call did NOT happen
14:32:36 | run=7b0c | CACHE    | HIT       | column_candidates 642bdeb1be79 | answer reused — this model call did NOT happen
14:32:36 | run=7b0c | CACHE    | MISS      | column_candidates 213a94aa69e4 | no stored answer for this exact input — model call required
14:32:36 | run=7b0c | CACHE    | HIT       | column_candidates b6ad1b153da2 | answer reused — this model call did NOT happen
14:32:36 | run=7b0c | CACHE    | HIT       | column_candidates 046364ccc9a3 | answer reused — this model call did NOT happen
14:32:36 | run=7b0c | CACHE    | HIT       | column_candidates cfd89027b842 | answer reused — this model call did NOT happen
14:32:41 | run=7b0c | CACHE    | HIT       | column_candidates 52e3d36bc2cb | answer reused — this model call did NOT happen
14:32:41 | run=7b0c | CACHE    | HIT       | column_candidates 3459d9b03366 | answer reused — this model call did NOT happen
14:32:41 | run=7b0c | CACHE    | HIT       | column_candidates c077556b94f1 | answer reused — this model call did NOT happen
14:32:41 | run=7b0c | CACHE    | HIT       | column_candidates 990dfdfe165a | answer reused — this model call did NOT happen
14:32:41 | run=7b0c | CACHE    | HIT       | column_candidates 7f1eee9bab20 | answer reused — this model call did NOT happen
14:32:41 | run=7b0c | CACHE    | HIT       | column_candidates 59f3d5b6de8f | answer reused — this model call did NOT happen
14:32:41 | run=7b0c | CACHE    | HIT       | column_candidates 5c77cddf231c | answer reused — this model call did NOT happen
14:32:41 | run=7b0c | CACHE    | HIT       | column_candidates db0747fc3ce7 | answer reused — this model call did NOT happen
14:32:41 | run=7b0c | CACHE    | HIT       | column_candidates abaca49240d3 | answer reused — this model call did NOT happen
14:32:41 | run=7b0c | CACHE    | HIT       | column_candidates 8831a8dc696f | answer reused — this model call did NOT happen
14:32:41 | run=7b0c | CACHE    | HIT       | column_candidates 7362ece376c6 | answer reused — this model call did NOT happen
14:32:41 | run=7b0c | CACHE    | HIT       | column_candidates 90bc0eddce4e | answer reused — this model call did NOT happen
14:32:41 | run=7b0c | CACHE    | HIT       | column_candidates 77f03445c321 | answer reused — this model call did NOT happen
14:32:41 | run=7b0c | CACHE    | HIT       | column_candidates ea4ed2ac5c01 | answer reused — this model call did NOT happen
14:32:41 | run=7b0c | CACHE    | HIT       | column_candidates d39e5316144f | answer reused — this model call did NOT happen
14:32:41 | run=7b0c | CACHE    | HIT       | column_candidates 77c668c1f589 | answer reused — this model call did NOT happen
14:32:42 | run=7b0c | CACHE    | HIT       | column_candidates 116e1c753cc0 | answer reused — this model call did NOT happen
14:32:42 | run=7b0c | CACHE    | HIT       | column_candidates 572a543ef217 | answer reused — this model call did NOT happen
14:32:42 | run=7b0c | CACHE    | HIT       | column_candidates 6a43f61488ff | answer reused — this model call did NOT happen
14:32:42 | run=7b0c | CACHE    | HIT       | column_candidates 2f18c3ec1d18 | answer reused — this model call did NOT happen
14:32:42 | run=7b0c | CACHE    | HIT       | column_candidates 5386e5dcc13c | answer reused — this model call did NOT happen
14:32:42 | run=7b0c | CACHE    | HIT       | column_candidates edb9d918e902 | answer reused — this model call did NOT happen
14:32:42 | run=7b0c | CACHE    | HIT       | column_candidates c7b712f62752 | answer reused — this model call did NOT happen
14:32:42 | run=7b0c | CACHE    | HIT       | column_candidates 4cec478eb89b | answer reused — this model call did NOT happen
14:32:42 | run=7b0c | CACHE    | HIT       | column_candidates 07226e1836e6 | answer reused — this model call did NOT happen
14:32:42 | run=7b0c | CACHE    | HIT       | column_candidates ae4ad37e1e10 | answer reused — this model call did NOT happen
14:32:42 | run=7b0c | CACHE    | HIT       | column_candidates be9d4d9b8f08 | answer reused — this model call did NOT happen
14:32:42 | run=7b0c | CACHE    | HIT       | column_candidates 0299b91d3706 | answer reused — this model call did NOT happen
14:32:42 | run=7b0c | CACHE    | HIT       | column_candidates cf060505aad9 | answer reused — this model call did NOT happen
14:32:42 | run=7b0c | CACHE    | HIT       | column_candidates ca60545fe950 | answer reused — this model call did NOT happen
14:32:42 | run=7b0c | CACHE    | HIT       | column_candidates d2c0a105fbbd | answer reused — this model call did NOT happen
14:32:42 | run=7b0c | CACHE    | HIT       | column_candidates 7a2f2dbc4e95 | answer reused — this model call did NOT happen
14:32:42 | run=7b0c | CACHE    | HIT       | column_candidates 895efcbb3a66 | answer reused — this model call did NOT happen
14:32:42 | run=7b0c | CACHE    | HIT       | column_candidates ca797977af7e | answer reused — this model call did NOT happen
14:32:42 | run=7b0c | CACHE    | HIT       | column_candidates 88ab90bdacb0 | answer reused — this model call did NOT happen
14:32:42 | run=7b0c | CACHE    | HIT       | column_candidates be20772ee022 | answer reused — this model call did NOT happen
14:32:42 | run=7b0c | CACHE    | HIT       | column_candidates 69f116a793cf | answer reused — this model call did NOT happen
14:32:42 | run=7b0c | CACHE    | HIT       | column_candidates de14c10160c6 | answer reused — this model call did NOT happen
14:32:42 | run=7b0c | CACHE    | HIT       | column_candidates 8835e1e8a2eb | answer reused — this model call did NOT happen
14:32:42 | run=7b0c | CACHE    | HIT       | column_candidates a9bdda22fba5 | answer reused — this model call did NOT happen
14:32:42 | run=7b0c | CACHE    | HIT       | column_candidates c3b4a878929a | answer reused — this model call did NOT happen
14:32:42 | run=7b0c | CACHE    | HIT       | column_candidates 8570c44f3b01 | answer reused — this model call did NOT happen
14:32:42 | run=7b0c | CACHE    | HIT       | column_candidates fbd2884f3b21 | answer reused — this model call did NOT happen
14:32:42 | run=7b0c | CACHE    | HIT       | column_candidates 6c53565e2d3a | answer reused — this model call did NOT happen
14:32:42 | run=7b0c | CACHE    | HIT       | column_candidates 81db522ceac8 | answer reused — this model call did NOT happen
14:32:42 | run=7b0c | CACHE    | HIT       | column_candidates 8e2c31ab01a3 | answer reused — this model call did NOT happen
14:32:42 | run=7b0c | CACHE    | HIT       | column_candidates 4af9bf5080e6 | answer reused — this model call did NOT happen
14:32:42 | run=7b0c | CACHE    | HIT       | column_candidates bb5e8221f7f9 | answer reused — this model call did NOT happen
14:32:42 | run=7b0c | CACHE    | HIT       | column_candidates 1feacea900b2 | answer reused — this model call did NOT happen
14:32:42 | run=7b0c | CACHE    | HIT       | column_candidates 2c9a67ac3d4c | answer reused — this model call did NOT happen
14:32:42 | run=7b0c | CACHE    | HIT       | column_candidates da956c9da3c5 | answer reused — this model call did NOT happen
14:32:42 | run=7b0c | CACHE    | HIT       | column_candidates 35148b755cec | answer reused — this model call did NOT happen
14:32:42 | run=7b0c | CACHE    | HIT       | column_candidates e62abe5883d9 | answer reused — this model call did NOT happen
14:32:42 | run=7b0c | CACHE    | HIT       | column_candidates 84d9aedbdff9 | answer reused — this model call did NOT happen
14:32:42 | run=7b0c | CACHE    | HIT       | column_candidates 6e966899e64a | answer reused — this model call did NOT happen
14:32:42 | run=7b0c | CACHE    | HIT       | column_candidates f6465b4ac338 | answer reused — this model call did NOT happen
14:32:42 | run=7b0c | CACHE    | HIT       | column_candidates 3876fa5270b4 | answer reused — this model call did NOT happen
14:32:42 | run=7b0c | CACHE    | HIT       | column_candidates 640935f928ae | answer reused — this model call did NOT happen
14:32:42 | run=7b0c | CACHE    | HIT       | column_candidates 5a7a817a4d33 | answer reused — this model call did NOT happen
14:32:42 | run=7b0c | CACHE    | HIT       | column_candidates 904f035f85d2 | answer reused — this model call did NOT happen
14:32:42 | run=7b0c | CACHE    | HIT       | column_candidates 6b36cb0e6617 | answer reused — this model call did NOT happen
14:32:42 | run=7b0c | CACHE    | HIT       | column_candidates eb2744efc8a8 | answer reused — this model call did NOT happen
14:32:42 | run=7b0c | CACHE    | HIT       | column_candidates 24d3c16df27c | answer reused — this model call did NOT happen
14:32:42 | run=7b0c | CACHE    | HIT       | column_candidates 04cbf9d3b699 | answer reused — this model call did NOT happen
14:32:42 | run=7b0c | CACHE    | HIT       | column_candidates 3fb681498c4e | answer reused — this model call did NOT happen
14:32:42 | run=7b0c | CACHE    | HIT       | column_candidates 247c27cf99ec | answer reused — this model call did NOT happen
14:32:42 | run=7b0c | CACHE    | HIT       | column_candidates 3c79096cd35a | answer reused — this model call did NOT happen
14:32:42 | run=7b0c | CACHE    | HIT       | column_candidates 39eb6c680235 | answer reused — this model call did NOT happen
14:32:42 | run=7b0c | CACHE    | HIT       | column_candidates bd2a7d9a7647 | answer reused — this model call did NOT happen
14:32:42 | run=7b0c | CACHE    | HIT       | column_candidates f482bf7fcedd | answer reused — this model call did NOT happen
14:32:42 | run=7b0c | CACHE    | HIT       | column_candidates 237ab5a55744 | answer reused — this model call did NOT happen
14:32:43 | run=7b0c | CACHE    | HIT       | column_candidates 1b974d24a484 | answer reused — this model call did NOT happen
14:32:43 | run=7b0c | CACHE    | HIT       | column_candidates 38e85664983a | answer reused — this model call did NOT happen
14:32:43 | run=7b0c | CACHE    | HIT       | column_candidates 8bd5e60674c0 | answer reused — this model call did NOT happen
14:32:43 | run=7b0c | CACHE    | HIT       | column_candidates ff78428f5d3b | answer reused — this model call did NOT happen
14:32:43 | run=7b0c | CACHE    | HIT       | column_candidates 67162eee6f7d | answer reused — this model call did NOT happen
14:32:43 | run=7b0c | CACHE    | HIT       | column_candidates 4f3ad755d126 | answer reused — this model call did NOT happen
14:32:43 | run=7b0c | CACHE    | HIT       | column_candidates 135316a3bc76 | answer reused — this model call did NOT happen
14:32:43 | run=7b0c | CACHE    | HIT       | column_candidates b91b41f34002 | answer reused — this model call did NOT happen
14:32:43 | run=7b0c | CACHE    | HIT       | column_candidates e537fe8c990f | answer reused — this model call did NOT happen
14:32:43 | run=7b0c | CACHE    | HIT       | column_candidates c9d30f034e8f | answer reused — this model call did NOT happen
14:32:43 | run=7b0c | CACHE    | HIT       | column_candidates d900bdd8e8a3 | answer reused — this model call did NOT happen
14:32:43 | run=7b0c | CACHE    | HIT       | column_candidates 40fcbf0de6ad | answer reused — this model call did NOT happen
14:32:43 | run=7b0c | CACHE    | HIT       | column_candidates a606f1e77676 | answer reused — this model call did NOT happen
14:32:43 | run=7b0c | CACHE    | HIT       | column_candidates 191a09664efe | answer reused — this model call did NOT happen
14:32:43 | run=7b0c | CACHE    | HIT       | column_candidates 4cf98c626537 | answer reused — this model call did NOT happen
14:32:43 | run=7b0c | CACHE    | HIT       | column_candidates f1dcccbf8e99 | answer reused — this model call did NOT happen
14:32:43 | run=7b0c | CACHE    | HIT       | column_candidates 76ce141dec5c | answer reused — this model call did NOT happen
14:32:43 | run=7b0c | CACHE    | HIT       | column_candidates b340f2b63935 | answer reused — this model call did NOT happen
14:32:43 | run=7b0c | CACHE    | HIT       | column_candidates 72e03c16bf12 | answer reused — this model call did NOT happen
14:32:43 | run=7b0c | CACHE    | HIT       | column_candidates 4465c3bdad08 | answer reused — this model call did NOT happen
14:32:43 | run=7b0c | CACHE    | HIT       | column_candidates a37a686019ab | answer reused — this model call did NOT happen
14:32:43 | run=7b0c | CACHE    | HIT       | column_candidates 28782e299df9 | answer reused — this model call did NOT happen
14:32:43 | run=7b0c | CACHE    | HIT       | column_candidates 75c38427b942 | answer reused — this model call did NOT happen
14:32:43 | run=7b0c | CACHE    | HIT       | column_candidates 6cf8697eef65 | answer reused — this model call did NOT happen
14:32:43 | run=7b0c | CACHE    | HIT       | column_candidates c841e659f0e7 | answer reused — this model call did NOT happen
14:32:43 | run=7b0c | CACHE    | HIT       | column_candidates 8c467275a1b2 | answer reused — this model call did NOT happen
14:32:43 | run=7b0c | CACHE    | HIT       | column_candidates 411d9ef8546b | answer reused — this model call did NOT happen
14:32:43 | run=7b0c | CACHE    | HIT       | column_candidates 6c796a651e3a | answer reused — this model call did NOT happen
14:32:43 | run=7b0c | CACHE    | HIT       | column_candidates 11eb4d7a7c5c | answer reused — this model call did NOT happen
14:32:43 | run=7b0c | CACHE    | HIT       | column_candidates cbc2e1b49baa | answer reused — this model call did NOT happen
14:32:43 | run=7b0c | CACHE    | HIT       | column_candidates 9a005d2e893d | answer reused — this model call did NOT happen
14:32:43 | run=7b0c | CACHE    | HIT       | column_candidates 5de029377575 | answer reused — this model call did NOT happen
14:32:43 | run=7b0c | CACHE    | HIT       | column_candidates d57e4eaceac2 | answer reused — this model call did NOT happen
14:32:43 | run=7b0c | CACHE    | HIT       | column_candidates 471c4ddbd3f8 | answer reused — this model call did NOT happen
14:32:43 | run=7b0c | CACHE    | HIT       | column_candidates 4efc57731260 | answer reused — this model call did NOT happen
14:32:43 | run=7b0c | CACHE    | HIT       | column_candidates 667f1f0f72e7 | answer reused — this model call did NOT happen
14:32:43 | run=7b0c | CACHE    | HIT       | column_candidates 9d820959a48a | answer reused — this model call did NOT happen
14:32:43 | run=7b0c | CACHE    | HIT       | column_candidates 654eb11b0a8a | answer reused — this model call did NOT happen
14:32:43 | run=7b0c | CACHE    | HIT       | column_candidates 1d16ad957cb8 | answer reused — this model call did NOT happen
14:32:43 | run=7b0c | CACHE    | HIT       | column_candidates d430c8877691 | answer reused — this model call did NOT happen
14:32:43 | run=7b0c | CACHE    | HIT       | column_candidates aa034d08409e | answer reused — this model call did NOT happen
14:32:43 | run=7b0c | CACHE    | HIT       | column_candidates fe7416927720 | answer reused — this model call did NOT happen
14:32:43 | run=7b0c | CACHE    | HIT       | column_candidates bbc0690f61fb | answer reused — this model call did NOT happen
14:32:43 | run=7b0c | CACHE    | HIT       | column_candidates a4d99a0a7d8d | answer reused — this model call did NOT happen
14:32:43 | run=7b0c | CACHE    | HIT       | column_candidates a47afd867129 | answer reused — this model call did NOT happen
14:32:43 | run=7b0c | CACHE    | HIT       | column_candidates eea1c776dd5a | answer reused — this model call did NOT happen
14:32:43 | run=7b0c | CACHE    | HIT       | column_candidates ac56aed0a9f2 | answer reused — this model call did NOT happen
14:32:43 | run=7b0c | CACHE    | HIT       | column_candidates 7f643f43120f | answer reused — this model call did NOT happen
14:32:43 | run=7b0c | CACHE    | HIT       | column_candidates b5130c133338 | answer reused — this model call did NOT happen
14:32:43 | run=7b0c | CACHE    | HIT       | column_candidates dd7801eb7b0d | answer reused — this model call did NOT happen
14:32:43 | run=7b0c | CACHE    | HIT       | column_candidates 1857038d9c94 | answer reused — this model call did NOT happen
14:32:44 | run=7b0c | CACHE    | HIT       | column_candidates b08b825130c1 | answer reused — this model call did NOT happen
14:32:44 | run=7b0c | CACHE    | HIT       | column_candidates e974a6a7971c | answer reused — this model call did NOT happen
14:32:44 | run=7b0c | CACHE    | HIT       | column_candidates d24ad14ced41 | answer reused — this model call did NOT happen
14:32:44 | run=7b0c | CACHE    | HIT       | column_candidates ab4bef88399f | answer reused — this model call did NOT happen
14:32:44 | run=7b0c | CACHE    | HIT       | column_candidates d8850155ad45 | answer reused — this model call did NOT happen
14:32:44 | run=7b0c | CACHE    | HIT       | column_candidates ccc2b3bdb80e | answer reused — this model call did NOT happen
14:32:44 | run=7b0c | CACHE    | MISS      | column_candidates 0cb3e734c915 | no stored answer for this exact input — model call required
14:32:44 | run=7b0c | CACHE    | MISS      | column_candidates 34c1509a3a4e | no stored answer for this exact input — model call required
14:32:44 | run=7b0c | CACHE    | MISS      | column_candidates de75008d13f0 | no stored answer for this exact input — model call required
14:32:44 | run=7b0c | CACHE    | HIT       | column_candidates 99c14ac3eb5d | answer reused — this model call did NOT happen
14:32:44 | run=7b0c | CACHE    | HIT       | column_candidates eaf15f967fa4 | answer reused — this model call did NOT happen
14:32:44 | run=7b0c | CACHE    | HIT       | column_candidates 681989dd4ab1 | answer reused — this model call did NOT happen
14:33:05 | run=7b0c | CACHE    | MISS      | template_canonical bc8c0dc2165b | no stored answer for this exact input — model call required
14:33:28 | run=7b0c | CACHE    | MISS      | template_canonical df4d40938759 | no stored answer for this exact input — model call required
14:33:49 | run=7b0c | CACHE    | MISS      | template_canonical 3bfe8cb288c7 | no stored answer for this exact input — model call required
14:34:01 | run=7b0c | CACHE    | MISS      | template_canonical 4c5c30952004 | no stored answer for this exact input — model call required
14:34:23 | run=7b0c | CACHE    | MISS      | template_canonical 71d30bca23aa | no stored answer for this exact input — model call required
14:34:53 | run=7b0c | CACHE    | MISS      | rule_intents 223bd1f3243f | no stored answer for this exact input — model call required
14:34:53 | run=7b0c | CALL2    | ATTEMPT   | 9 clause(s) in ONE call | est answer ~2,780 of 45,875 tok budget (6%)
14:35:14 | run=7b0c | CALL2    | SPOTCHECK | re-asked 1 of 1 rejected clause(s) | longest first — length is what dilutes attention
14:35:14 | run=7b0c | CALL2    | OK        | single call accepted for all 9 clause(s) | spot-check found no false negatives
14:35:14 | run=7b0c | CACHE    | MISS      | generic_bind 58d3b0a6e945 | no stored answer for this exact input — model call required
14:35:14 | run=7b0c | CALL3    | ATTEMPT   | contract: 20 intent(s) in ONE call
14:35:14 | run=7b0c | CACHE    | MISS      | rule_bind 75af13001805 | no stored answer for this exact input — model call required
14:35:52 | run=7b0c | CALL3    | OK        | contract: all 20 answered in ONE call | 1 DECLINED (no matching column) — a valid verdict, NOT a reason to re-batch; they go to relaxed retry / review
14:35:52 | run=7b0c | CALL3    | ATTEMPT   | library: 49 intent(s) in ONE call
14:37:37 | run=7b0c | CALL3    | OK        | library: all 49 answered in ONE call | 28 DECLINED (no matching column) — a valid verdict, NOT a reason to re-batch; they go to relaxed retry / review
14:37:37 | run=7b0c | CALL3    | RETRY     | relaxed retry for 1 unmapped intent(s) | the strict pass left these unbound — re-asking with the reconsider prompt before they are routed to review
14:37:37 | run=7b0c | CACHE    | MISS      | rule_bind 1beb16a31dc4 | no stored answer for this exact input — model call required
14:37:44 | run=7b0c | CALL3    | RECOVERED | 1 of 1 rescued by the relaxed retry | nothing left unbound
14:37:44 | run=7b0c | CACHE    | MISS      | formula_infer 8d50032267da | no stored answer for this exact input — model call required
14:38:00 | run=7b0c | CACHE    | MISS      | var_topup da81cc3c4a92 | no stored answer for this exact input — model call required
14:38:05 | run=7b0c | CACHE    | HIT       | column_candidates 52e3d36bc2cb | answer reused — this model call did NOT happen
14:38:05 | run=7b0c | CACHE    | HIT       | column_candidates c077556b94f1 | answer reused — this model call did NOT happen
14:38:05 | run=7b0c | CACHE    | HIT       | column_candidates 8831a8dc696f | answer reused — this model call did NOT happen
14:38:05 | run=7b0c | CACHE    | HIT       | column_candidates 77f03445c321 | answer reused — this model call did NOT happen
14:38:05 | run=7b0c | CACHE    | HIT       | column_candidates d39e5316144f | answer reused — this model call did NOT happen
14:38:05 | run=7b0c | CACHE    | HIT       | column_candidates 77c668c1f589 | answer reused — this model call did NOT happen
14:38:05 | run=7b0c | CACHE    | HIT       | column_candidates 4dfc48c9d09c | answer reused — this model call did NOT happen
14:38:05 | run=7b0c | CACHE    | HIT       | column_candidates 572a543ef217 | answer reused — this model call did NOT happen
14:38:05 | run=7b0c | CACHE    | HIT       | column_candidates 6a43f61488ff | answer reused — this model call did NOT happen
14:38:05 | run=7b0c | CACHE    | HIT       | column_candidates 2f18c3ec1d18 | answer reused — this model call did NOT happen
14:38:05 | run=7b0c | CACHE    | HIT       | column_candidates 5386e5dcc13c | answer reused — this model call did NOT happen
14:38:05 | run=7b0c | CACHE    | HIT       | column_candidates 069aa109f979 | answer reused — this model call did NOT happen
14:38:05 | run=7b0c | CACHE    | HIT       | column_candidates c7b712f62752 | answer reused — this model call did NOT happen
14:38:05 | run=7b0c | CACHE    | HIT       | column_candidates 4cec478eb89b | answer reused — this model call did NOT happen
14:38:05 | run=7b0c | CACHE    | HIT       | column_candidates 07226e1836e6 | answer reused — this model call did NOT happen
14:38:05 | run=7b0c | CACHE    | HIT       | column_candidates c6450316d15f | answer reused — this model call did NOT happen
14:38:05 | run=7b0c | CACHE    | HIT       | column_candidates be9d4d9b8f08 | answer reused — this model call did NOT happen
14:38:06 | run=7b0c | CACHE    | HIT       | column_candidates 9934f6dbfa37 | answer reused — this model call did NOT happen
14:38:06 | run=7b0c | CACHE    | HIT       | column_candidates cf060505aad9 | answer reused — this model call did NOT happen
14:38:06 | run=7b0c | CACHE    | HIT       | column_candidates d2c0a105fbbd | answer reused — this model call did NOT happen
14:38:06 | run=7b0c | CACHE    | HIT       | column_candidates 2bccc129bf9e | answer reused — this model call did NOT happen
14:38:06 | run=7b0c | CACHE    | HIT       | column_candidates ca797977af7e | answer reused — this model call did NOT happen
14:38:06 | run=7b0c | CACHE    | HIT       | column_candidates be20772ee022 | answer reused — this model call did NOT happen
14:38:06 | run=7b0c | CACHE    | HIT       | column_candidates 7ff236e825bc | answer reused — this model call did NOT happen
14:38:06 | run=7b0c | CACHE    | HIT       | column_candidates 01fff1e619b3 | answer reused — this model call did NOT happen
14:38:06 | run=7b0c | CACHE    | HIT       | column_candidates 6f1af9aca268 | answer reused — this model call did NOT happen
14:38:06 | run=7b0c | CACHE    | HIT       | column_candidates 3b78cd92112b | answer reused — this model call did NOT happen
14:38:06 | run=7b0c | CACHE    | HIT       | column_candidates 8e2c31ab01a3 | answer reused — this model call did NOT happen
14:38:06 | run=7b0c | CACHE    | HIT       | column_candidates 2c9a67ac3d4c | answer reused — this model call did NOT happen
14:38:06 | run=7b0c | CACHE    | HIT       | column_candidates da956c9da3c5 | answer reused — this model call did NOT happen
14:38:06 | run=7b0c | CACHE    | HIT       | column_candidates f1dcccbf8e99 | answer reused — this model call did NOT happen
14:38:06 | run=7b0c | CACHE    | HIT       | column_candidates c841e659f0e7 | answer reused — this model call did NOT happen
14:38:06 | run=7b0c | CACHE    | HIT       | column_candidates 411d9ef8546b | answer reused — this model call did NOT happen
14:38:06 | run=7b0c | CACHE    | HIT       | column_candidates 6c796a651e3a | answer reused — this model call did NOT happen
14:38:06 | run=7b0c | CACHE    | HIT       | column_candidates 471c4ddbd3f8 | answer reused — this model call did NOT happen
14:38:06 | run=7b0c | CACHE    | HIT       | column_candidates 4efc57731260 | answer reused — this model call did NOT happen
14:38:06 | run=7b0c | CACHE    | HIT       | column_candidates 667f1f0f72e7 | answer reused — this model call did NOT happen
14:38:06 | run=7b0c | CACHE    | HIT       | column_candidates 9d820959a48a | answer reused — this model call did NOT happen
14:38:06 | run=7b0c | CACHE    | HIT       | column_candidates 654eb11b0a8a | answer reused — this model call did NOT happen
14:38:06 | run=7b0c | CACHE    | HIT       | column_candidates 1d16ad957cb8 | answer reused — this model call did NOT happen
14:38:06 | run=7b0c | CACHE    | HIT       | column_candidates a1b89bac2d51 | answer reused — this model call did NOT happen
14:38:06 | run=7b0c | CACHE    | HIT       | column_candidates bbc0690f61fb | answer reused — this model call did NOT happen
14:38:06 | run=7b0c | CACHE    | HIT       | column_candidates a4d99a0a7d8d | answer reused — this model call did NOT happen
14:38:06 | run=7b0c | CACHE    | HIT       | column_candidates dd7801eb7b0d | answer reused — this model call did NOT happen
14:38:06 | run=7b0c | CACHE    | HIT       | column_candidates e974a6a7971c | answer reused — this model call did NOT happen
14:38:06 | run=7b0c | CACHE    | HIT       | column_candidates 0cd5a432dffb | answer reused — this model call did NOT happen
14:38:06 | run=7b0c | CACHE    | HIT       | column_candidates 2ca420d774db | answer reused — this model call did NOT happen
14:38:06 | run=7b0c | CACHE    | HIT       | column_candidates 0cb3e734c915 | answer reused — this model call did NOT happen
14:38:06 | run=7b0c | CACHE    | HIT       | column_candidates 34c1509a3a4e | answer reused — this model call did NOT happen
14:38:06 | run=7b0c | CACHE    | HIT       | column_candidates de75008d13f0 | answer reused — this model call did NOT happen
14:38:06 | run=7b0c | CACHE    | HIT       | column_candidates 99c14ac3eb5d | answer reused — this model call did NOT happen
14:38:06 | run=7b0c | CACHE    | HIT       | column_candidates eaf15f967fa4 | answer reused — this model call did NOT happen
14:38:06 | run=7b0c | CACHE    | HIT       | column_candidates 681989dd4ab1 | answer reused — this model call did NOT happen
14:38:07 | run=7b0c | MAPPING  | ATTEMPT   | sheet 'Lloyds v5.2 US - Insurisk Sched': 53 of 63 field(s) sent to AI (0 call(s), 53 answered from cache) | AI ok
14:38:07 | run=7b0c | MAPPING  | UNMAPPED  | 'Coverholder Name' <- - | candidates: none | name - | AI - | no suitable mapping found
14:38:07 | run=7b0c | MAPPING  | AUTO      | 'Unique Market Reference (UMR)' <- UMR | candidates: UMR [SEMANTIC, name -, AI 100%] | name - | AI 100% | AI confirmed the same data at 100%
14:38:07 | run=7b0c | MAPPING  | NOT-INPUT | 'Agreement No' <- - | candidates: none | name - | AI - | not taken from the bordereau
14:38:07 | run=7b0c | MAPPING  | NOT-INPUT | 'Reporting Period (End Date)' <- - | candidates: none | name - | AI - | not taken from the bordereau
14:38:07 | run=7b0c | MAPPING  | UNMAPPED  | 'Type of Insurance (Direct or Type or Reinsurance)' <- - | candidates: Faculative Re(Y/N) [SEMANTIC, name -, AI 70%] | name - | AI 70% | no suitable mapping found
14:38:07 | run=7b0c | MAPPING  | UNMAPPED  | 'Certificate Ref' <- - | candidates: none | name - | AI - | no suitable mapping found
14:38:07 | run=7b0c | MAPPING  | AUTO      | 'Insured Full Name, Last Name or Company Name' <- Insured | candidates: Insured [SEMANTIC, name -, AI 100%] | name - | AI 100% | AI confirmed the same data at 100%
14:38:07 | run=7b0c | MAPPING  | AUTO      | 'Insured Country Sub-division: State, Province, Territory, Canton etc.' <- Insured State | candidates: Insured State [SEMANTIC, name -, AI 100%] | name - | AI 100% | AI confirmed the same data at 100%
14:38:07 | run=7b0c | MAPPING  | UNMAPPED  | 'Insured Country (see code list)' <- - | candidates: Insured [SIMILAR, name 83%, AI -] | name 83% | AI - | no suitable mapping found
14:38:07 | run=7b0c | MAPPING  | AUTO      | 'Risk Inception Date' <- PolicyInception | candidates: PolicyInception [SEMANTIC, name -, AI 95%] | name - | AI 95% | AI confirmed the same data at 95%
14:38:07 | run=7b0c | MAPPING  | AUTO      | 'Risk Expiry Date' <- PolicyExpiration | candidates: PolicyExpiration [SEMANTIC, name -, AI 95%] | name - | AI 95% | AI confirmed the same data at 95%
14:38:07 | run=7b0c | MAPPING  | UNMAPPED  | 'Location of risk - Country' <- - | candidates: none | name - | AI - | no suitable mapping found
14:38:07 | run=7b0c | MAPPING  | VERIFY    | 'Location of Risk - Country Sub-division: State, Province, Territory, Canton etc.' <- Risk State | candidates: Risk State [SEMANTIC, name -, AI 100%] | name - | AI 100% | AI confirmed the same data at 100% — the same input column is also taken for risk state — confirm which one it belongs to
14:38:07 | run=7b0c | MAPPING  | AUTO      | 'Transaction Type - Original Premium etc.' <- Transaction Type | candidates: Transaction Type [SEMANTIC, name 83%, AI 90%] | name 83% | AI 90% | AI confirmed the same data at 90%
14:38:07 | run=7b0c | MAPPING  | AUTO      | 'Effective Date of Transaction' <- TransactionEffectiveDate | candidates: TransactionEffectiveDate [SEMANTIC, name -, AI 100%] | name - | AI 100% | AI confirmed the same data at 100%
14:38:07 | run=7b0c | MAPPING  | AUTO      | 'Expiry Date of Transaction' <- TransactionExpirationDate | candidates: TransactionExpirationDate [SEMANTIC, name -, AI 100%] | name - | AI 100% | AI confirmed the same data at 100%
14:38:07 | run=7b0c | MAPPING  | UNMAPPED  | 'Original Currency' <- - | candidates: none | name - | AI - | no suitable mapping found
14:38:07 | run=7b0c | MAPPING  | AUTO      | 'Gross premium paid this time' <- Gross Premium | candidates: Gross Premium [SEMANTIC, name 83%, AI 100%] | name 83% | AI 100% | AI confirmed the same data at 100%
14:38:07 | run=7b0c | MAPPING  | UNMAPPED  | 'Terrorism premium' <- - | candidates: TRIA PREM [SEMANTIC, name -, AI 70%] | name - | AI 70% | no suitable mapping found
14:38:07 | run=7b0c | MAPPING  | AUTO      | 'Commission %' <- Commission Rate | candidates: Commission Rate [ALIAS, name -, AI 100%] | name - | AI 100% | 'Commission Rate' is a known way of writing this field
14:38:07 | run=7b0c | MAPPING  | AUTO      | 'Commission Amount' <- Commission Amount | candidates: Commission Amount [EXACT, name -, AI -] | name - | AI - | the file uses the same column name
14:38:07 | run=7b0c | MAPPING  | AUTO      | 'Net Premium to London in original currency' <- Net Premium to London in Original Currency | candidates: Net Premium to London in Original Currency [EXACT, name -, AI -] | name - | AI - | the file uses the same column name
14:38:07 | run=7b0c | MAPPING  | UNMAPPED  | 'Settlement Currency' <- - | candidates: none | name - | AI - | no suitable mapping found
14:38:07 | run=7b0c | MAPPING  | VERIFY    | 'Net Premium to London in Settlement Currency' <- Net Premium to London in Original Currency | candidates: Net Premium to London in Original Currency [SEMANTIC, name -, AI 85%] | name - | AI 85% | AI 85% — needs a person to confirm
14:38:07 | run=7b0c | MAPPING  | AUTO      | 'State of Filing (see code list)' <- State of Filing | candidates: State of Filing [SEMANTIC, name 100%, AI 100%] | name 100% | AI 100% | AI confirmed the same data at 100%
14:38:07 | run=7b0c | MAPPING  | AUTO      | 'Surplus Lines Broker Name' <- Surplus Lines Filing Broker | candidates: Surplus Lines Filing Broker [SEMANTIC, name -, AI 95%] | name - | AI 95% | AI confirmed the same data at 95%
14:38:07 | run=7b0c | MAPPING  | NOT-INPUT | 'Surplus Lines Broker Licence No' <- - | candidates: none | name - | AI - | not taken from the bordereau
14:38:07 | run=7b0c | MAPPING  | UNMAPPED  | 'New Jersey SLA No' <- - | candidates: NJ Transaction No [SEMANTIC, name -, AI 70%] | name - | AI 70% | no suitable mapping found
14:38:07 | run=7b0c | MAPPING  | AUTO      | 'Surplus Lines Broker Address' <- Surplus Lines Broker Address | candidates: Surplus Lines Broker Address [EXACT, name -, AI -] | name - | AI - | the file uses the same column name
14:38:07 | run=7b0c | MAPPING  | AUTO      | 'Surplus Lines Broker State' <- Surplus Lines Broker State | candidates: Surplus Lines Broker State [EXACT, name -, AI -] | name - | AI - | the file uses the same column name
14:38:07 | run=7b0c | MAPPING  | AUTO      | 'Surplus Lines Broker Zip Code' <- Surplus Lines Broker Zip | candidates: Surplus Lines Broker Zip [SEMANTIC, name 100%, AI 100%] | name 100% | AI 100% | AI confirmed the same data at 100%
14:38:07 | run=7b0c | MAPPING  | VERIFY    | 'Total gross written premium' <- Gross Premium | candidates: Gross Premium [SEMANTIC, name 83%, AI 95%] | name 83% | AI 95% | AI confirmed the same data at 95% — the same input column is also taken for Gross premium paid this time, total premium written — confirm which one it belongs to
14:38:07 | run=7b0c | MAPPING  | UNMAPPED  | 'Insured Address' <- - | candidates: Insured Street [SEMANTIC, name -, AI 70%], Insured [SIMILAR, name 83%, AI -] | name 83% | AI 70% | no suitable mapping found
14:38:07 | run=7b0c | MAPPING  | AUTO      | 'Insured Postcode, Zip Code or Similar' <- Insured Zip Code | candidates: Insured Zip Code [SEMANTIC, name 83%, AI 100%] | name 83% | AI 100% | AI confirmed the same data at 100%
14:38:07 | run=7b0c | MAPPING  | AUTO      | 'Policy or Group Ref' <- Policy No | candidates: Policy No [SEMANTIC, name -, AI 100%] | name - | AI 100% | AI confirmed the same data at 100%
14:38:07 | run=7b0c | MAPPING  | UNMAPPED  | 'Sum Insured Currency (see code list)' <- - | candidates: none | name - | AI - | no suitable mapping found
14:38:07 | run=7b0c | MAPPING  | AUTO      | 'Sum Insured Amount' <- Sum Insured Amount | candidates: Sum Insured Amount [EXACT, name -, AI -] | name - | AI - | the file uses the same column name
14:38:07 | run=7b0c | MAPPING  | UNMAPPED  | 'Tax 1 - Jurisdiction: Country, State, Province, Territory' <- - | candidates: State of Filing [SEMANTIC, name -, AI 60%] | name - | AI 60% | no suitable mapping found
14:38:07 | run=7b0c | MAPPING  | UNMAPPED  | 'Tax 5 - Jurisdiction: Country, State, Province, Territory' <- - | candidates: State of Filing [SEMANTIC, name -, AI 70%] | name - | AI 70% | no suitable mapping found
14:38:07 | run=7b0c | MAPPING  | AUTO      | 'Other Fees or Deductions Description' <- Endt detail | candidates: Endt detail [SEMANTIC, name -, AI 90%] | name - | AI 90% | AI confirmed the same data at 90%
14:38:07 | run=7b0c | MAPPING  | UNMAPPED  | 'Intermediary 1 - Role' <- - | candidates: Broker [SEMANTIC, name -, AI 80%] | name - | AI 80% | no suitable mapping found
14:38:07 | run=7b0c | MAPPING  | VERIFY    | 'Intermediary 1 - Name' <- Broker | candidates: Broker [SEMANTIC, name -, AI 90%] | name - | AI 90% | AI confirmed the same data at 90% — the same input column is also taken for broker name — confirm which one it belongs to
14:38:07 | run=7b0c | MAPPING  | VERIFY    | 'Intermediary 2 - Role' <- Surplus Lines Filing Broker | candidates: Surplus Lines Filing Broker [SEMANTIC, name -, AI 90%] | name - | AI 90% | AI confirmed the same data at 90% — the same input column is also taken for Surplus Lines Broker Name, Intermediary 2 - Name — confirm which one it belongs to
14:38:07 | run=7b0c | MAPPING  | VERIFY    | 'Intermediary 2 - Name' <- Surplus Lines Filing Broker | candidates: Surplus Lines Filing Broker [SEMANTIC, name -, AI 90%] | name - | AI 90% | AI confirmed the same data at 90% — the same input column is also taken for Surplus Lines Broker Name, Intermediary 2 - Role — confirm which one it belongs to
14:38:07 | run=7b0c | MAPPING  | AUTO      | 'Intermediary 2 - Reference No etc.' <- Surplus Lines Broker License | candidates: Surplus Lines Broker License [SEMANTIC, name -, AI 90%] | name - | AI 90% | AI confirmed the same data at 90%
14:38:07 | run=7b0c | MAPPING  | AUTO      | 'Intermediary 2 - Address' <- Surplus Lines Broker Address | candidates: Surplus Lines Broker Address [SEMANTIC, name -, AI 90%] | name - | AI 90% | AI confirmed the same data at 90%
14:38:07 | run=7b0c | MAPPING  | AUTO      | 'Intermediary 2 - Country Sub-division: State, Province, Territory, Canton etc.' <- Surplus Lines Broker State | candidates: Surplus Lines Broker State [SEMANTIC, name -, AI 90%] | name - | AI 90% | AI confirmed the same data at 90%
14:38:07 | run=7b0c | MAPPING  | AUTO      | 'Intermediary 2 - Postcode, zip or similar' <- Surplus Lines Broker Zip | candidates: Surplus Lines Broker Zip [SEMANTIC, name -, AI 90%] | name - | AI 90% | AI confirmed the same data at 90%
14:38:07 | run=7b0c | MAPPING  | UNMAPPED  | 'Brokerage % of gross premium' <- - | candidates: Commission Rate [SEMANTIC, name -, AI 80%], Gross Premium [SIMILAR, name 83%, AI -] | name 83% | AI 80% | no suitable mapping found
14:38:07 | run=7b0c | MAPPING  | UNMAPPED  | 'Brokerage Amount (Original Currency)' <- - | candidates: Commission Amount [SEMANTIC, name -, AI 80%] | name - | AI 80% | no suitable mapping found
14:38:07 | run=7b0c | MAPPING  | VERIFY    | 'Final Net Premium (Original Currency)' <- Net Premium to London in Original Currency | candidates: Net Premium to London in Original Currency [SEMANTIC, name -, AI 90%] | name - | AI 90% | AI confirmed the same data at 90% — the same input column is also taken for Net Premium to London in original currency — confirm which one it belongs to
14:38:07 | run=7b0c | MAPPING  | VERIFY    | 'Policy issuance date' <- PolicyInception | candidates: PolicyInception [SEMANTIC, name -, AI 85%] | name - | AI 85% | AI 85% — needs a person to confirm
14:38:07 | run=7b0c | MAPPING  | AUTO      | 'Transaction number' <- Invoice # | candidates: Invoice # [SEMANTIC, name -, AI 90%] | name - | AI 90% | AI confirmed the same data at 90%
14:38:07 | run=7b0c | MAPPING  | NOT-INPUT | 'Reinsurance basis' <- - | candidates: none | name - | AI - | not taken from the bordereau
14:38:07 | run=7b0c | MAPPING  | AUTO      | 'broker name' <- Broker | candidates: Broker [ALIAS, name 83%, AI 100%] | name 83% | AI 100% | 'Broker' is a known way of writing this field
14:38:07 | run=7b0c | MAPPING  | AUTO      | 'carrier name' <- Carrier | candidates: Carrier [ALIAS, name 83%, AI 100%] | name 83% | AI 100% | 'Carrier' is a known way of writing this field
14:38:07 | run=7b0c | MAPPING  | AUTO      | 'key employee name' <- UW | candidates: UW [SEMANTIC, name -, AI 90%] | name - | AI 90% | AI confirmed the same data at 90%
14:38:07 | run=7b0c | MAPPING  | VERIFY    | 'maximum sum insured' <- Sum Insured Amount | candidates: Sum Insured Amount [SEMANTIC, name -, AI 100%] | name - | AI 100% | AI confirmed the same data at 100% — the same input column is also taken for Sum Insured Amount — confirm which one it belongs to
14:38:07 | run=7b0c | MAPPING  | AUTO      | 'risk state' <- Risk State | candidates: Risk State [EXACT, name -, AI -] | name - | AI - | the file uses the same column name
14:38:07 | run=7b0c | MAPPING  | VERIFY    | 'total premium written' <- Gross Premium | candidates: Gross Premium [SEMANTIC, name -, AI 95%] | name - | AI 95% | AI confirmed the same data at 95% — the same input column is also taken for Gross premium paid this time, Total gross written premium — confirm which one it belongs to
14:38:07 | run=7b0c | MAPPING  | UNMAPPED  | 'type of cover' <- - | candidates: Perils Covered APD [SEMANTIC, name -, AI 80%] | name - | AI 80% | no suitable mapping found
14:38:07 | run=7b0c | MAPPING  | UNMAPPED  | 'inspection fees' <- - | candidates: none | name - | AI - | no suitable mapping found
14:38:07 | run=7b0c | MAPPING  | VERIFY    | 'policy/modelling fee' <- Endt detail | candidates: Endt detail [SEMANTIC, name -, AI 90%] | name - | AI 90% | values don't suit this field — the column holds text values and the field expects decimal
14:45:25 | run=7b0c | CACHE    | MISS      | var_reconcile d4b45578c6e5 | no stored answer for this exact input — model call required
14:45:27 | run=7b0c | CACHE    | HIT       | var_reconcile 6313a5d828b8 | answer reused — this model call did NOT happen
09:03:55 | run=2e02 | CACHE    | HIT       | var_reconcile d4b45578c6e5 | answer reused — this model call did NOT happen
09:03:55 | run=2e02 | CACHE    | HIT       | var_reconcile 6313a5d828b8 | answer reused — this model call did NOT happen
09:04:02 | run=2e02 | CACHE    | HIT       | var_reconcile d4b45578c6e5 | answer reused — this model call did NOT happen
09:04:02 | run=2e02 | CACHE    | HIT       | var_reconcile 6313a5d828b8 | answer reused — this model call did NOT happen
09:07:42 | run=2e02 | CACHE    | HIT       | var_reconcile d4b45578c6e5 | answer reused — this model call did NOT happen
09:07:42 | run=2e02 | CACHE    | HIT       | var_reconcile 6313a5d828b8 | answer reused — this model call did NOT happen
09:55:25 | run=ea07 | CACHE    | HIT       | var_reconcile d4b45578c6e5 | answer reused — this model call did NOT happen
09:55:25 | run=ea07 | CACHE    | HIT       | var_reconcile 6313a5d828b8 | answer reused — this model call did NOT happen
11:02:20 | run=2ee0 | CACHE    | HIT       | var_reconcile d4b45578c6e5 | answer reused — this model call did NOT happen
11:02:20 | run=2ee0 | CACHE    | HIT       | var_reconcile 6313a5d828b8 | answer reused — this model call did NOT happen
11:41:02 | run=2ee0 | CACHE    | HIT       | var_reconcile d4b45578c6e5 | answer reused — this model call did NOT happen
11:41:02 | run=2ee0 | CACHE    | HIT       | var_reconcile 6313a5d828b8 | answer reused — this model call did NOT happen
13:55:26 | run=21af | CACHE    | HIT       | var_reconcile d4b45578c6e5 | answer reused — this model call did NOT happen
13:55:26 | run=21af | CACHE    | HIT       | var_reconcile 6313a5d828b8 | answer reused — this model call did NOT happen
11:44:08 | run=aafb | CACHE    | MISS      | contract_fields 212e03cb7b0c | no stored answer for this exact input — model call required
11:44:13 | run=aafb | CACHE    | MISS      | column_candidates cc05ce19bce1 | no stored answer for this exact input — model call required
11:44:13 | run=aafb | CACHE    | MISS      | column_candidates 159ee40351a9 | no stored answer for this exact input — model call required
11:44:13 | run=aafb | CACHE    | MISS      | column_candidates 676e0e66a4e0 | no stored answer for this exact input — model call required
11:44:13 | run=aafb | CACHE    | MISS      | column_candidates 02c071740e5b | no stored answer for this exact input — model call required
11:44:13 | run=aafb | CACHE    | MISS      | column_candidates d602e664e21e | no stored answer for this exact input — model call required
11:44:13 | run=aafb | CACHE    | MISS      | column_candidates 919e95c5e151 | no stored answer for this exact input — model call required
11:44:13 | run=aafb | CACHE    | MISS      | column_candidates f31ee930f2bc | no stored answer for this exact input — model call required
11:44:13 | run=aafb | CACHE    | MISS      | column_candidates 9340bdaebb53 | no stored answer for this exact input — model call required
11:44:13 | run=aafb | CACHE    | MISS      | column_candidates 6869b7774c61 | no stored answer for this exact input — model call required
11:44:13 | run=aafb | CACHE    | MISS      | column_candidates ad6ca0120849 | no stored answer for this exact input — model call required
11:44:13 | run=aafb | CACHE    | MISS      | column_candidates a5e0a53ee0df | no stored answer for this exact input — model call required
11:44:26 | run=aafb | CACHE    | MISS      | column_candidates 6557b6e962c9 | no stored answer for this exact input — model call required
11:44:26 | run=aafb | CACHE    | MISS      | column_candidates 64cc4a543a88 | no stored answer for this exact input — model call required
11:44:26 | run=aafb | CACHE    | MISS      | column_candidates 996b4ddff4e2 | no stored answer for this exact input — model call required
11:44:26 | run=aafb | CACHE    | MISS      | column_candidates c857d77fc6d4 | no stored answer for this exact input — model call required
11:44:26 | run=aafb | CACHE    | MISS      | column_candidates f76f9412dfd1 | no stored answer for this exact input — model call required
11:44:26 | run=aafb | CACHE    | MISS      | column_candidates ebf053f2545c | no stored answer for this exact input — model call required
11:44:26 | run=aafb | CACHE    | MISS      | column_candidates 22ae39f66d77 | no stored answer for this exact input — model call required
11:44:26 | run=aafb | CACHE    | MISS      | column_candidates 9e0b90bb075e | no stored answer for this exact input — model call required
11:44:26 | run=aafb | CACHE    | MISS      | column_candidates fb5d64d11f92 | no stored answer for this exact input — model call required
11:44:26 | run=aafb | CACHE    | MISS      | column_candidates 52da9234fb1f | no stored answer for this exact input — model call required
11:44:26 | run=aafb | CACHE    | MISS      | column_candidates becac442ad6a | no stored answer for this exact input — model call required
11:44:26 | run=aafb | CACHE    | MISS      | column_candidates 8e69ab769e27 | no stored answer for this exact input — model call required
11:44:26 | run=aafb | CACHE    | MISS      | column_candidates b0355557e96c | no stored answer for this exact input — model call required
11:44:26 | run=aafb | CACHE    | MISS      | column_candidates 5c04652baf1a | no stored answer for this exact input — model call required
11:44:26 | run=aafb | CACHE    | MISS      | column_candidates de00528552c7 | no stored answer for this exact input — model call required
11:44:26 | run=aafb | CACHE    | MISS      | column_candidates 3a38f3d6ecda | no stored answer for this exact input — model call required
11:44:26 | run=aafb | CACHE    | MISS      | column_candidates c64716c1cc38 | no stored answer for this exact input — model call required
11:44:26 | run=aafb | CACHE    | MISS      | column_candidates d561005898b7 | no stored answer for this exact input — model call required
11:44:26 | run=aafb | CACHE    | MISS      | column_candidates 5b34798e3c06 | no stored answer for this exact input — model call required
11:44:26 | run=aafb | CACHE    | MISS      | column_candidates 645e11546c2a | no stored answer for this exact input — model call required
11:44:26 | run=aafb | CACHE    | MISS      | column_candidates 6ffffba37468 | no stored answer for this exact input — model call required
11:44:26 | run=aafb | CACHE    | MISS      | column_candidates aebb02bcb1b2 | no stored answer for this exact input — model call required
11:44:26 | run=aafb | CACHE    | MISS      | column_candidates 7f9743538c72 | no stored answer for this exact input — model call required
11:44:26 | run=aafb | CACHE    | MISS      | column_candidates a099e9a03e53 | no stored answer for this exact input — model call required
11:44:26 | run=aafb | CACHE    | MISS      | column_candidates 58c26bf93fae | no stored answer for this exact input — model call required
11:44:26 | run=aafb | CACHE    | MISS      | column_candidates 347cd3141db0 | no stored answer for this exact input — model call required
11:44:26 | run=aafb | CACHE    | MISS      | column_candidates 33cf8a2d5f04 | no stored answer for this exact input — model call required
11:44:26 | run=aafb | CACHE    | MISS      | column_candidates b7ad42d201bd | no stored answer for this exact input — model call required
11:44:26 | run=aafb | CACHE    | MISS      | column_candidates 5768d12f563a | no stored answer for this exact input — model call required
11:44:26 | run=aafb | CACHE    | MISS      | column_candidates 005df6a38f7e | no stored answer for this exact input — model call required
11:44:26 | run=aafb | CACHE    | MISS      | column_candidates 6e2fd3c4e073 | no stored answer for this exact input — model call required
11:44:26 | run=aafb | CACHE    | MISS      | column_candidates 303b3189f8e7 | no stored answer for this exact input — model call required
11:44:26 | run=aafb | CACHE    | MISS      | column_candidates 41afd371fdaf | no stored answer for this exact input — model call required
11:44:26 | run=aafb | CACHE    | MISS      | column_candidates b4183f7f1e2c | no stored answer for this exact input — model call required
11:44:27 | run=aafb | CACHE    | MISS      | column_candidates 96db4a34d9cc | no stored answer for this exact input — model call required
11:44:27 | run=aafb | CACHE    | MISS      | column_candidates e50a333e8e65 | no stored answer for this exact input — model call required
11:44:27 | run=aafb | CACHE    | MISS      | column_candidates 01d70514aff7 | no stored answer for this exact input — model call required
11:44:27 | run=aafb | CACHE    | MISS      | column_candidates 1d7f5dbf5cca | no stored answer for this exact input — model call required
11:44:27 | run=aafb | CACHE    | MISS      | column_candidates e32c104c8576 | no stored answer for this exact input — model call required
11:44:27 | run=aafb | CACHE    | MISS      | column_candidates 40788b9eef6d | no stored answer for this exact input — model call required
11:44:27 | run=aafb | CACHE    | MISS      | column_candidates 6aa5557b61e5 | no stored answer for this exact input — model call required
11:44:27 | run=aafb | CACHE    | MISS      | column_candidates 7447419e5c7f | no stored answer for this exact input — model call required
11:44:27 | run=aafb | CACHE    | MISS      | column_candidates f78cadfbcf91 | no stored answer for this exact input — model call required
11:44:27 | run=aafb | CACHE    | MISS      | column_candidates 9bdbec4597e3 | no stored answer for this exact input — model call required
11:44:27 | run=aafb | CACHE    | MISS      | column_candidates eb97eeb7b9aa | no stored answer for this exact input — model call required
11:44:27 | run=aafb | CACHE    | MISS      | column_candidates 3e2f65b9285a | no stored answer for this exact input — model call required
11:44:27 | run=aafb | CACHE    | MISS      | column_candidates ddc9ad5c12c5 | no stored answer for this exact input — model call required
11:44:27 | run=aafb | CACHE    | MISS      | column_candidates 7d692dca452b | no stored answer for this exact input — model call required
11:44:27 | run=aafb | CACHE    | MISS      | column_candidates b4b6f7604b29 | no stored answer for this exact input — model call required
11:44:27 | run=aafb | CACHE    | MISS      | column_candidates 7aee8bdbde2b | no stored answer for this exact input — model call required
11:44:27 | run=aafb | CACHE    | MISS      | column_candidates 038b80f2ca25 | no stored answer for this exact input — model call required
11:44:27 | run=aafb | CACHE    | MISS      | column_candidates 6db898097794 | no stored answer for this exact input — model call required
11:44:27 | run=aafb | CACHE    | MISS      | column_candidates dcacfff077bf | no stored answer for this exact input — model call required
11:44:27 | run=aafb | CACHE    | MISS      | column_candidates 0967ed942773 | no stored answer for this exact input — model call required
11:44:27 | run=aafb | CACHE    | MISS      | column_candidates 749f64344935 | no stored answer for this exact input — model call required
11:44:27 | run=aafb | CACHE    | MISS      | column_candidates 584a8602683d | no stored answer for this exact input — model call required
11:44:27 | run=aafb | CACHE    | MISS      | column_candidates 7d547d6299f7 | no stored answer for this exact input — model call required
11:44:27 | run=aafb | CACHE    | MISS      | column_candidates a73a8f3f201b | no stored answer for this exact input — model call required
11:44:27 | run=aafb | CACHE    | MISS      | column_candidates a45484595b2d | no stored answer for this exact input — model call required
11:44:27 | run=aafb | CACHE    | MISS      | column_candidates e2869050a781 | no stored answer for this exact input — model call required
11:44:27 | run=aafb | CACHE    | MISS      | column_candidates 43f9915d34b7 | no stored answer for this exact input — model call required
11:44:27 | run=aafb | CACHE    | MISS      | column_candidates 5fdfa68c2e1c | no stored answer for this exact input — model call required
11:44:27 | run=aafb | CACHE    | MISS      | column_candidates 0a6f6997f821 | no stored answer for this exact input — model call required
11:44:27 | run=aafb | CACHE    | MISS      | column_candidates d0c4868c1ff8 | no stored answer for this exact input — model call required
11:44:27 | run=aafb | CACHE    | MISS      | column_candidates b0075a0f7680 | no stored answer for this exact input — model call required
11:44:27 | run=aafb | CACHE    | MISS      | column_candidates ab20f27a1596 | no stored answer for this exact input — model call required
11:44:27 | run=aafb | CACHE    | MISS      | column_candidates 47785634140d | no stored answer for this exact input — model call required
11:44:27 | run=aafb | CACHE    | MISS      | column_candidates 0c8049806d85 | no stored answer for this exact input — model call required
11:44:27 | run=aafb | CACHE    | MISS      | column_candidates 5e5bf40d8884 | no stored answer for this exact input — model call required
11:44:27 | run=aafb | CACHE    | MISS      | column_candidates 2cd3552e1f9b | no stored answer for this exact input — model call required
11:44:27 | run=aafb | CACHE    | MISS      | column_candidates c470ede5417e | no stored answer for this exact input — model call required
11:44:27 | run=aafb | CACHE    | MISS      | column_candidates 78b0ee54e33c | no stored answer for this exact input — model call required
11:44:27 | run=aafb | CACHE    | MISS      | column_candidates 2013e564397f | no stored answer for this exact input — model call required
11:44:27 | run=aafb | CACHE    | MISS      | column_candidates 8fc096ffa34a | no stored answer for this exact input — model call required
11:44:27 | run=aafb | CACHE    | MISS      | column_candidates 1a22500057de | no stored answer for this exact input — model call required
11:44:27 | run=aafb | CACHE    | MISS      | column_candidates 8010fbee1d93 | no stored answer for this exact input — model call required
11:44:27 | run=aafb | CACHE    | MISS      | column_candidates fcccd525c3a4 | no stored answer for this exact input — model call required
11:44:27 | run=aafb | CACHE    | MISS      | column_candidates ebe1074a1ae6 | no stored answer for this exact input — model call required
11:44:27 | run=aafb | CACHE    | MISS      | column_candidates 73d1071d0d8f | no stored answer for this exact input — model call required
11:44:27 | run=aafb | CACHE    | MISS      | column_candidates cc0b8edf6b61 | no stored answer for this exact input — model call required
11:44:27 | run=aafb | CACHE    | MISS      | column_candidates 0a63198345f0 | no stored answer for this exact input — model call required
11:44:27 | run=aafb | CACHE    | MISS      | column_candidates 37b0e486e085 | no stored answer for this exact input — model call required
11:44:27 | run=aafb | CACHE    | MISS      | column_candidates a613ac7d2362 | no stored answer for this exact input — model call required
11:44:27 | run=aafb | CACHE    | MISS      | column_candidates 5620a727b855 | no stored answer for this exact input — model call required
11:44:27 | run=aafb | CACHE    | MISS      | column_candidates 970b399726cb | no stored answer for this exact input — model call required
11:44:27 | run=aafb | CACHE    | MISS      | column_candidates 2f26bfddcf00 | no stored answer for this exact input — model call required
11:44:27 | run=aafb | CACHE    | MISS      | column_candidates 2a5072a22e4a | no stored answer for this exact input — model call required
11:44:27 | run=aafb | CACHE    | MISS      | column_candidates cbc8c6a50b62 | no stored answer for this exact input — model call required
11:44:27 | run=aafb | CACHE    | MISS      | column_candidates 9947d80e84aa | no stored answer for this exact input — model call required
11:44:27 | run=aafb | CACHE    | MISS      | column_candidates 52d9f532228c | no stored answer for this exact input — model call required
11:44:27 | run=aafb | CACHE    | MISS      | column_candidates 8e3871b59465 | no stored answer for this exact input — model call required
11:44:27 | run=aafb | CACHE    | MISS      | column_candidates 142d98044682 | no stored answer for this exact input — model call required
11:44:27 | run=aafb | CACHE    | MISS      | column_candidates f7ce20678856 | no stored answer for this exact input — model call required
11:44:27 | run=aafb | CACHE    | MISS      | column_candidates 811578eeab93 | no stored answer for this exact input — model call required
11:44:27 | run=aafb | CACHE    | MISS      | column_candidates 67626d44d339 | no stored answer for this exact input — model call required
11:44:27 | run=aafb | CACHE    | MISS      | column_candidates f89a7f4ec7c4 | no stored answer for this exact input — model call required
11:44:27 | run=aafb | CACHE    | MISS      | column_candidates 498b5a9d1da8 | no stored answer for this exact input — model call required
11:44:27 | run=aafb | CACHE    | MISS      | column_candidates 2d1c7d2c9a1b | no stored answer for this exact input — model call required
11:44:27 | run=aafb | CACHE    | MISS      | column_candidates 7af22002302d | no stored answer for this exact input — model call required
11:44:27 | run=aafb | CACHE    | MISS      | column_candidates e2ff1d1834dd | no stored answer for this exact input — model call required
11:44:27 | run=aafb | CACHE    | MISS      | column_candidates e158fa9d4648 | no stored answer for this exact input — model call required
11:44:27 | run=aafb | CACHE    | MISS      | column_candidates aae071bcd2df | no stored answer for this exact input — model call required
11:44:27 | run=aafb | CACHE    | MISS      | column_candidates 95218d48567c | no stored answer for this exact input — model call required
11:44:27 | run=aafb | CACHE    | MISS      | column_candidates ad5489e00564 | no stored answer for this exact input — model call required
11:44:27 | run=aafb | CACHE    | MISS      | column_candidates 61a04e43f3f8 | no stored answer for this exact input — model call required
11:44:27 | run=aafb | CACHE    | MISS      | column_candidates 0408cbfe2521 | no stored answer for this exact input — model call required
11:44:27 | run=aafb | CACHE    | MISS      | column_candidates 991d6517ab47 | no stored answer for this exact input — model call required
11:44:27 | run=aafb | CACHE    | MISS      | column_candidates b5ab3ec1f6bd | no stored answer for this exact input — model call required
11:44:27 | run=aafb | CACHE    | MISS      | column_candidates 356718007258 | no stored answer for this exact input — model call required
11:44:27 | run=aafb | CACHE    | MISS      | column_candidates a3161cc42241 | no stored answer for this exact input — model call required
11:44:27 | run=aafb | CACHE    | MISS      | column_candidates 26094933460c | no stored answer for this exact input — model call required
11:44:27 | run=aafb | CACHE    | MISS      | column_candidates 84ee248f0dcd | no stored answer for this exact input — model call required
11:44:27 | run=aafb | CACHE    | MISS      | column_candidates 24475f49b0a7 | no stored answer for this exact input — model call required
11:44:27 | run=aafb | CACHE    | MISS      | column_candidates 40191e0af6cd | no stored answer for this exact input — model call required
11:44:27 | run=aafb | CACHE    | MISS      | column_candidates 0415097a7858 | no stored answer for this exact input — model call required
11:44:27 | run=aafb | CACHE    | MISS      | column_candidates e3ced64a499b | no stored answer for this exact input — model call required
11:44:27 | run=aafb | CACHE    | MISS      | column_candidates 1f86603ef714 | no stored answer for this exact input — model call required
11:44:27 | run=aafb | CACHE    | MISS      | column_candidates 33aed5ef0471 | no stored answer for this exact input — model call required
11:44:27 | run=aafb | CACHE    | MISS      | column_candidates a22fe8292c72 | no stored answer for this exact input — model call required
11:44:27 | run=aafb | CACHE    | MISS      | column_candidates 21aa92e08230 | no stored answer for this exact input — model call required
11:44:27 | run=aafb | CACHE    | MISS      | column_candidates c387cddb15dc | no stored answer for this exact input — model call required
11:44:27 | run=aafb | CACHE    | MISS      | column_candidates 4144763a7a45 | no stored answer for this exact input — model call required
11:44:27 | run=aafb | CACHE    | MISS      | column_candidates f14c7d7f651c | no stored answer for this exact input — model call required
11:44:27 | run=aafb | CACHE    | MISS      | column_candidates 16f779fc40b4 | no stored answer for this exact input — model call required
11:44:27 | run=aafb | CACHE    | MISS      | column_candidates 1aa99f9510ae | no stored answer for this exact input — model call required
11:44:27 | run=aafb | CACHE    | MISS      | column_candidates a4dbd651812e | no stored answer for this exact input — model call required
11:44:27 | run=aafb | CACHE    | MISS      | column_candidates 07ae2ebdd466 | no stored answer for this exact input — model call required
11:44:27 | run=aafb | CACHE    | MISS      | column_candidates 7c01ad81ef03 | no stored answer for this exact input — model call required
11:44:27 | run=aafb | CACHE    | MISS      | column_candidates 2591bed9ab67 | no stored answer for this exact input — model call required
11:44:27 | run=aafb | CACHE    | MISS      | column_candidates 69df1c132683 | no stored answer for this exact input — model call required
11:44:27 | run=aafb | CACHE    | MISS      | column_candidates dfbad29c41bf | no stored answer for this exact input — model call required
11:44:27 | run=aafb | CACHE    | MISS      | column_candidates 230e3da3e985 | no stored answer for this exact input — model call required
11:44:27 | run=aafb | CACHE    | MISS      | column_candidates fe333a793a29 | no stored answer for this exact input — model call required
11:44:27 | run=aafb | CACHE    | MISS      | column_candidates f2ff4b71f13d | no stored answer for this exact input — model call required
11:44:27 | run=aafb | CACHE    | MISS      | column_candidates e33389150a9b | no stored answer for this exact input — model call required
11:45:08 | run=aafb | CACHE    | MISS      | template_canonical 9a953150ca2b | no stored answer for this exact input — model call required
11:45:16 | run=aafb | CACHE    | MISS      | template_canonical a5c92a87b2dc | no stored answer for this exact input — model call required
11:45:27 | run=aafb | CACHE    | MISS      | template_canonical fdfe0282cff0 | no stored answer for this exact input — model call required
11:45:39 | run=aafb | CACHE    | MISS      | template_canonical d3ca8f253f79 | no stored answer for this exact input — model call required
11:45:49 | run=aafb | CACHE    | MISS      | template_canonical 2966eab24597 | no stored answer for this exact input — model call required
11:55:57 | run=aafb | CACHE    | MISS      | rule_intents 487b31cea252 | no stored answer for this exact input — model call required
11:55:57 | run=aafb | CALL2    | ATTEMPT   | 8 clause(s) in ONE call | est answer ~2,690 of 45,875 tok budget (6%)
11:56:16 | run=aafb | CALL2    | SPOTCHECK | re-asked 1 of 1 rejected clause(s) | longest first — length is what dilutes attention
11:56:16 | run=aafb | CALL2    | OK        | single call accepted for all 8 clause(s) | spot-check found no false negatives
11:56:16 | run=aafb | CACHE    | MISS      | generic_bind f32bad99eeb2 | no stored answer for this exact input — model call required
11:56:16 | run=aafb | CALL3    | ATTEMPT   | contract: 18 intent(s) in ONE call
11:56:16 | run=aafb | CACHE    | MISS      | rule_bind a3f610352b0b | no stored answer for this exact input — model call required
11:56:54 | run=aafb | CALL3    | OK        | contract: all 18 answered in ONE call | 2 DECLINED (no matching column) — a valid verdict, NOT a reason to re-batch; they go to relaxed retry / review
11:56:54 | run=aafb | CALL3    | ATTEMPT   | library: 50 intent(s) in ONE call
11:58:22 | run=aafb | CALL3    | OK        | library: all 50 answered in ONE call | 34 DECLINED (no matching column) — a valid verdict, NOT a reason to re-batch; they go to relaxed retry / review
11:58:22 | run=aafb | CALL3    | RETRY     | relaxed retry for 2 unmapped intent(s) | the strict pass left these unbound — re-asking with the reconsider prompt before they are routed to review
11:58:22 | run=aafb | CACHE    | MISS      | rule_bind 3d8f0dfb351a | no stored answer for this exact input — model call required
11:58:41 | run=aafb | CALL3    | RECOVERED | 1 of 2 rescued by the relaxed retry | 1 intent(s) still unbound — these become 'awaiting a column' clauses on the setup screen
11:58:41 | run=aafb | CACHE    | MISS      | formula_infer b23b6122a065 | no stored answer for this exact input — model call required
11:58:54 | run=aafb | CACHE    | MISS      | var_topup c6d21c60382d | no stored answer for this exact input — model call required
11:58:59 | run=aafb | CACHE    | HIT       | column_candidates 6557b6e962c9 | answer reused — this model call did NOT happen
11:58:59 | run=aafb | CACHE    | HIT       | column_candidates 996b4ddff4e2 | answer reused — this model call did NOT happen
11:58:59 | run=aafb | CACHE    | HIT       | column_candidates ebf053f2545c | answer reused — this model call did NOT happen
11:58:59 | run=aafb | CACHE    | HIT       | column_candidates 52da9234fb1f | answer reused — this model call did NOT happen
11:58:59 | run=aafb | CACHE    | HIT       | column_candidates b0355557e96c | answer reused — this model call did NOT happen
11:58:59 | run=aafb | CACHE    | HIT       | column_candidates de00528552c7 | answer reused — this model call did NOT happen
11:58:59 | run=aafb | CACHE    | HIT       | column_candidates 3a38f3d6ecda | answer reused — this model call did NOT happen
11:58:59 | run=aafb | CACHE    | MISS      | column_candidates 80a453948ae8 | no stored answer for this exact input — model call required
11:58:59 | run=aafb | CACHE    | HIT       | column_candidates d561005898b7 | answer reused — this model call did NOT happen
11:59:00 | run=aafb | CACHE    | HIT       | column_candidates 5b34798e3c06 | answer reused — this model call did NOT happen
11:59:00 | run=aafb | CACHE    | HIT       | column_candidates 645e11546c2a | answer reused — this model call did NOT happen
11:59:00 | run=aafb | CACHE    | HIT       | column_candidates 6ffffba37468 | answer reused — this model call did NOT happen
11:59:00 | run=aafb | CACHE    | MISS      | column_candidates eff42d59d828 | no stored answer for this exact input — model call required
11:59:00 | run=aafb | CACHE    | HIT       | column_candidates 7f9743538c72 | answer reused — this model call did NOT happen
11:59:00 | run=aafb | CACHE    | HIT       | column_candidates a099e9a03e53 | answer reused — this model call did NOT happen
11:59:00 | run=aafb | CACHE    | HIT       | column_candidates 58c26bf93fae | answer reused — this model call did NOT happen
11:59:00 | run=aafb | CACHE    | MISS      | column_candidates 3f33b57bf495 | no stored answer for this exact input — model call required
11:59:00 | run=aafb | CACHE    | HIT       | column_candidates 33cf8a2d5f04 | answer reused — this model call did NOT happen
11:59:00 | run=aafb | CACHE    | MISS      | column_candidates dd24bdf64979 | no stored answer for this exact input — model call required
11:59:00 | run=aafb | CACHE    | HIT       | column_candidates 5768d12f563a | answer reused — this model call did NOT happen
11:59:00 | run=aafb | CACHE    | HIT       | column_candidates 6e2fd3c4e073 | answer reused — this model call did NOT happen
11:59:00 | run=aafb | CACHE    | MISS      | column_candidates 1a4e58650377 | no stored answer for this exact input — model call required
11:59:00 | run=aafb | CACHE    | HIT       | column_candidates b4183f7f1e2c | answer reused — this model call did NOT happen
11:59:00 | run=aafb | CACHE    | HIT       | column_candidates e50a333e8e65 | answer reused — this model call did NOT happen
11:59:00 | run=aafb | CACHE    | MISS      | column_candidates a4c3a901f891 | no stored answer for this exact input — model call required
11:59:00 | run=aafb | CACHE    | MISS      | column_candidates a9928fafbf6d | no stored answer for this exact input — model call required
11:59:00 | run=aafb | CACHE    | MISS      | column_candidates fd94bdb2a7a2 | no stored answer for this exact input — model call required
11:59:00 | run=aafb | CACHE    | MISS      | column_candidates ccfad6486397 | no stored answer for this exact input — model call required
11:59:00 | run=aafb | CACHE    | HIT       | column_candidates 3e2f65b9285a | answer reused — this model call did NOT happen
11:59:00 | run=aafb | CACHE    | HIT       | column_candidates 7aee8bdbde2b | answer reused — this model call did NOT happen
11:59:00 | run=aafb | CACHE    | HIT       | column_candidates f89a7f4ec7c4 | answer reused — this model call did NOT happen
11:59:00 | run=aafb | CACHE    | HIT       | column_candidates 2d1c7d2c9a1b | answer reused — this model call did NOT happen
11:59:00 | run=aafb | CACHE    | HIT       | column_candidates 7af22002302d | answer reused — this model call did NOT happen
11:59:00 | run=aafb | CACHE    | HIT       | column_candidates 61a04e43f3f8 | answer reused — this model call did NOT happen
11:59:00 | run=aafb | CACHE    | HIT       | column_candidates 0408cbfe2521 | answer reused — this model call did NOT happen
11:59:00 | run=aafb | CACHE    | HIT       | column_candidates 991d6517ab47 | answer reused — this model call did NOT happen
11:59:00 | run=aafb | CACHE    | HIT       | column_candidates b5ab3ec1f6bd | answer reused — this model call did NOT happen
11:59:00 | run=aafb | CACHE    | HIT       | column_candidates 356718007258 | answer reused — this model call did NOT happen
11:59:00 | run=aafb | CACHE    | HIT       | column_candidates a3161cc42241 | answer reused — this model call did NOT happen
11:59:00 | run=aafb | CACHE    | MISS      | column_candidates b75e3acccf52 | no stored answer for this exact input — model call required
11:59:00 | run=aafb | CACHE    | HIT       | column_candidates 40191e0af6cd | answer reused — this model call did NOT happen
11:59:00 | run=aafb | CACHE    | HIT       | column_candidates 0415097a7858 | answer reused — this model call did NOT happen
11:59:00 | run=aafb | CACHE    | HIT       | column_candidates c387cddb15dc | answer reused — this model call did NOT happen
11:59:00 | run=aafb | CACHE    | HIT       | column_candidates 16f779fc40b4 | answer reused — this model call did NOT happen
11:59:00 | run=aafb | CACHE    | MISS      | column_candidates 18ddb7376528 | no stored answer for this exact input — model call required
11:59:00 | run=aafb | CACHE    | MISS      | column_candidates ba161dd83b50 | no stored answer for this exact input — model call required
11:59:00 | run=aafb | CACHE    | HIT       | column_candidates 2591bed9ab67 | answer reused — this model call did NOT happen
11:59:00 | run=aafb | CACHE    | HIT       | column_candidates 69df1c132683 | answer reused — this model call did NOT happen
11:59:00 | run=aafb | CACHE    | HIT       | column_candidates dfbad29c41bf | answer reused — this model call did NOT happen
11:59:00 | run=aafb | CACHE    | HIT       | column_candidates 230e3da3e985 | answer reused — this model call did NOT happen
11:59:00 | run=aafb | CACHE    | HIT       | column_candidates fe333a793a29 | answer reused — this model call did NOT happen
11:59:00 | run=aafb | CACHE    | HIT       | column_candidates f2ff4b71f13d | answer reused — this model call did NOT happen
11:59:00 | run=aafb | CACHE    | HIT       | column_candidates e33389150a9b | answer reused — this model call did NOT happen
11:59:16 | run=aafb | MAPPING  | ATTEMPT   | sheet 'Lloyds v5.2 US - Risk Mahi-demo': 53 of 61 field(s) sent to AI (1 call(s), 41 answered from cache) | AI ok
11:59:16 | run=aafb | MAPPING  | UNMAPPED  | 'Coverholder Name' <- - | candidates: none | name - | AI - | no suitable mapping found
11:59:16 | run=aafb | MAPPING  | AUTO      | 'Unique Market Reference (UMR)' <- UMR | candidates: UMR [SEMANTIC, name -, AI 100%] | name - | AI 100% | AI confirmed the same data at 100%
11:59:16 | run=aafb | MAPPING  | NOT-INPUT | 'Agreement No' <- - | candidates: none | name - | AI - | not taken from the bordereau
11:59:16 | run=aafb | MAPPING  | UNMAPPED  | 'Reporting Period (End Date)' <- - | candidates: none | name - | AI - | no suitable mapping found
11:59:16 | run=aafb | MAPPING  | UNMAPPED  | 'Type of Insurance (Direct or Type or Reinsurance)' <- - | candidates: none | name - | AI - | no suitable mapping found
11:59:16 | run=aafb | MAPPING  | UNMAPPED  | 'Certificate Ref' <- - | candidates: none | name - | AI - | no suitable mapping found
11:59:16 | run=aafb | MAPPING  | AUTO      | 'Insured Full Name, Last Name or Company Name' <- Insured | candidates: Insured [SEMANTIC, name -, AI 100%] | name - | AI 100% | AI confirmed the same data at 100%
11:59:16 | run=aafb | MAPPING  | AUTO      | 'Insured Country Sub-division: State, Province, Territory, Canton etc.' <- Insured State | candidates: Insured State [SEMANTIC, name -, AI 100%] | name - | AI 100% | AI confirmed the same data at 100%
11:59:16 | run=aafb | MAPPING  | UNMAPPED  | 'Insured Country (see code list)' <- - | candidates: Insured [SIMILAR, name 83%, AI -] | name 83% | AI - | no suitable mapping found
11:59:16 | run=aafb | MAPPING  | VERIFY    | 'Risk Inception Date' <- PolicyInception | candidates: PolicyInception [SEMANTIC, name -, AI 95%] | name - | AI 95% | AI confirmed the same data at 95% — the same input column is also taken for Policy issuance date, risk effective date — confirm which one it belongs to
11:59:16 | run=aafb | MAPPING  | AUTO      | 'Risk Expiry Date' <- PolicyExpiration | candidates: PolicyExpiration [SEMANTIC, name -, AI 95%] | name - | AI 95% | AI confirmed the same data at 95%
11:59:16 | run=aafb | MAPPING  | UNMAPPED  | 'Location of risk - Country' <- - | candidates: none | name - | AI - | no suitable mapping found
11:59:16 | run=aafb | MAPPING  | AUTO      | 'Location of Risk - Country Sub-division: State, Province, Territory, Canton etc.' <- Risk State | candidates: Risk State [SEMANTIC, name -, AI 100%] | name - | AI 100% | AI confirmed the same data at 100%
11:59:16 | run=aafb | MAPPING  | AUTO      | 'Transaction Type - Original Premium etc.' <- Transaction Type | candidates: Transaction Type [SEMANTIC, name 83%, AI 90%] | name 83% | AI 90% | AI confirmed the same data at 90%
11:59:16 | run=aafb | MAPPING  | AUTO      | 'Effective Date of Transaction' <- TransactionEffectiveDate | candidates: TransactionEffectiveDate [SEMANTIC, name -, AI 100%] | name - | AI 100% | AI confirmed the same data at 100%
11:59:16 | run=aafb | MAPPING  | AUTO      | 'Expiry Date of Transaction' <- TransactionExpirationDate | candidates: TransactionExpirationDate [SEMANTIC, name -, AI 100%] | name - | AI 100% | AI confirmed the same data at 100%
11:59:16 | run=aafb | MAPPING  | UNMAPPED  | 'Original Currency' <- - | candidates: none | name - | AI - | no suitable mapping found
11:59:16 | run=aafb | MAPPING  | AUTO      | 'Gross premium paid this time' <- Gross Premium | candidates: Gross Premium [SEMANTIC, name 83%, AI 100%] | name 83% | AI 100% | AI confirmed the same data at 100%
11:59:16 | run=aafb | MAPPING  | AUTO      | 'Terrorism premium' <- TRIA PREM | candidates: TRIA PREM [SEMANTIC, name -, AI 100%] | name - | AI 100% | AI confirmed the same data at 100%
11:59:16 | run=aafb | MAPPING  | AUTO      | 'Commission %' <- Commission Rate | candidates: Commission Rate [ALIAS, name -, AI 100%] | name - | AI 100% | 'Commission Rate' is a known way of writing this field
11:59:16 | run=aafb | MAPPING  | AUTO      | 'Commission Amount' <- Commission Amount | candidates: Commission Amount [EXACT, name -, AI -] | name - | AI - | the file uses the same column name
11:59:16 | run=aafb | MAPPING  | AUTO      | 'Net Premium to London in original currency' <- Net Premium to London in Original Currency | candidates: Net Premium to London in Original Currency [EXACT, name -, AI -] | name - | AI - | the file uses the same column name
11:59:16 | run=aafb | MAPPING  | UNMAPPED  | 'Settlement Currency' <- - | candidates: none | name - | AI - | no suitable mapping found
11:59:16 | run=aafb | MAPPING  | VERIFY    | 'Net Premium to London in Settlement Currency' <- Net Premium to London in Original Currency | candidates: Net Premium to London in Original Currency [SEMANTIC, name -, AI 90%] | name - | AI 90% | AI confirmed the same data at 90% — the same input column is also taken for Net Premium to London in original currency, Final Net Premium (Original Currency) — confirm which one it belongs to
11:59:16 | run=aafb | MAPPING  | AUTO      | 'State of Filing (see code list)' <- State of Filing | candidates: State of Filing [SEMANTIC, name 100%, AI 100%] | name 100% | AI 100% | AI confirmed the same data at 100%
11:59:16 | run=aafb | MAPPING  | AUTO      | 'Surplus Lines Broker Name' <- Surplus Lines Filing Broker | candidates: Surplus Lines Filing Broker [SEMANTIC, name -, AI 100%] | name - | AI 100% | AI confirmed the same data at 100%
11:59:16 | run=aafb | MAPPING  | NOT-INPUT | 'Surplus Lines Broker Licence No' <- - | candidates: none | name - | AI - | not taken from the bordereau
11:59:16 | run=aafb | MAPPING  | AUTO      | 'New Jersey SLA No' <- NJ Transaction No | candidates: NJ Transaction No [SEMANTIC, name -, AI 100%] | name - | AI 100% | AI confirmed the same data at 100%
11:59:16 | run=aafb | MAPPING  | AUTO      | 'Surplus Lines Broker Address' <- Surplus Lines Broker Address | candidates: Surplus Lines Broker Address [EXACT, name -, AI -] | name - | AI - | the file uses the same column name
11:59:16 | run=aafb | MAPPING  | AUTO      | 'Surplus Lines Broker State' <- Surplus Lines Broker State | candidates: Surplus Lines Broker State [EXACT, name -, AI -] | name - | AI - | the file uses the same column name
11:59:16 | run=aafb | MAPPING  | AUTO      | 'Surplus Lines Broker Zip Code' <- Surplus Lines Broker Zip | candidates: Surplus Lines Broker Zip [SEMANTIC, name 100%, AI 100%] | name 100% | AI 100% | AI confirmed the same data at 100%
11:59:16 | run=aafb | MAPPING  | AUTO      | 'Total gross written premium' <- Gross Premium | candidates: Gross Premium [SEMANTIC, name 83%, AI 95%] | name 83% | AI 95% | AI confirmed the same data at 95%
11:59:16 | run=aafb | MAPPING  | UNMAPPED  | 'Insured Address' <- - | candidates: Insured Street [SEMANTIC, name -, AI 70%], Insured [SIMILAR, name 83%, AI -] | name 83% | AI 70% | no suitable mapping found
11:59:16 | run=aafb | MAPPING  | AUTO      | 'Insured Postcode, Zip Code or Similar' <- Insured Zip Code | candidates: Insured Zip Code [SEMANTIC, name 83%, AI 100%] | name 83% | AI 100% | AI confirmed the same data at 100%
11:59:16 | run=aafb | MAPPING  | AUTO      | 'Policy or Group Ref' <- Policy No | candidates: Policy No [SEMANTIC, name -, AI 100%] | name - | AI 100% | AI confirmed the same data at 100%
11:59:16 | run=aafb | MAPPING  | UNMAPPED  | 'Sum Insured Currency (see code list)' <- - | candidates: none | name - | AI - | no suitable mapping found
11:59:16 | run=aafb | MAPPING  | AUTO      | 'Sum Insured Amount' <- Sum Insured Amount | candidates: Sum Insured Amount [EXACT, name -, AI -] | name - | AI - | the file uses the same column name
11:59:16 | run=aafb | MAPPING  | UNMAPPED  | 'Other Fees or Deductions Description' <- - | candidates: Endt detail [SEMANTIC, name -, AI 80%] | name - | AI 80% | no suitable mapping found
11:59:16 | run=aafb | MAPPING  | UNMAPPED  | 'Intermediary 1 - Role' <- - | candidates: Broker [SEMANTIC, name -, AI 80%] | name - | AI 80% | no suitable mapping found
11:59:16 | run=aafb | MAPPING  | UNMAPPED  | 'Intermediary 1 - Name' <- - | candidates: Broker [SEMANTIC, name -, AI 80%] | name - | AI 80% | no suitable mapping found
11:59:16 | run=aafb | MAPPING  | VERIFY    | 'Intermediary 2 - Role' <- Surplus Lines Filing Broker | candidates: Surplus Lines Filing Broker [SEMANTIC, name -, AI 90%] | name - | AI 90% | AI confirmed the same data at 90% — the same input column is also taken for Surplus Lines Broker Name, Intermediary 2 - Name — confirm which one it belongs to
11:59:16 | run=aafb | MAPPING  | VERIFY    | 'Intermediary 2 - Name' <- Surplus Lines Filing Broker | candidates: Surplus Lines Filing Broker [SEMANTIC, name -, AI 90%] | name - | AI 90% | AI confirmed the same data at 90% — the same input column is also taken for Surplus Lines Broker Name, Intermediary 2 - Role — confirm which one it belongs to
11:59:16 | run=aafb | MAPPING  | AUTO      | 'Intermediary 2 - Reference No etc.' <- Surplus Lines Broker License | candidates: Surplus Lines Broker License [SEMANTIC, name -, AI 95%] | name - | AI 95% | AI confirmed the same data at 95%
11:59:16 | run=aafb | MAPPING  | AUTO      | 'Intermediary 2 - Address' <- Surplus Lines Broker Address | candidates: Surplus Lines Broker Address [SEMANTIC, name -, AI 95%] | name - | AI 95% | AI confirmed the same data at 95%
11:59:16 | run=aafb | MAPPING  | AUTO      | 'Intermediary 2 - Country Sub-division: State, Province, Territory, Canton etc.' <- Surplus Lines Broker State | candidates: Surplus Lines Broker State [SEMANTIC, name -, AI 95%] | name - | AI 95% | AI confirmed the same data at 95%
11:59:16 | run=aafb | MAPPING  | AUTO      | 'Intermediary 2 - Postcode, zip or similar' <- Surplus Lines Broker Zip | candidates: Surplus Lines Broker Zip [SEMANTIC, name -, AI 95%] | name - | AI 95% | AI confirmed the same data at 95%
11:59:16 | run=aafb | MAPPING  | UNMAPPED  | 'Brokerage % of gross premium' <- - | candidates: Commission Rate [SEMANTIC, name -, AI 80%], Gross Premium [SIMILAR, name 83%, AI -] | name 83% | AI 80% | no suitable mapping found
11:59:16 | run=aafb | MAPPING  | VERIFY    | 'Brokerage Amount (Original Currency)' <- Commission Amount | candidates: Commission Amount [SEMANTIC, name -, AI 95%] | name - | AI 95% | AI confirmed the same data at 95% — the same input column is also taken for Commission Amount — confirm which one it belongs to
11:59:16 | run=aafb | MAPPING  | VERIFY    | 'Final Net Premium (Original Currency)' <- Net Premium to London in Original Currency | candidates: Net Premium to London in Original Currency [SEMANTIC, name -, AI 95%] | name - | AI 95% | AI confirmed the same data at 95% — the same input column is also taken for Net Premium to London in original currency, Net Premium to London in Settlement Currency — confirm which one it belongs to
11:59:16 | run=aafb | MAPPING  | VERIFY    | 'Policy issuance date' <- PolicyInception | candidates: PolicyInception [SEMANTIC, name -, AI 100%] | name - | AI 100% | AI confirmed the same data at 100% — the same input column is also taken for Risk Inception Date, risk effective date — confirm which one it belongs to
11:59:16 | run=aafb | MAPPING  | AUTO      | 'Transaction number' <- Invoice # | candidates: Invoice # [SEMANTIC, name -, AI 90%] | name - | AI 90% | AI confirmed the same data at 90%
11:59:16 | run=aafb | MAPPING  | NOT-INPUT | 'Reinsurance basis' <- - | candidates: none | name - | AI - | not taken from the bordereau
11:59:16 | run=aafb | MAPPING  | AUTO      | 'broker name' <- Broker | candidates: Broker [ALIAS, name 83%, AI 100%] | name 83% | AI 100% | 'Broker' is a known way of writing this field
11:59:16 | run=aafb | MAPPING  | AUTO      | 'carrier name' <- Carrier | candidates: Carrier [ALIAS, name 83%, AI 100%] | name 83% | AI 100% | 'Carrier' is a known way of writing this field
11:59:16 | run=aafb | MAPPING  | UNMAPPED  | 'currency' <- - | candidates: none | name - | AI - | no suitable mapping found
11:59:16 | run=aafb | MAPPING  | UNMAPPED  | 'referral status' <- - | candidates: none | name - | AI - | no suitable mapping found
11:59:16 | run=aafb | MAPPING  | VERIFY    | 'risk effective date' <- PolicyInception | candidates: PolicyInception [SEMANTIC, name -, AI 100%] | name - | AI 100% | AI confirmed the same data at 100% — the same input column is also taken for Risk Inception Date, Policy issuance date — confirm which one it belongs to
11:59:16 | run=aafb | MAPPING  | UNMAPPED  | 'type of cover' <- - | candidates: Perils Covered APD [SEMANTIC, name -, AI 80%] | name - | AI 80% | no suitable mapping found
11:59:16 | run=aafb | MAPPING  | UNMAPPED  | 'backdating coverage days' <- - | candidates: none | name - | AI - | no suitable mapping found
11:59:16 | run=aafb | MAPPING  | UNMAPPED  | 'inspection fees' <- - | candidates: none | name - | AI - | no suitable mapping found
11:59:16 | run=aafb | MAPPING  | VERIFY    | 'policy/modelling fee' <- Endt detail | candidates: Endt detail [SEMANTIC, name -, AI 90%] | name - | AI 90% | values don't suit this field — the column holds text values and the field expects decimal
12:22:26 | run=8a81 | CALL2    | ATTEMPT   | 1 clause(s) in ONE call | est answer ~572 of 45,875 tok budget (1%)
12:22:31 | run=8a81 | CACHE    | MISS      | rule_bind 7b3fddaf70d6 | no stored answer for this exact input — model call required
12:22:43 | run=8a81 | CACHE    | MISS      | var_topup 3c8745e4f8e1 | no stored answer for this exact input — model call required
14:15:20 | run=84df | CACHE    | MISS      | var_reconcile 6c07172a3b77 | no stored answer for this exact input — model call required
14:15:22 | run=84df | CACHE    | MISS      | var_reconcile 885c9c15371e | no stored answer for this exact input — model call required
14:15:23 | run=84df | CACHE    | MISS      | var_reconcile 9260caa6b5f2 | no stored answer for this exact input — model call required
14:15:24 | run=84df | CACHE    | MISS      | var_reconcile 825049cb3ab5 | no stored answer for this exact input — model call required
14:18:03 | run=84df | CACHE    | HIT       | var_reconcile 6c07172a3b77 | answer reused — this model call did NOT happen
14:18:03 | run=84df | CACHE    | HIT       | var_reconcile 885c9c15371e | answer reused — this model call did NOT happen
14:18:03 | run=84df | CACHE    | HIT       | var_reconcile 9260caa6b5f2 | answer reused — this model call did NOT happen
14:18:03 | run=84df | CACHE    | HIT       | var_reconcile 825049cb3ab5 | answer reused — this model call did NOT happen
14:57:37 | run=84df | CACHE    | HIT       | var_reconcile 6c07172a3b77 | answer reused — this model call did NOT happen
14:57:37 | run=84df | CACHE    | HIT       | var_reconcile 885c9c15371e | answer reused — this model call did NOT happen
14:57:38 | run=84df | CACHE    | HIT       | var_reconcile 9260caa6b5f2 | answer reused — this model call did NOT happen
14:57:38 | run=84df | CACHE    | HIT       | var_reconcile 825049cb3ab5 | answer reused — this model call did NOT happen
12:08:43 | run=e8fd | CACHE    | MISS      | var_reconcile 3a62a3cf38d8 | no stored answer for this exact input — model call required
12:08:45 | run=e8fd | CACHE    | MISS      | var_reconcile 4c868361225f | no stored answer for this exact input — model call required
12:08:46 | run=e8fd | CACHE    | HIT       | var_reconcile 6313a5d828b8 | answer reused — this model call did NOT happen
15:24:34 | run=e31c | CACHE    | HIT       | var_reconcile 6c07172a3b77 | answer reused — this model call did NOT happen
15:24:34 | run=e31c | CACHE    | HIT       | var_reconcile 885c9c15371e | answer reused — this model call did NOT happen
15:24:34 | run=e31c | CACHE    | HIT       | var_reconcile 9260caa6b5f2 | answer reused — this model call did NOT happen
15:24:34 | run=e31c | CACHE    | HIT       | var_reconcile 825049cb3ab5 | answer reused — this model call did NOT happen
15:24:34 | run=e31c | CACHE    | MISS      | var_reconcile ac82e9452743 | no stored answer for this exact input — model call required
15:28:54 | run=a977 | CACHE    | HIT       | var_reconcile 6c07172a3b77 | answer reused — this model call did NOT happen
15:28:54 | run=a977 | CACHE    | HIT       | var_reconcile 885c9c15371e | answer reused — this model call did NOT happen
15:28:54 | run=a977 | CACHE    | HIT       | var_reconcile 9260caa6b5f2 | answer reused — this model call did NOT happen
15:28:54 | run=a977 | CACHE    | HIT       | var_reconcile 825049cb3ab5 | answer reused — this model call did NOT happen
15:28:54 | run=a977 | CACHE    | HIT       | var_reconcile ac82e9452743 | answer reused — this model call did NOT happen
16:10:22 | run=c1c9 | CACHE    | HIT       | var_reconcile 6c07172a3b77 | answer reused — this model call did NOT happen
16:10:22 | run=c1c9 | CACHE    | MISS      | var_reconcile b19746578d82 | no stored answer for this exact input — model call required
16:10:24 | run=c1c9 | CACHE    | HIT       | var_reconcile 9260caa6b5f2 | answer reused — this model call did NOT happen
16:10:24 | run=c1c9 | CACHE    | HIT       | var_reconcile 825049cb3ab5 | answer reused — this model call did NOT happen
16:10:24 | run=c1c9 | CACHE    | MISS      | var_reconcile c8bb9185799e | no stored answer for this exact input — model call required
16:10:51 | run=c1c9 | CACHE    | HIT       | var_reconcile 6c07172a3b77 | answer reused — this model call did NOT happen
16:10:51 | run=c1c9 | CACHE    | HIT       | var_reconcile b19746578d82 | answer reused — this model call did NOT happen
16:10:51 | run=c1c9 | CACHE    | HIT       | var_reconcile 9260caa6b5f2 | answer reused — this model call did NOT happen
16:10:51 | run=c1c9 | CACHE    | HIT       | var_reconcile 825049cb3ab5 | answer reused — this model call did NOT happen
16:10:51 | run=c1c9 | CACHE    | HIT       | var_reconcile c8bb9185799e | answer reused — this model call did NOT happen
16:11:28 | run=c1c9 | CACHE    | HIT       | var_reconcile 6c07172a3b77 | answer reused — this model call did NOT happen
16:11:28 | run=c1c9 | CACHE    | MISS      | var_reconcile 99bf6e8e7a6a | no stored answer for this exact input — model call required
16:11:29 | run=c1c9 | CACHE    | HIT       | var_reconcile 9260caa6b5f2 | answer reused — this model call did NOT happen
16:11:29 | run=c1c9 | CACHE    | HIT       | var_reconcile 825049cb3ab5 | answer reused — this model call did NOT happen
16:11:29 | run=c1c9 | CACHE    | HIT       | var_reconcile c8bb9185799e | answer reused — this model call did NOT happen
16:11:57 | run=c1c9 | CACHE    | HIT       | var_reconcile 6c07172a3b77 | answer reused — this model call did NOT happen
16:11:57 | run=c1c9 | CACHE    | HIT       | var_reconcile 99bf6e8e7a6a | answer reused — this model call did NOT happen
16:11:57 | run=c1c9 | CACHE    | HIT       | var_reconcile 9260caa6b5f2 | answer reused — this model call did NOT happen
16:11:57 | run=c1c9 | CACHE    | HIT       | var_reconcile 825049cb3ab5 | answer reused — this model call did NOT happen
16:11:57 | run=c1c9 | CACHE    | HIT       | var_reconcile c8bb9185799e | answer reused — this model call did NOT happen
16:12:48 | run=c1c9 | CACHE    | HIT       | var_reconcile 6c07172a3b77 | answer reused — this model call did NOT happen
16:12:48 | run=c1c9 | CACHE    | HIT       | var_reconcile 99bf6e8e7a6a | answer reused — this model call did NOT happen
16:12:48 | run=c1c9 | CACHE    | HIT       | var_reconcile 9260caa6b5f2 | answer reused — this model call did NOT happen
16:12:48 | run=c1c9 | CACHE    | HIT       | var_reconcile 825049cb3ab5 | answer reused — this model call did NOT happen
16:12:48 | run=c1c9 | CACHE    | HIT       | var_reconcile c8bb9185799e | answer reused — this model call did NOT happen
16:33:53 | run=4bb9 | CACHE    | HIT       | var_reconcile 99bf6e8e7a6a | answer reused — this model call did NOT happen
16:33:53 | run=4bb9 | CACHE    | HIT       | var_reconcile 9260caa6b5f2 | answer reused — this model call did NOT happen
16:33:53 | run=4bb9 | CACHE    | HIT       | var_reconcile 825049cb3ab5 | answer reused — this model call did NOT happen
16:52:27 | run=2a2b | CACHE    | HIT       | var_reconcile 99bf6e8e7a6a | answer reused — this model call did NOT happen
16:52:27 | run=2a2b | CACHE    | HIT       | var_reconcile 9260caa6b5f2 | answer reused — this model call did NOT happen
16:52:27 | run=2a2b | CACHE    | HIT       | var_reconcile 825049cb3ab5 | answer reused — this model call did NOT happen
16:52:56 | run=2a2b | CACHE    | HIT       | var_reconcile 99bf6e8e7a6a | answer reused — this model call did NOT happen
16:52:56 | run=2a2b | CACHE    | HIT       | var_reconcile 9260caa6b5f2 | answer reused — this model call did NOT happen
16:52:56 | run=2a2b | CACHE    | HIT       | var_reconcile 825049cb3ab5 | answer reused — this model call did NOT happen
16:53:00 | run=2a2b | CACHE    | HIT       | var_reconcile 99bf6e8e7a6a | answer reused — this model call did NOT happen
16:53:00 | run=2a2b | CACHE    | HIT       | var_reconcile 9260caa6b5f2 | answer reused — this model call did NOT happen
16:53:00 | run=2a2b | CACHE    | HIT       | var_reconcile 825049cb3ab5 | answer reused — this model call did NOT happen
17:18:37 | run=823e | CACHE    | MISS      | var_reconcile 1f2c671c44c0 | no stored answer for this exact input — model call required
17:18:39 | run=823e | CACHE    | HIT       | var_reconcile 9260caa6b5f2 | answer reused — this model call did NOT happen
17:18:39 | run=823e | CACHE    | HIT       | var_reconcile 825049cb3ab5 | answer reused — this model call did NOT happen
17:18:54 | run=823e | CACHE    | HIT       | var_reconcile 1f2c671c44c0 | answer reused — this model call did NOT happen
17:18:54 | run=823e | CACHE    | HIT       | var_reconcile 9260caa6b5f2 | answer reused — this model call did NOT happen
17:18:54 | run=823e | CACHE    | HIT       | var_reconcile 825049cb3ab5 | answer reused — this model call did NOT happen
02:20:52 | run=ff6e | CACHE    | HIT       | var_reconcile 6c07172a3b77 | answer reused — this model call did NOT happen
02:20:52 | run=ff6e | CACHE    | HIT       | var_reconcile 885c9c15371e | answer reused — this model call did NOT happen
02:20:52 | run=ff6e | CACHE    | HIT       | var_reconcile 9260caa6b5f2 | answer reused — this model call did NOT happen
02:20:52 | run=ff6e | CACHE    | HIT       | var_reconcile 825049cb3ab5 | answer reused — this model call did NOT happen
02:20:52 | run=ff6e | CACHE    | HIT       | var_reconcile ac82e9452743 | answer reused — this model call did NOT happen

============================================================================================================
RUN ce6b  started 2026-10-04 22:54:56  |  contract=tmpabx18_o8.pdf template_fields=0
============================================================================================================
22:54:57 | run=ce6b | CACHE    | MISS      | clause_extraction 14a974059c54 | no stored answer for this exact input — model call required
22:56:32 | run=ce6b | LLM      | THINKING_CAPPED | Pipeline1-FullDocument: 16,382 of 16,384 thinking tokens (gemini-2.5-flash) | reasoning ran out of budget — answers like this were measured to vary between identical requests
------------------------------------------------------------------------------------------------------------
TIMING run=ce6b   total 96.2s (1.6 min)
   Call 1 extraction             95.8s  99.6%  #######################################
   PDF parse (no AI)              0.3s   0.3%  
   (other / overlap)              0.1s
------------------------------------------------------------------------------------------------------------

============================================================================================================
RUN aa15  started 2026-10-04 22:56:51  |  contract=tmpui0xjvxm.pdf template_fields=0
============================================================================================================
22:56:51 | run=aa15 | CACHE    | HIT       | rule_intents 4497874a7278 | answer reused — this model call did NOT happen
22:56:51 | run=aa15 | CALL2    | SKIPPED   | intents for 59 clause(s) served from cache | answer depends only on the clause texts, which have not changed — the template arriving later cannot alter it
------------------------------------------------------------------------------------------------------------
TIMING run=aa15   total 0.4s (0.0 min)
   PDF parse (no AI)              0.3s  87.7%  ###################################
   (other / overlap)              0.0s
------------------------------------------------------------------------------------------------------------
22:58:53 | run=aa15 | CACHE    | HIT       | template_canonical daf260a505c4 | answer reused — this model call did NOT happen
22:58:53 | run=aa15 | CACHE    | HIT       | template_canonical 813208a52306 | answer reused — this model call did NOT happen
22:58:53 | run=aa15 | CACHE    | HIT       | template_canonical 3d0f363925e0 | answer reused — this model call did NOT happen
22:58:53 | run=aa15 | CACHE    | HIT       | rule_intents b47bf9b20959 | answer reused — this model call did NOT happen
22:58:53 | run=aa15 | CALL2    | SKIPPED   | intents for 59 clause(s) served from cache | answer depends only on the clause texts, which have not changed — the template arriving later cannot alter it
22:58:53 | run=aa15 | CACHE    | MISS      | generic_bind 87554480ae73 | no stored answer for this exact input — model call required
22:58:53 | run=aa15 | CALL3    | ATTEMPT   | contract: 26 intent(s) in ONE call
22:58:53 | run=aa15 | CACHE    | HIT       | rule_bind 502e5db33378 | answer reused — this model call did NOT happen
22:58:53 | run=aa15 | CALL3    | SKIPPED   | batch 1/1: 26 intent(s) served from cache | identical prompt, config and model to a fully answered earlier batch
22:58:53 | run=aa15 | CALL3    | OK        | contract: all 26 answered in ONE call | 6 DECLINED (no matching column) — a valid verdict, NOT a reason to re-batch; they go to relaxed retry / review
22:58:53 | run=aa15 | CALL3    | ATTEMPT   | library: 50 intent(s) in ONE call
23:00:26 | run=aa15 | CALL3    | OK        | library: all 50 answered in ONE call | 22 DECLINED (no matching column) — a valid verdict, NOT a reason to re-batch; they go to relaxed retry / review
23:00:26 | run=aa15 | CALL3    | RETRY     | relaxed retry for 6 unmapped intent(s) | the strict pass left these unbound — re-asking with the reconsider prompt before they are routed to review
23:00:27 | run=aa15 | CACHE    | HIT       | rule_bind 5b326f721169 | answer reused — this model call did NOT happen
23:00:27 | run=aa15 | CALL3    | SKIPPED   | batch 1/1: 6 intent(s) served from cache | identical prompt, config and model to a fully answered earlier batch
23:00:27 | run=aa15 | CALL3    | RECOVERED | 1 of 6 rescued by the relaxed retry | 5 intent(s) still unbound — these become 'awaiting a column' clauses on the setup screen
23:00:27 | run=aa15 | CACHE    | HIT       | formula_infer 2d6b1eade264 | answer reused — this model call did NOT happen
23:00:27 | run=aa15 | CACHE    | MISS      | var_topup 3f6608758a0e | no stored answer for this exact input — model call required
23:00:33 | run=aa15 | MAPPING  | ATTEMPT   | sheet 'Sheet 2': 87 field(s), none needed AI
23:00:33 | run=aa15 | MAPPING  | AUTO      | 'AccountID' <- AccountID | candidates: AccountID [EXACT, name -, AI -] | name - | AI - | the file uses the same column name
23:00:33 | run=aa15 | MAPPING  | AUTO      | 'Invoice #' <- Invoice # | candidates: Invoice # [EXACT, name -, AI -] | name - | AI - | the file uses the same column name
23:00:33 | run=aa15 | MAPPING  | AUTO      | 'Policy No' <- Policy No | candidates: Policy No [EXACT, name -, AI -] | name - | AI - | the file uses the same column name
23:00:33 | run=aa15 | MAPPING  | AUTO      | 'Insured' <- Insured | candidates: Insured [EXACT, name -, AI -] | name - | AI - | the file uses the same column name
23:00:33 | run=aa15 | MAPPING  | AUTO      | 'Insured Street' <- Insured Street | candidates: Insured Street [EXACT, name -, AI -] | name - | AI - | the file uses the same column name
23:00:33 | run=aa15 | MAPPING  | AUTO      | 'Insured City' <- Insured City | candidates: Insured City [EXACT, name -, AI -] | name - | AI - | the file uses the same column name
23:00:33 | run=aa15 | MAPPING  | AUTO      | 'Insured State' <- Insured State | candidates: Insured State [EXACT, name -, AI -] | name - | AI - | the file uses the same column name
23:00:33 | run=aa15 | MAPPING  | AUTO      | 'Insured Zip Code' <- Insured Zip Code | candidates: Insured Zip Code [EXACT, name -, AI -] | name - | AI - | the file uses the same column name
23:00:33 | run=aa15 | MAPPING  | AUTO      | 'Insured County' <- Insured County | candidates: Insured County [EXACT, name -, AI -] | name - | AI - | the file uses the same column name
23:00:33 | run=aa15 | MAPPING  | AUTO      | 'PolicyInception' <- PolicyInception | candidates: PolicyInception [EXACT, name -, AI -] | name - | AI - | the file uses the same column name
23:00:33 | run=aa15 | MAPPING  | AUTO      | 'PolicyExpiration' <- PolicyExpiration | candidates: PolicyExpiration [EXACT, name -, AI -] | name - | AI - | the file uses the same column name
23:00:33 | run=aa15 | MAPPING  | AUTO      | 'New/Renewal' <- New/Renewal | candidates: New/Renewal [EXACT, name -, AI -] | name - | AI - | the file uses the same column name
23:00:33 | run=aa15 | MAPPING  | AUTO      | 'ExpiringPolicyNumber' <- ExpiringPolicyNumber | candidates: ExpiringPolicyNumber [EXACT, name -, AI -] | name - | AI - | the file uses the same column name
23:00:33 | run=aa15 | MAPPING  | AUTO      | 'Transaction Type' <- Transaction Type | candidates: Transaction Type [EXACT, name -, AI -] | name - | AI - | the file uses the same column name
23:00:33 | run=aa15 | MAPPING  | AUTO      | 'Division' <- Division | candidates: Division [EXACT, name -, AI -] | name - | AI - | the file uses the same column name
23:00:33 | run=aa15 | MAPPING  | AUTO      | 'Carrier' <- Carrier | candidates: Carrier [EXACT, name -, AI -] | name - | AI - | the file uses the same column name
23:00:33 | run=aa15 | MAPPING  | AUTO      | 'UW' <- UW | candidates: UW [EXACT, name -, AI -] | name - | AI - | the file uses the same column name
23:00:33 | run=aa15 | MAPPING  | AUTO      | 'Gross Premium' <- Gross Premium | candidates: Gross Premium [EXACT, name -, AI -] | name - | AI - | the file uses the same column name
23:00:33 | run=aa15 | MAPPING  | AUTO      | 'Commission Rate' <- Commission Rate | candidates: Commission Rate [EXACT, name -, AI -] | name - | AI - | the file uses the same column name
23:00:33 | run=aa15 | MAPPING  | AUTO      | 'Commission Amount' <- Commission Amount | candidates: Commission Amount [EXACT, name -, AI -] | name - | AI - | the file uses the same column name
23:00:33 | run=aa15 | MAPPING  | AUTO      | 'Net Premium' <- Net Premium | candidates: Net Premium [EXACT, name -, AI -] | name - | AI - | the file uses the same column name
23:00:33 | run=aa15 | MAPPING  | AUTO      | 'TRIA PREM' <- TRIA PREM | candidates: TRIA PREM [EXACT, name -, AI -] | name - | AI - | the file uses the same column name
23:00:33 | run=aa15 | MAPPING  | AUTO      | 'TransactionDate' <- TransactionDate | candidates: TransactionDate [EXACT, name -, AI -] | name - | AI - | the file uses the same column name
23:00:33 | run=aa15 | MAPPING  | AUTO      | 'TransactionEffectiveDate' <- TransactionEffectiveDate | candidates: TransactionEffectiveDate [EXACT, name -, AI -] | name - | AI - | the file uses the same column name
23:00:33 | run=aa15 | MAPPING  | AUTO      | 'TransactionExpirationDate' <- TransactionExpirationDate | candidates: TransactionExpirationDate [EXACT, name -, AI -] | name - | AI - | the file uses the same column name
23:00:33 | run=aa15 | MAPPING  | AUTO      | 'Risk State' <- Risk State | candidates: Risk State [EXACT, name -, AI -] | name - | AI - | the file uses the same column name
23:00:33 | run=aa15 | MAPPING  | AUTO      | 'State of Filing' <- State of Filing | candidates: State of Filing [EXACT, name -, AI -] | name - | AI - | the file uses the same column name
23:00:33 | run=aa15 | MAPPING  | AUTO      | 'BrokBranch' <- BrokBranch | candidates: BrokBranch [EXACT, name -, AI -] | name - | AI - | the file uses the same column name
23:00:33 | run=aa15 | MAPPING  | AUTO      | 'Broker' <- Broker | candidates: Broker [EXACT, name -, AI -] | name - | AI - | the file uses the same column name
23:00:33 | run=aa15 | MAPPING  | AUTO      | 'Surplus Lines Filing Broker' <- Surplus Lines Filing Broker | candidates: Surplus Lines Filing Broker [EXACT, name -, AI -] | name - | AI - | the file uses the same column name
23:00:33 | run=aa15 | MAPPING  | AUTO      | 'Surplus Lines Broker Address' <- Surplus Lines Broker Address | candidates: Surplus Lines Broker Address [EXACT, name -, AI -] | name - | AI - | the file uses the same column name
23:00:33 | run=aa15 | MAPPING  | AUTO      | 'Surplus Lines Broker City' <- Surplus Lines Broker City | candidates: Surplus Lines Broker City [EXACT, name -, AI -] | name - | AI - | the file uses the same column name
23:00:33 | run=aa15 | MAPPING  | AUTO      | 'Surplus Lines Broker State' <- Surplus Lines Broker State | candidates: Surplus Lines Broker State [EXACT, name -, AI -] | name - | AI - | the file uses the same column name
23:00:33 | run=aa15 | MAPPING  | AUTO      | 'Surplus Lines Broker Zip' <- Surplus Lines Broker Zip | candidates: Surplus Lines Broker Zip [EXACT, name -, AI -] | name - | AI - | the file uses the same column name
23:00:33 | run=aa15 | MAPPING  | AUTO      | 'Surplus Lines Broker License' <- Surplus Lines Broker License | candidates: Surplus Lines Broker License [EXACT, name -, AI -] | name - | AI - | the file uses the same column name
23:00:33 | run=aa15 | MAPPING  | AUTO      | 'NJ Transaction No' <- NJ Transaction No | candidates: NJ Transaction No [EXACT, name -, AI -] | name - | AI - | the file uses the same column name
23:00:33 | run=aa15 | MAPPING  | AUTO      | 'LA SL Broker Phone No.' <- LA SL Broker Phone No. | candidates: LA SL Broker Phone No. [EXACT, name -, AI -] | name - | AI - | the file uses the same column name
23:00:33 | run=aa15 | MAPPING  | AUTO      | 'Inception Prem' <- Inception Prem | candidates: Inception Prem [EXACT, name -, AI -] | name - | AI - | the file uses the same column name
23:00:33 | run=aa15 | MAPPING  | AUTO      | 'Cumulative Prem' <- Cumulative Prem | candidates: Cumulative Prem [EXACT, name -, AI -] | name - | AI - | the file uses the same column name
23:00:33 | run=aa15 | MAPPING  | AUTO      | 'Primary/Excess' <- Primary/Excess | candidates: Primary/Excess [EXACT, name -, AI -] | name - | AI - | the file uses the same column name
23:00:33 | run=aa15 | MAPPING  | AUTO      | 'Endt No.' <- Endt No. | candidates: Endt No. [EXACT, name -, AI -] | name - | AI - | the file uses the same column name
23:00:33 | run=aa15 | MAPPING  | AUTO      | 'Endt detail' <- Endt detail | candidates: Endt detail [EXACT, name -, AI -] | name - | AI - | the file uses the same column name
23:00:33 | run=aa15 | MAPPING  | AUTO      | 'Cancel Reason' <- Cancel Reason | candidates: Cancel Reason [EXACT, name -, AI -] | name - | AI - | the file uses the same column name
23:00:33 | run=aa15 | MAPPING  | AUTO      | 'Reporter Y/N' <- Reporter Y/N | candidates: Reporter Y/N [EXACT, name -, AI -] | name - | AI - | the file uses the same column name
23:00:33 | run=aa15 | MAPPING  | AUTO      | 'EKVCmated Annual Premium' <- EKVCmated Annual Premium | candidates: EKVCmated Annual Premium [EXACT, name -, AI -] | name - | AI - | the file uses the same column name
23:00:33 | run=aa15 | MAPPING  | AUTO      | 'Perils Covered APD' <- Perils Covered APD | candidates: Perils Covered APD [EXACT, name -, AI -] | name - | AI - | the file uses the same column name
23:00:33 | run=aa15 | MAPPING  | AUTO      | 'Perils Covered MTC' <- Perils Covered MTC | candidates: Perils Covered MTC [EXACT, name -, AI -] | name - | AI - | the file uses the same column name
23:00:33 | run=aa15 | MAPPING  | AUTO      | 'Pol Occ Limit' <- Pol Occ Limit | candidates: Pol Occ Limit [EXACT, name -, AI -] | name - | AI - | the file uses the same column name
23:00:33 | run=aa15 | MAPPING  | AUTO      | 'APD  Unit Limit' <- APD  Unit Limit | candidates: APD  Unit Limit [EXACT, name -, AI -] | name - | AI - | the file uses the same column name
23:00:33 | run=aa15 | MAPPING  | AUTO      | 'APD per Occ / Terminal Limit' <- APD per Occ / Terminal Limit | candidates: APD per Occ / Terminal Limit [EXACT, name -, AI -] | name - | AI - | the file uses the same column name
23:00:33 | run=aa15 | MAPPING  | AUTO      | 'MTC per Vehicle Limit' <- MTC per Vehicle Limit | candidates: MTC per Vehicle Limit [EXACT, name -, AI -] | name - | AI - | the file uses the same column name
23:00:33 | run=aa15 | MAPPING  | AUTO      | 'MTC per occurrence' <- MTC per occurrence | candidates: MTC per occurrence [EXACT, name -, AI -] | name - | AI - | the file uses the same column name
23:00:33 | run=aa15 | MAPPING  | AUTO      | 'Terminal Limit Scheduled' <- Terminal Limit Scheduled | candidates: Terminal Limit Scheduled [EXACT, name -, AI -] | name - | AI - | the file uses the same column name
23:00:33 | run=aa15 | MAPPING  | AUTO      | 'Terminal Limit UnScheduled' <- Terminal Limit UnScheduled | candidates: Terminal Limit UnScheduled [EXACT, name -, AI -] | name - | AI - | the file uses the same column name
23:00:33 | run=aa15 | MAPPING  | AUTO      | 'Attachment Point' <- Attachment Point | candidates: Attachment Point [EXACT, name -, AI -] | name - | AI - | the file uses the same column name
23:00:33 | run=aa15 | MAPPING  | AUTO      | 'APD Auditable (Y/N)' <- APD Auditable (Y/N) | candidates: APD Auditable (Y/N) [EXACT, name -, AI -] | name - | AI - | the file uses the same column name
23:00:33 | run=aa15 | MAPPING  | AUTO      | 'MTC AUDITABLE (Y/N)' <- MTC AUDITABLE (Y/N) | candidates: MTC AUDITABLE (Y/N) [EXACT, name -, AI -] | name - | AI - | the file uses the same column name
23:00:33 | run=aa15 | MAPPING  | AUTO      | 'APD Premium' <- APD Premium | candidates: APD Premium [EXACT, name -, AI -] | name - | AI - | the file uses the same column name
23:00:33 | run=aa15 | MAPPING  | AUTO      | 'APD Deductible' <- APD Deductible | candidates: APD Deductible [EXACT, name -, AI -] | name - | AI - | the file uses the same column name
23:00:33 | run=aa15 | MAPPING  | AUTO      | 'MTC Premium' <- MTC Premium | candidates: MTC Premium [EXACT, name -, AI -] | name - | AI - | the file uses the same column name
23:00:33 | run=aa15 | MAPPING  | AUTO      | 'MTC Deductible' <- MTC Deductible | candidates: MTC Deductible [EXACT, name -, AI -] | name - | AI - | the file uses the same column name
23:00:33 | run=aa15 | MAPPING  | AUTO      | 'Basket Deductible' <- Basket Deductible | candidates: Basket Deductible [EXACT, name -, AI -] | name - | AI - | the file uses the same column name
23:00:33 | run=aa15 | MAPPING  | AUTO      | 'Aggregate Deductible APD' <- Aggregate Deductible APD | candidates: Aggregate Deductible APD [EXACT, name -, AI -] | name - | AI - | the file uses the same column name
23:00:33 | run=aa15 | MAPPING  | AUTO      | 'Aggregate Deductible MTC' <- Aggregate Deductible MTC | candidates: Aggregate Deductible MTC [EXACT, name -, AI -] | name - | AI - | the file uses the same column name
23:00:33 | run=aa15 | MAPPING  | AUTO      | 'BtotalPUnits' <- BtotalPUnits | candidates: BtotalPUnits [EXACT, name -, AI -] | name - | AI - | the file uses the same column name
23:00:33 | run=aa15 | MAPPING  | AUTO      | 'BtotalTrailers' <- BtotalTrailers | candidates: BtotalTrailers [EXACT, name -, AI -] | name - | AI - | the file uses the same column name
23:00:33 | run=aa15 | MAPPING  | AUTO      | 'BtotalTIV' <- BtotalTIV | candidates: BtotalTIV [EXACT, name -, AI -] | name - | AI - | the file uses the same column name
23:00:33 | run=aa15 | MAPPING  | AUTO      | 'BtotalRev' <- BtotalRev | candidates: BtotalRev [EXACT, name -, AI -] | name - | AI - | the file uses the same column name
23:00:33 | run=aa15 | MAPPING  | AUTO      | 'BtotalMileage' <- BtotalMileage | candidates: BtotalMileage [EXACT, name -, AI -] | name - | AI - | the file uses the same column name
23:00:33 | run=aa15 | MAPPING  | AUTO      | 'Highest Value Unit' <- Highest Value Unit | candidates: Highest Value Unit [EXACT, name -, AI -] | name - | AI - | the file uses the same column name
23:00:33 | run=aa15 | MAPPING  | AUTO      | 'IPRM APD' <- IPRM APD | candidates: IPRM APD [EXACT, name -, AI -] | name - | AI - | the file uses the same column name
23:00:33 | run=aa15 | MAPPING  | AUTO      | 'IPRM MTC' <- IPRM MTC | candidates: IPRM MTC [EXACT, name -, AI -] | name - | AI - | the file uses the same column name
23:00:33 | run=aa15 | MAPPING  | AUTO      | 'THBBdxDate' <- THBBdxDate | candidates: THBBdxDate [EXACT, name -, AI -] | name - | AI - | the file uses the same column name
23:00:33 | run=aa15 | MAPPING  | AUTO      | 'Faculative Re(Y/N)' <- Faculative Re(Y/N) | candidates: Faculative Re(Y/N) [EXACT, name -, AI -] | name - | AI - | the file uses the same column name
23:00:33 | run=aa15 | MAPPING  | AUTO      | 'Reinsurer' <- Reinsurer | candidates: Reinsurer [EXACT, name -, AI -] | name - | AI - | the file uses the same column name
23:00:33 | run=aa15 | MAPPING  | AUTO      | 'Reinsurer Cert %' <- Reinsurer Cert % | candidates: Reinsurer Cert % [EXACT, name -, AI -] | name - | AI - | the file uses the same column name
23:00:33 | run=aa15 | MAPPING  | AUTO      | 'Reins Eff Date' <- Reins Eff Date | candidates: Reins Eff Date [EXACT, name -, AI -] | name - | AI - | the file uses the same column name
23:00:33 | run=aa15 | MAPPING  | AUTO      | 'Reins Exp Date' <- Reins Exp Date | candidates: Reins Exp Date [EXACT, name -, AI -] | name - | AI - | the file uses the same column name
23:00:33 | run=aa15 | MAPPING  | AUTO      | 'Quote Share or Excess' <- Quote Share or Excess | candidates: Quote Share or Excess [EXACT, name -, AI -] | name - | AI - | the file uses the same column name
23:00:33 | run=aa15 | MAPPING  | AUTO      | 'QS Reinsurers Participation%' <- QS Reinsurers Participation% | candidates: QS Reinsurers Participation% [EXACT, name -, AI -] | name - | AI - | the file uses the same column name
23:00:33 | run=aa15 | MAPPING  | AUTO      | 'Participating Layer/TIV' <- Participating Layer/TIV | candidates: Participating Layer/TIV [EXACT, name -, AI -] | name - | AI - | the file uses the same column name
23:00:33 | run=aa15 | MAPPING  | AUTO      | 'Reinsurance Limit' <- Reinsurance Limit | candidates: Reinsurance Limit [EXACT, name -, AI -] | name - | AI - | the file uses the same column name
23:00:33 | run=aa15 | MAPPING  | AUTO      | 'Excess of' <- Excess of | candidates: Excess of [EXACT, name -, AI -] | name - | AI - | the file uses the same column name
23:00:33 | run=aa15 | MAPPING  | AUTO      | 'Fac Coverage' <- Fac Coverage | candidates: Fac Coverage [EXACT, name -, AI -] | name - | AI - | the file uses the same column name
23:00:33 | run=aa15 | MAPPING  | AUTO      | 'Perils Covered' <- Perils Covered | candidates: Perils Covered [EXACT, name -, AI -] | name - | AI - | the file uses the same column name
23:00:33 | run=aa15 | MAPPING  | AUTO      | 'Fac Net Premium' <- Fac Net Premium | candidates: Fac Net Premium [EXACT, name -, AI -] | name - | AI - | the file uses the same column name
23:00:33 | run=aa15 | MAPPING  | AUTO      | 'Carrier Net/Net Premium' <- Carrier Net/Net Premium | candidates: Carrier Net/Net Premium [EXACT, name -, AI -] | name - | AI - | the file uses the same column name
23:24:57 | run=7b76 | CACHE    | MISS      | var_reconcile 06f85837f473 | no stored answer for this exact input — model call required
23:25:00 | run=7b76 | CACHE    | MISS      | var_reconcile 87ec4637721d | no stored answer for this exact input — model call required
23:25:01 | run=7b76 | CACHE    | MISS      | var_reconcile 41c26be46d24 | no stored answer for this exact input — model call required
23:25:02 | run=7b76 | CACHE    | MISS      | var_reconcile ce66b4f9318a | no stored answer for this exact input — model call required
23:25:04 | run=7b76 | CACHE    | MISS      | var_reconcile f465c434c801 | no stored answer for this exact input — model call required
23:25:05 | run=7b76 | CACHE    | MISS      | var_reconcile e0c1dc38406f | no stored answer for this exact input — model call required
23:25:06 | run=7b76 | CACHE    | MISS      | var_reconcile f953d15ab93a | no stored answer for this exact input — model call required
23:45:21 | run=4c24 | CACHE    | HIT       | var_reconcile 06f85837f473 | answer reused — this model call did NOT happen
23:45:21 | run=4c24 | CACHE    | HIT       | var_reconcile 87ec4637721d | answer reused — this model call did NOT happen
23:45:21 | run=4c24 | CACHE    | MISS      | var_reconcile ce66b4f9318a | no stored answer for this exact input — model call required
23:45:23 | run=4c24 | CACHE    | HIT       | var_reconcile f465c434c801 | answer reused — this model call did NOT happen
23:45:23 | run=4c24 | CACHE    | HIT       | var_reconcile e0c1dc38406f | answer reused — this model call did NOT happen
23:45:23 | run=4c24 | CACHE    | HIT       | var_reconcile f953d15ab93a | answer reused — this model call did NOT happen
00:07:46 | run=e5b3 | CACHE    | MISS      | var_reconcile 0295966b9658 | no stored answer for this exact input — model call required
00:07:47 | run=e5b3 | CACHE    | MISS      | var_reconcile 04346c669b02 | no stored answer for this exact input — model call required
00:07:48 | run=e5b3 | CACHE    | MISS      | var_reconcile e70360dfdce9 | no stored answer for this exact input — model call required
00:07:49 | run=e5b3 | CACHE    | MISS      | var_reconcile be08a3472ba4 | no stored answer for this exact input — model call required
00:07:50 | run=e5b3 | CACHE    | MISS      | var_reconcile 37681a1c04d8 | no stored answer for this exact input — model call required
00:07:51 | run=e5b3 | CACHE    | MISS      | var_reconcile cf8de10edcd8 | no stored answer for this exact input — model call required
00:07:52 | run=e5b3 | CACHE    | MISS      | var_reconcile d5a22e6dc7a8 | no stored answer for this exact input — model call required
00:32:46 | run=7e52 | CACHE    | HIT       | var_reconcile 06f85837f473 | answer reused — this model call did NOT happen
00:32:46 | run=7e52 | CACHE    | HIT       | var_reconcile 87ec4637721d | answer reused — this model call did NOT happen
00:32:46 | run=7e52 | CACHE    | HIT       | var_reconcile 41c26be46d24 | answer reused — this model call did NOT happen
00:32:46 | run=7e52 | CACHE    | MISS      | var_reconcile ce66b4f9318a | no stored answer for this exact input — model call required
00:32:47 | run=7e52 | CACHE    | HIT       | var_reconcile f465c434c801 | answer reused — this model call did NOT happen
00:32:47 | run=7e52 | CACHE    | HIT       | var_reconcile e0c1dc38406f | answer reused — this model call did NOT happen
00:32:48 | run=7e52 | CACHE    | HIT       | var_reconcile f953d15ab93a | answer reused — this model call did NOT happen
00:34:46 | run=7e52 | CACHE    | HIT       | var_reconcile 06f85837f473 | answer reused — this model call did NOT happen
00:34:46 | run=7e52 | CACHE    | HIT       | var_reconcile 87ec4637721d | answer reused — this model call did NOT happen
00:34:46 | run=7e52 | CACHE    | HIT       | var_reconcile 41c26be46d24 | answer reused — this model call did NOT happen
00:34:46 | run=7e52 | CACHE    | MISS      | var_reconcile ce66b4f9318a | no stored answer for this exact input — model call required
00:34:47 | run=7e52 | CACHE    | HIT       | var_reconcile f465c434c801 | answer reused — this model call did NOT happen
00:34:47 | run=7e52 | CACHE    | HIT       | var_reconcile e0c1dc38406f | answer reused — this model call did NOT happen
00:34:47 | run=7e52 | CACHE    | HIT       | var_reconcile f953d15ab93a | answer reused — this model call did NOT happen
00:36:20 | run=7e52 | CACHE    | HIT       | var_reconcile 06f85837f473 | answer reused — this model call did NOT happen
00:36:20 | run=7e52 | CACHE    | HIT       | var_reconcile 41c26be46d24 | answer reused — this model call did NOT happen
00:36:20 | run=7e52 | CACHE    | HIT       | var_reconcile ce66b4f9318a | answer reused — this model call did NOT happen
00:36:20 | run=7e52 | CACHE    | HIT       | var_reconcile f465c434c801 | answer reused — this model call did NOT happen
00:36:20 | run=7e52 | CACHE    | HIT       | var_reconcile e0c1dc38406f | answer reused — this model call did NOT happen
00:36:20 | run=7e52 | CACHE    | HIT       | var_reconcile f953d15ab93a | answer reused — this model call did NOT happen
00:41:56 | run=7e52 | CACHE    | HIT       | var_reconcile 06f85837f473 | answer reused — this model call did NOT happen
00:41:56 | run=7e52 | CACHE    | HIT       | var_reconcile 87ec4637721d | answer reused — this model call did NOT happen
00:41:56 | run=7e52 | CACHE    | HIT       | var_reconcile 41c26be46d24 | answer reused — this model call did NOT happen
00:41:56 | run=7e52 | CACHE    | HIT       | var_reconcile ce66b4f9318a | answer reused — this model call did NOT happen
00:41:56 | run=7e52 | CACHE    | HIT       | var_reconcile f465c434c801 | answer reused — this model call did NOT happen
00:41:56 | run=7e52 | CACHE    | HIT       | var_reconcile e0c1dc38406f | answer reused — this model call did NOT happen
00:41:56 | run=7e52 | CACHE    | HIT       | var_reconcile f953d15ab93a | answer reused — this model call did NOT happen
00:47:13 | run=7e52 | CACHE    | HIT       | var_reconcile 06f85837f473 | answer reused — this model call did NOT happen
00:47:13 | run=7e52 | CACHE    | HIT       | var_reconcile 41c26be46d24 | answer reused — this model call did NOT happen
00:47:13 | run=7e52 | CACHE    | HIT       | var_reconcile ce66b4f9318a | answer reused — this model call did NOT happen
00:47:13 | run=7e52 | CACHE    | HIT       | var_reconcile f465c434c801 | answer reused — this model call did NOT happen
00:47:13 | run=7e52 | CACHE    | HIT       | var_reconcile e0c1dc38406f | answer reused — this model call did NOT happen
00:47:13 | run=7e52 | CACHE    | HIT       | var_reconcile f953d15ab93a | answer reused — this model call did NOT happen
00:48:41 | run=7e52 | CACHE    | HIT       | var_reconcile 06f85837f473 | answer reused — this model call did NOT happen
00:48:41 | run=7e52 | CACHE    | HIT       | var_reconcile 41c26be46d24 | answer reused — this model call did NOT happen
00:48:41 | run=7e52 | CACHE    | HIT       | var_reconcile ce66b4f9318a | answer reused — this model call did NOT happen
00:48:41 | run=7e52 | CACHE    | HIT       | var_reconcile f465c434c801 | answer reused — this model call did NOT happen
00:48:41 | run=7e52 | CACHE    | HIT       | var_reconcile e0c1dc38406f | answer reused — this model call did NOT happen
00:48:41 | run=7e52 | CACHE    | HIT       | var_reconcile f953d15ab93a | answer reused — this model call did NOT happen
00:49:10 | run=7e52 | CACHE    | HIT       | var_reconcile 06f85837f473 | answer reused — this model call did NOT happen
00:49:10 | run=7e52 | CACHE    | HIT       | var_reconcile 41c26be46d24 | answer reused — this model call did NOT happen
00:49:11 | run=7e52 | CACHE    | HIT       | var_reconcile ce66b4f9318a | answer reused — this model call did NOT happen
00:49:11 | run=7e52 | CACHE    | HIT       | var_reconcile f465c434c801 | answer reused — this model call did NOT happen
00:49:11 | run=7e52 | CACHE    | HIT       | var_reconcile e0c1dc38406f | answer reused — this model call did NOT happen
00:49:11 | run=7e52 | CACHE    | HIT       | var_reconcile f953d15ab93a | answer reused — this model call did NOT happen
00:50:47 | run=7e52 | CACHE    | HIT       | var_reconcile 06f85837f473 | answer reused — this model call did NOT happen
00:50:47 | run=7e52 | CACHE    | HIT       | var_reconcile 41c26be46d24 | answer reused — this model call did NOT happen
00:50:47 | run=7e52 | CACHE    | HIT       | var_reconcile ce66b4f9318a | answer reused — this model call did NOT happen
00:50:47 | run=7e52 | CACHE    | HIT       | var_reconcile f465c434c801 | answer reused — this model call did NOT happen
00:50:47 | run=7e52 | CACHE    | HIT       | var_reconcile e0c1dc38406f | answer reused — this model call did NOT happen
00:50:47 | run=7e52 | CACHE    | HIT       | var_reconcile f953d15ab93a | answer reused — this model call did NOT happen
00:51:33 | run=7e52 | CACHE    | HIT       | var_reconcile 06f85837f473 | answer reused — this model call did NOT happen
00:51:33 | run=7e52 | CACHE    | HIT       | var_reconcile 41c26be46d24 | answer reused — this model call did NOT happen
00:51:33 | run=7e52 | CACHE    | HIT       | var_reconcile ce66b4f9318a | answer reused — this model call did NOT happen
00:51:33 | run=7e52 | CACHE    | HIT       | var_reconcile f465c434c801 | answer reused — this model call did NOT happen
00:51:33 | run=7e52 | CACHE    | HIT       | var_reconcile e0c1dc38406f | answer reused — this model call did NOT happen
00:51:33 | run=7e52 | CACHE    | HIT       | var_reconcile f953d15ab93a | answer reused — this model call did NOT happen
00:51:50 | run=7e52 | CACHE    | HIT       | var_reconcile 06f85837f473 | answer reused — this model call did NOT happen
00:51:50 | run=7e52 | CACHE    | HIT       | var_reconcile 41c26be46d24 | answer reused — this model call did NOT happen
00:51:50 | run=7e52 | CACHE    | HIT       | var_reconcile ce66b4f9318a | answer reused — this model call did NOT happen
00:51:50 | run=7e52 | CACHE    | HIT       | var_reconcile f465c434c801 | answer reused — this model call did NOT happen
00:51:50 | run=7e52 | CACHE    | HIT       | var_reconcile e0c1dc38406f | answer reused — this model call did NOT happen
00:51:50 | run=7e52 | CACHE    | HIT       | var_reconcile f953d15ab93a | answer reused — this model call did NOT happen
09:45:46 | run=6562 | CACHE    | HIT       | var_reconcile 06f85837f473 | answer reused — this model call did NOT happen
09:45:46 | run=6562 | CACHE    | HIT       | var_reconcile 87ec4637721d | answer reused — this model call did NOT happen
09:45:46 | run=6562 | CACHE    | HIT       | var_reconcile 41c26be46d24 | answer reused — this model call did NOT happen
09:45:46 | run=6562 | CACHE    | HIT       | var_reconcile ce66b4f9318a | answer reused — this model call did NOT happen
09:45:46 | run=6562 | CACHE    | HIT       | var_reconcile f465c434c801 | answer reused — this model call did NOT happen
09:45:46 | run=6562 | CACHE    | HIT       | var_reconcile e0c1dc38406f | answer reused — this model call did NOT happen
09:45:46 | run=6562 | CACHE    | HIT       | var_reconcile f953d15ab93a | answer reused — this model call did NOT happen
09:49:15 | run=6562 | CACHE    | HIT       | var_reconcile 06f85837f473 | answer reused — this model call did NOT happen
09:49:15 | run=6562 | CACHE    | HIT       | var_reconcile 87ec4637721d | answer reused — this model call did NOT happen
09:49:15 | run=6562 | CACHE    | HIT       | var_reconcile 41c26be46d24 | answer reused — this model call did NOT happen
09:49:15 | run=6562 | CACHE    | HIT       | var_reconcile ce66b4f9318a | answer reused — this model call did NOT happen
09:49:15 | run=6562 | CACHE    | HIT       | var_reconcile f465c434c801 | answer reused — this model call did NOT happen
09:49:15 | run=6562 | CACHE    | HIT       | var_reconcile e0c1dc38406f | answer reused — this model call did NOT happen
09:49:15 | run=6562 | CACHE    | HIT       | var_reconcile f953d15ab93a | answer reused — this model call did NOT happen
09:55:29 | run=6260 | CACHE    | HIT       | var_reconcile 06f85837f473 | answer reused — this model call did NOT happen
09:55:29 | run=6260 | CACHE    | HIT       | var_reconcile 87ec4637721d | answer reused — this model call did NOT happen
09:55:29 | run=6260 | CACHE    | HIT       | var_reconcile 41c26be46d24 | answer reused — this model call did NOT happen
09:55:29 | run=6260 | CACHE    | HIT       | var_reconcile ce66b4f9318a | answer reused — this model call did NOT happen
09:55:30 | run=6260 | CACHE    | HIT       | var_reconcile f465c434c801 | answer reused — this model call did NOT happen
09:55:30 | run=6260 | CACHE    | HIT       | var_reconcile e0c1dc38406f | answer reused — this model call did NOT happen
09:55:30 | run=6260 | CACHE    | HIT       | var_reconcile f953d15ab93a | answer reused — this model call did NOT happen
10:06:06 | run=3eef | CACHE    | HIT       | var_reconcile 06f85837f473 | answer reused — this model call did NOT happen
10:06:06 | run=3eef | CACHE    | HIT       | var_reconcile 87ec4637721d | answer reused — this model call did NOT happen
10:06:06 | run=3eef | CACHE    | HIT       | var_reconcile 41c26be46d24 | answer reused — this model call did NOT happen
10:06:06 | run=3eef | CACHE    | HIT       | var_reconcile ce66b4f9318a | answer reused — this model call did NOT happen
10:06:06 | run=3eef | CACHE    | HIT       | var_reconcile f465c434c801 | answer reused — this model call did NOT happen
10:06:06 | run=3eef | CACHE    | HIT       | var_reconcile e0c1dc38406f | answer reused — this model call did NOT happen
10:06:06 | run=3eef | CACHE    | HIT       | var_reconcile f953d15ab93a | answer reused — this model call did NOT happen
10:13:28 | run=3eef | CACHE    | HIT       | var_reconcile 06f85837f473 | answer reused — this model call did NOT happen
10:13:28 | run=3eef | CACHE    | MISS      | var_reconcile 2c6083106471 | no stored answer for this exact input — model call required
10:13:29 | run=3eef | CACHE    | HIT       | var_reconcile 41c26be46d24 | answer reused — this model call did NOT happen
10:13:29 | run=3eef | CACHE    | HIT       | var_reconcile ce66b4f9318a | answer reused — this model call did NOT happen
10:13:29 | run=3eef | CACHE    | HIT       | var_reconcile f465c434c801 | answer reused — this model call did NOT happen
10:13:29 | run=3eef | CACHE    | HIT       | var_reconcile e0c1dc38406f | answer reused — this model call did NOT happen
10:13:29 | run=3eef | CACHE    | HIT       | var_reconcile f953d15ab93a | answer reused — this model call did NOT happen
10:14:13 | run=3eef | CACHE    | HIT       | var_reconcile 06f85837f473 | answer reused — this model call did NOT happen
10:14:13 | run=3eef | CACHE    | HIT       | var_reconcile 2c6083106471 | answer reused — this model call did NOT happen
10:14:13 | run=3eef | CACHE    | HIT       | var_reconcile 41c26be46d24 | answer reused — this model call did NOT happen
10:14:13 | run=3eef | CACHE    | HIT       | var_reconcile ce66b4f9318a | answer reused — this model call did NOT happen
10:14:13 | run=3eef | CACHE    | HIT       | var_reconcile f465c434c801 | answer reused — this model call did NOT happen
10:14:13 | run=3eef | CACHE    | HIT       | var_reconcile e0c1dc38406f | answer reused — this model call did NOT happen
10:14:13 | run=3eef | CACHE    | HIT       | var_reconcile f953d15ab93a | answer reused — this model call did NOT happen
10:15:36 | run=3eef | CACHE    | HIT       | var_reconcile 06f85837f473 | answer reused — this model call did NOT happen
10:15:36 | run=3eef | CACHE    | HIT       | var_reconcile 2c6083106471 | answer reused — this model call did NOT happen
10:15:36 | run=3eef | CACHE    | HIT       | var_reconcile 41c26be46d24 | answer reused — this model call did NOT happen
10:15:36 | run=3eef | CACHE    | HIT       | var_reconcile ce66b4f9318a | answer reused — this model call did NOT happen
10:15:36 | run=3eef | CACHE    | HIT       | var_reconcile f465c434c801 | answer reused — this model call did NOT happen
10:15:36 | run=3eef | CACHE    | HIT       | var_reconcile e0c1dc38406f | answer reused — this model call did NOT happen
10:15:36 | run=3eef | CACHE    | HIT       | var_reconcile f953d15ab93a | answer reused — this model call did NOT happen
10:16:14 | run=3eef | CACHE    | HIT       | var_reconcile 06f85837f473 | answer reused — this model call did NOT happen
10:16:15 | run=3eef | CACHE    | HIT       | var_reconcile 2c6083106471 | answer reused — this model call did NOT happen
10:16:15 | run=3eef | CACHE    | HIT       | var_reconcile 41c26be46d24 | answer reused — this model call did NOT happen
10:16:15 | run=3eef | CACHE    | HIT       | var_reconcile ce66b4f9318a | answer reused — this model call did NOT happen
10:16:15 | run=3eef | CACHE    | HIT       | var_reconcile f465c434c801 | answer reused — this model call did NOT happen
10:16:15 | run=3eef | CACHE    | HIT       | var_reconcile e0c1dc38406f | answer reused — this model call did NOT happen
10:16:15 | run=3eef | CACHE    | HIT       | var_reconcile f953d15ab93a | answer reused — this model call did NOT happen
10:24:08 | run=3eef | CACHE    | HIT       | var_reconcile 06f85837f473 | answer reused — this model call did NOT happen
10:24:08 | run=3eef | CACHE    | HIT       | var_reconcile 2c6083106471 | answer reused — this model call did NOT happen
10:24:08 | run=3eef | CACHE    | HIT       | var_reconcile ce66b4f9318a | answer reused — this model call did NOT happen
10:24:08 | run=3eef | CACHE    | HIT       | var_reconcile f465c434c801 | answer reused — this model call did NOT happen
10:24:08 | run=3eef | CACHE    | HIT       | var_reconcile e0c1dc38406f | answer reused — this model call did NOT happen
10:24:08 | run=3eef | CACHE    | HIT       | var_reconcile f953d15ab93a | answer reused — this model call did NOT happen
10:24:21 | run=3eef | CACHE    | HIT       | var_reconcile 06f85837f473 | answer reused — this model call did NOT happen
10:24:21 | run=3eef | CACHE    | HIT       | var_reconcile 2c6083106471 | answer reused — this model call did NOT happen
10:24:21 | run=3eef | CACHE    | HIT       | var_reconcile ce66b4f9318a | answer reused — this model call did NOT happen
10:24:21 | run=3eef | CACHE    | HIT       | var_reconcile f465c434c801 | answer reused — this model call did NOT happen
10:24:21 | run=3eef | CACHE    | HIT       | var_reconcile e0c1dc38406f | answer reused — this model call did NOT happen
10:24:21 | run=3eef | CACHE    | HIT       | var_reconcile f953d15ab93a | answer reused — this model call did NOT happen
10:24:29 | run=3eef | CACHE    | HIT       | var_reconcile 06f85837f473 | answer reused — this model call did NOT happen
10:24:29 | run=3eef | CACHE    | HIT       | var_reconcile 2c6083106471 | answer reused — this model call did NOT happen
10:24:29 | run=3eef | CACHE    | HIT       | var_reconcile ce66b4f9318a | answer reused — this model call did NOT happen
10:24:29 | run=3eef | CACHE    | HIT       | var_reconcile f465c434c801 | answer reused — this model call did NOT happen
10:24:29 | run=3eef | CACHE    | HIT       | var_reconcile e0c1dc38406f | answer reused — this model call did NOT happen
10:24:29 | run=3eef | CACHE    | HIT       | var_reconcile f953d15ab93a | answer reused — this model call did NOT happen
10:24:38 | run=3eef | CACHE    | HIT       | var_reconcile 06f85837f473 | answer reused — this model call did NOT happen
10:24:38 | run=3eef | CACHE    | HIT       | var_reconcile 2c6083106471 | answer reused — this model call did NOT happen
10:24:39 | run=3eef | CACHE    | HIT       | var_reconcile ce66b4f9318a | answer reused — this model call did NOT happen
10:24:39 | run=3eef | CACHE    | HIT       | var_reconcile f465c434c801 | answer reused — this model call did NOT happen
10:24:39 | run=3eef | CACHE    | HIT       | var_reconcile e0c1dc38406f | answer reused — this model call did NOT happen
10:24:39 | run=3eef | CACHE    | HIT       | var_reconcile f953d15ab93a | answer reused — this model call did NOT happen
11:44:59 | run=561b | CACHE    | HIT       | var_reconcile 06f85837f473 | answer reused — this model call did NOT happen
11:44:59 | run=561b | CACHE    | HIT       | var_reconcile 87ec4637721d | answer reused — this model call did NOT happen
11:44:59 | run=561b | CACHE    | HIT       | var_reconcile 41c26be46d24 | answer reused — this model call did NOT happen
11:44:59 | run=561b | CACHE    | HIT       | var_reconcile ce66b4f9318a | answer reused — this model call did NOT happen
11:44:59 | run=561b | CACHE    | HIT       | var_reconcile f465c434c801 | answer reused — this model call did NOT happen
11:44:59 | run=561b | CACHE    | HIT       | var_reconcile e0c1dc38406f | answer reused — this model call did NOT happen
11:44:59 | run=561b | CACHE    | HIT       | var_reconcile f953d15ab93a | answer reused — this model call did NOT happen
11:48:06 | run=561b | CACHE    | HIT       | var_reconcile 06f85837f473 | answer reused — this model call did NOT happen
11:48:06 | run=561b | CACHE    | HIT       | var_reconcile 41c26be46d24 | answer reused — this model call did NOT happen
11:48:06 | run=561b | CACHE    | HIT       | var_reconcile ce66b4f9318a | answer reused — this model call did NOT happen
11:48:06 | run=561b | CACHE    | HIT       | var_reconcile f465c434c801 | answer reused — this model call did NOT happen
11:48:06 | run=561b | CACHE    | HIT       | var_reconcile e0c1dc38406f | answer reused — this model call did NOT happen
11:48:06 | run=561b | CACHE    | HIT       | var_reconcile f953d15ab93a | answer reused — this model call did NOT happen
11:48:13 | run=561b | CACHE    | HIT       | var_reconcile 06f85837f473 | answer reused — this model call did NOT happen
11:48:13 | run=561b | CACHE    | HIT       | var_reconcile 41c26be46d24 | answer reused — this model call did NOT happen
11:48:13 | run=561b | CACHE    | HIT       | var_reconcile ce66b4f9318a | answer reused — this model call did NOT happen
11:48:13 | run=561b | CACHE    | HIT       | var_reconcile f465c434c801 | answer reused — this model call did NOT happen
11:48:13 | run=561b | CACHE    | HIT       | var_reconcile e0c1dc38406f | answer reused — this model call did NOT happen
11:48:13 | run=561b | CACHE    | HIT       | var_reconcile f953d15ab93a | answer reused — this model call did NOT happen
14:06:42 | run=a9c7 | CACHE    | HIT       | var_reconcile 06f85837f473 | answer reused — this model call did NOT happen
14:06:42 | run=a9c7 | CACHE    | HIT       | var_reconcile 87ec4637721d | answer reused — this model call did NOT happen
14:06:42 | run=a9c7 | CACHE    | HIT       | var_reconcile 41c26be46d24 | answer reused — this model call did NOT happen
14:06:42 | run=a9c7 | CACHE    | HIT       | var_reconcile ce66b4f9318a | answer reused — this model call did NOT happen
14:06:42 | run=a9c7 | CACHE    | HIT       | var_reconcile f465c434c801 | answer reused — this model call did NOT happen
14:06:42 | run=a9c7 | CACHE    | HIT       | var_reconcile e0c1dc38406f | answer reused — this model call did NOT happen
14:06:42 | run=a9c7 | CACHE    | HIT       | var_reconcile f953d15ab93a | answer reused — this model call did NOT happen
17:21:57 | run=4289 | CACHE    | HIT       | var_reconcile 06f85837f473 | answer reused — this model call did NOT happen
17:21:57 | run=4289 | CACHE    | HIT       | var_reconcile ce66b4f9318a | answer reused — this model call did NOT happen
17:21:57 | run=4289 | CACHE    | HIT       | var_reconcile f465c434c801 | answer reused — this model call did NOT happen
17:21:57 | run=4289 | CACHE    | HIT       | var_reconcile e0c1dc38406f | answer reused — this model call did NOT happen
17:21:57 | run=4289 | CACHE    | HIT       | var_reconcile f953d15ab93a | answer reused — this model call did NOT happen
17:24:03 | run=4289 | CACHE    | HIT       | var_reconcile 06f85837f473 | answer reused — this model call did NOT happen
17:24:03 | run=4289 | CACHE    | HIT       | var_reconcile 87ec4637721d | answer reused — this model call did NOT happen
17:24:03 | run=4289 | CACHE    | HIT       | var_reconcile 41c26be46d24 | answer reused — this model call did NOT happen
17:24:03 | run=4289 | CACHE    | HIT       | var_reconcile ce66b4f9318a | answer reused — this model call did NOT happen
17:24:03 | run=4289 | CACHE    | HIT       | var_reconcile f465c434c801 | answer reused — this model call did NOT happen
17:24:03 | run=4289 | CACHE    | HIT       | var_reconcile e0c1dc38406f | answer reused — this model call did NOT happen
17:24:03 | run=4289 | CACHE    | HIT       | var_reconcile f953d15ab93a | answer reused — this model call did NOT happen
09:47:51 | run=03ea | CACHE    | HIT       | var_reconcile 06f85837f473 | answer reused — this model call did NOT happen
09:47:51 | run=03ea | CACHE    | HIT       | var_reconcile 41c26be46d24 | answer reused — this model call did NOT happen
09:47:51 | run=03ea | CACHE    | HIT       | var_reconcile ce66b4f9318a | answer reused — this model call did NOT happen
09:47:51 | run=03ea | CACHE    | HIT       | var_reconcile f465c434c801 | answer reused — this model call did NOT happen
09:47:51 | run=03ea | CACHE    | HIT       | var_reconcile e0c1dc38406f | answer reused — this model call did NOT happen
09:47:51 | run=03ea | CACHE    | HIT       | var_reconcile f953d15ab93a | answer reused — this model call did NOT happen
09:51:17 | run=03ea | CACHE    | HIT       | var_reconcile 06f85837f473 | answer reused — this model call did NOT happen
09:51:17 | run=03ea | CACHE    | HIT       | var_reconcile 87ec4637721d | answer reused — this model call did NOT happen
09:51:17 | run=03ea | CACHE    | HIT       | var_reconcile 41c26be46d24 | answer reused — this model call did NOT happen
09:51:17 | run=03ea | CACHE    | HIT       | var_reconcile ce66b4f9318a | answer reused — this model call did NOT happen
09:51:17 | run=03ea | CACHE    | HIT       | var_reconcile f465c434c801 | answer reused — this model call did NOT happen
09:51:17 | run=03ea | CACHE    | HIT       | var_reconcile e0c1dc38406f | answer reused — this model call did NOT happen
09:51:17 | run=03ea | CACHE    | HIT       | var_reconcile f953d15ab93a | answer reused — this model call did NOT happen
09:53:50 | run=03ea | CACHE    | HIT       | var_reconcile 06f85837f473 | answer reused — this model call did NOT happen
09:53:50 | run=03ea | CACHE    | HIT       | var_reconcile 41c26be46d24 | answer reused — this model call did NOT happen
09:53:50 | run=03ea | CACHE    | HIT       | var_reconcile ce66b4f9318a | answer reused — this model call did NOT happen
09:53:50 | run=03ea | CACHE    | HIT       | var_reconcile f465c434c801 | answer reused — this model call did NOT happen
09:53:50 | run=03ea | CACHE    | HIT       | var_reconcile e0c1dc38406f | answer reused — this model call did NOT happen
09:53:50 | run=03ea | CACHE    | HIT       | var_reconcile f953d15ab93a | answer reused — this model call did NOT happen
09:54:16 | run=03ea | CACHE    | HIT       | var_reconcile 06f85837f473 | answer reused — this model call did NOT happen
09:54:16 | run=03ea | CACHE    | HIT       | var_reconcile 41c26be46d24 | answer reused — this model call did NOT happen
09:54:16 | run=03ea | CACHE    | HIT       | var_reconcile ce66b4f9318a | answer reused — this model call did NOT happen
09:54:16 | run=03ea | CACHE    | HIT       | var_reconcile f465c434c801 | answer reused — this model call did NOT happen
09:54:16 | run=03ea | CACHE    | HIT       | var_reconcile e0c1dc38406f | answer reused — this model call did NOT happen
09:54:16 | run=03ea | CACHE    | HIT       | var_reconcile f953d15ab93a | answer reused — this model call did NOT happen
09:54:31 | run=03ea | CACHE    | HIT       | var_reconcile 06f85837f473 | answer reused — this model call did NOT happen
09:54:31 | run=03ea | CACHE    | HIT       | var_reconcile 41c26be46d24 | answer reused — this model call did NOT happen
09:54:31 | run=03ea | CACHE    | HIT       | var_reconcile ce66b4f9318a | answer reused — this model call did NOT happen
09:54:31 | run=03ea | CACHE    | HIT       | var_reconcile f465c434c801 | answer reused — this model call did NOT happen
09:54:31 | run=03ea | CACHE    | HIT       | var_reconcile e0c1dc38406f | answer reused — this model call did NOT happen
09:54:31 | run=03ea | CACHE    | HIT       | var_reconcile f953d15ab93a | answer reused — this model call did NOT happen
09:55:02 | run=03ea | CACHE    | HIT       | var_reconcile 06f85837f473 | answer reused — this model call did NOT happen
09:55:02 | run=03ea | CACHE    | HIT       | var_reconcile 41c26be46d24 | answer reused — this model call did NOT happen
09:55:02 | run=03ea | CACHE    | HIT       | var_reconcile ce66b4f9318a | answer reused — this model call did NOT happen
09:55:02 | run=03ea | CACHE    | HIT       | var_reconcile f465c434c801 | answer reused — this model call did NOT happen
09:55:02 | run=03ea | CACHE    | HIT       | var_reconcile e0c1dc38406f | answer reused — this model call did NOT happen
09:55:02 | run=03ea | CACHE    | HIT       | var_reconcile f953d15ab93a | answer reused — this model call did NOT happen
09:56:03 | run=03ea | CACHE    | HIT       | var_reconcile 06f85837f473 | answer reused — this model call did NOT happen
09:56:03 | run=03ea | CACHE    | HIT       | var_reconcile 41c26be46d24 | answer reused — this model call did NOT happen
09:56:03 | run=03ea | CACHE    | HIT       | var_reconcile ce66b4f9318a | answer reused — this model call did NOT happen
09:56:03 | run=03ea | CACHE    | HIT       | var_reconcile f465c434c801 | answer reused — this model call did NOT happen
09:56:03 | run=03ea | CACHE    | HIT       | var_reconcile e0c1dc38406f | answer reused — this model call did NOT happen
09:56:03 | run=03ea | CACHE    | HIT       | var_reconcile f953d15ab93a | answer reused — this model call did NOT happen
09:56:09 | run=03ea | CACHE    | HIT       | var_reconcile 06f85837f473 | answer reused — this model call did NOT happen
09:56:09 | run=03ea | CACHE    | HIT       | var_reconcile 41c26be46d24 | answer reused — this model call did NOT happen
09:56:09 | run=03ea | CACHE    | HIT       | var_reconcile ce66b4f9318a | answer reused — this model call did NOT happen
09:56:09 | run=03ea | CACHE    | HIT       | var_reconcile f465c434c801 | answer reused — this model call did NOT happen
09:56:09 | run=03ea | CACHE    | HIT       | var_reconcile e0c1dc38406f | answer reused — this model call did NOT happen
09:56:09 | run=03ea | CACHE    | HIT       | var_reconcile f953d15ab93a | answer reused — this model call did NOT happen
